<?xml version="1.0" encoding="UTF-8"?>
<ProblemSet initial_sequence="0" selection_algorithm="sequential" max_count="1000" description="Uses images to demonstrate ratios and asks student to determine corresponding fractions, percents, and decimals." max_repeat="1" label="8.11 Percents Review" team_size="1" name="8.11" picture="">
  <Problems>
    <Problem selection_features="" problem_file="1.brd" description="10 x 10 shapes" student_interface="8_11.swf" label="10 x 10 shapes" name="01" student_interface_class="" tutor_flag="tutor" team_role="0">
      <Skills>
        <Skill category="6-36_Fraction_Division" occurrences="1" name="Enter-As-Percent"/>
        <Skill category="6-36_Fraction_Division" occurrences="1" name="Enter-As-Decimal"/>
        <Skill category="Fractions-Decimals-Percents" occurrences="4" name="Enter-As-Decimal"/>
        <Skill category="Fractions-Decimals-Percents" occurrences="4" name="Enter-As-Percent"/>
        <Skill category="Fractions-Decimals-Percents" occurrences="4" name="Enter-Reduced-Fraction"/>
        <Skill category="Fractions-Decimals-Percents" occurrences="4" name="Count-Total-Items"/>
        <Skill category="Fractions-Decimals-Percents" occurrences="4" name="Count-Target-Items"/>
        <Skill category="Fractions-Decimals-Percents" occurrences="4" name="Enter-Unreduced-Ratio"/>
        <Skill category="Fractions-Decimals-Percents" occurrences="4" name="Enter-As-Fraction-Out-100"/>
      </Skills>
    </Problem>
    <Problem selection_features="" problem_file="2.brd" description="10 x 10 shapes" student_interface="8_11.swf" label="10 x 10 shapes" name="02" student_interface_class="" tutor_flag="tutor" team_role="0">
      <Skills>
        <Skill category="6-36_Fraction_Division" occurrences="1" name="Enter-As-Percent"/>
        <Skill category="6-36_Fraction_Division" occurrences="1" name="Enter-As-Decimal"/>
        <Skill category="Fractions-Decimals-Percents" occurrences="4" name="Enter-As-Decimal"/>
        <Skill category="Fractions-Decimals-Percents" occurrences="4" name="Enter-As-Percent"/>
        <Skill category="Fractions-Decimals-Percents" occurrences="4" name="Enter-Reduced-Fraction"/>
        <Skill category="Fractions-Decimals-Percents" occurrences="4" name="Count-Total-Items"/>
        <Skill category="Fractions-Decimals-Percents" occurrences="4" name="Count-Target-Items"/>
        <Skill category="Fractions-Decimals-Percents" occurrences="4" name="Enter-Unreduced-Ratio"/>
        <Skill category="Fractions-Decimals-Percents" occurrences="4" name="Enter-As-Fraction-Out-100"/>
      </Skills>
    </Problem>
    <Problem selection_features="" problem_file="3.brd" description="2 x 5 shapes" student_interface="8_11.swf" label="2 x 5 shapes" name="03" student_interface_class="" tutor_flag="tutor" team_role="0">
      <Skills>
        <Skill category="6-36_Fraction_Division" occurrences="1" name="Enter-As-Percent"/>
        <Skill category="6-36_Fraction_Division" occurrences="1" name="Enter-As-Decimal"/>
        <Skill category="Fractions-Decimals-Percents" occurrences="4" name="Enter-As-Decimal"/>
        <Skill category="Fractions-Decimals-Percents" occurrences="4" name="Enter-As-Percent"/>
        <Skill category="Fractions-Decimals-Percents" occurrences="4" name="Enter-Reduced-Fraction"/>
        <Skill category="Fractions-Decimals-Percents" occurrences="4" name="Count-Total-Items"/>
        <Skill category="Fractions-Decimals-Percents" occurrences="4" name="Count-Target-Items"/>
        <Skill category="Fractions-Decimals-Percents" occurrences="4" name="Enter-Unreduced-Ratio"/>
        <Skill category="Fractions-Decimals-Percents" occurrences="4" name="Enter-As-Fraction-Out-100"/>
      </Skills>
    </Problem>
    <Problem selection_features="" problem_file="4.brd" description="Graph1" student_interface="8_11.swf" label="Graph1" name="04" student_interface_class="" tutor_flag="tutor" team_role="0">
      <Skills>
        <Skill category="6-36_Fraction_Division" occurrences="1" name="Enter-As-Percent"/>
        <Skill category="6-36_Fraction_Division" occurrences="1" name="Enter-As-Decimal"/>
        <Skill category="Fractions-Decimals-Percents" occurrences="4" name="Enter-As-Decimal"/>
        <Skill category="Fractions-Decimals-Percents" occurrences="4" name="Enter-As-Percent"/>
        <Skill category="Fractions-Decimals-Percents" occurrences="4" name="Enter-Reduced-Fraction"/>
        <Skill category="Fractions-Decimals-Percents" occurrences="4" name="Count-Total-Items"/>
        <Skill category="Fractions-Decimals-Percents" occurrences="4" name="Count-Target-Items"/>
        <Skill category="Fractions-Decimals-Percents" occurrences="4" name="Enter-Unreduced-Ratio"/>
        <Skill category="Fractions-Decimals-Percents" occurrences="4" name="Enter-As-Fraction-Out-100"/>
      </Skills>
    </Problem>
    <Problem selection_features="" problem_file="5.brd" description="5 x 4 shapes" student_interface="8_11.swf" label="5 x 4 shapes" name="05" student_interface_class="" tutor_flag="tutor" team_role="0">
      <Skills>
        <Skill category="6-36_Fraction_Division" occurrences="1" name="Enter-As-Percent"/>
        <Skill category="6-36_Fraction_Division" occurrences="1" name="Enter-As-Decimal"/>
        <Skill category="Fractions-Decimals-Percents" occurrences="4" name="Enter-As-Decimal"/>
        <Skill category="Fractions-Decimals-Percents" occurrences="4" name="Enter-As-Percent"/>
        <Skill category="Fractions-Decimals-Percents" occurrences="4" name="Enter-Reduced-Fraction"/>
        <Skill category="Fractions-Decimals-Percents" occurrences="4" name="Count-Total-Items"/>
        <Skill category="Fractions-Decimals-Percents" occurrences="4" name="Count-Target-Items"/>
        <Skill category="Fractions-Decimals-Percents" occurrences="4" name="Enter-Unreduced-Ratio"/>
        <Skill category="Fractions-Decimals-Percents" occurrences="4" name="Enter-As-Fraction-Out-100"/>
      </Skills>
    </Problem>
    <Problem selection_features="" problem_file="circle1.brd" description="Sally's Day" student_interface="8_11.swf" label="Sally's Day" name="6 Sally's Day" student_interface_class="" tutor_flag="tutor" team_role="0">
      <Skills>
        <Skill category="6-36_Fraction_Division" occurrences="1" name="Enter-As-Percent"/>
        <Skill category="6-36_Fraction_Division" occurrences="1" name="Enter-As-Decimal"/>
        <Skill category="Fractions-Decimals-Percents" occurrences="4" name="Enter-As-Decimal"/>
        <Skill category="Fractions-Decimals-Percents" occurrences="4" name="Enter-As-Percent"/>
        <Skill category="Fractions-Decimals-Percents" occurrences="4" name="Enter-Reduced-Fraction"/>
        <Skill category="Fractions-Decimals-Percents" occurrences="4" name="Count-Total-Items"/>
        <Skill category="Fractions-Decimals-Percents" occurrences="4" name="Count-Target-Items"/>
        <Skill category="Fractions-Decimals-Percents" occurrences="4" name="Enter-Unreduced-Ratio"/>
        <Skill category="Fractions-Decimals-Percents" occurrences="4" name="Enter-As-Fraction-Out-100"/>
      </Skills>
    </Problem>
    <Problem selection_features="" problem_file="6.brd" description="5 x 5 shapes" student_interface="8_11.swf" label="5 x 5 shapes" name="07" student_interface_class="" tutor_flag="tutor" team_role="0">
      <Skills>
        <Skill category="6-36_Fraction_Division" occurrences="1" name="Enter-As-Percent"/>
        <Skill category="6-36_Fraction_Division" occurrences="1" name="Enter-As-Decimal"/>
        <Skill category="Fractions-Decimals-Percents" occurrences="4" name="Enter-As-Decimal"/>
        <Skill category="Fractions-Decimals-Percents" occurrences="4" name="Enter-As-Percent"/>
        <Skill category="Fractions-Decimals-Percents" occurrences="4" name="Enter-Reduced-Fraction"/>
        <Skill category="Fractions-Decimals-Percents" occurrences="4" name="Count-Total-Items"/>
        <Skill category="Fractions-Decimals-Percents" occurrences="4" name="Count-Target-Items"/>
        <Skill category="Fractions-Decimals-Percents" occurrences="4" name="Enter-Unreduced-Ratio"/>
        <Skill category="Fractions-Decimals-Percents" occurrences="4" name="Enter-As-Fraction-Out-100"/>
      </Skills>
    </Problem>
    <Problem selection_features="" problem_file="7.brd" description="Graph2" student_interface="8_11.swf" label="Graph2" name="08" student_interface_class="" tutor_flag="tutor" team_role="0">
      <Skills>
        <Skill category="6-36_Fraction_Division" occurrences="1" name="Enter-As-Percent"/>
        <Skill category="6-36_Fraction_Division" occurrences="1" name="Enter-As-Decimal"/>
        <Skill category="Fractions-Decimals-Percents" occurrences="4" name="Enter-As-Decimal"/>
        <Skill category="Fractions-Decimals-Percents" occurrences="4" name="Enter-As-Percent"/>
        <Skill category="Fractions-Decimals-Percents" occurrences="4" name="Enter-Reduced-Fraction"/>
        <Skill category="Fractions-Decimals-Percents" occurrences="4" name="Count-Total-Items"/>
        <Skill category="Fractions-Decimals-Percents" occurrences="4" name="Count-Target-Items"/>
        <Skill category="Fractions-Decimals-Percents" occurrences="4" name="Enter-Unreduced-Ratio"/>
        <Skill category="Fractions-Decimals-Percents" occurrences="4" name="Enter-As-Fraction-Out-100"/>
      </Skills>
    </Problem>
    <Problem selection_features="" problem_file="8.brd" description="5 x 8 shapes" student_interface="8_11.swf" label="5 x 8 shapes" name="09" student_interface_class="" tutor_flag="tutor" team_role="0">
      <Skills>
        <Skill category="6-36_Fraction_Division" occurrences="1" name="Enter-As-Percent"/>
        <Skill category="6-36_Fraction_Division" occurrences="1" name="Enter-As-Decimal"/>
        <Skill category="Fractions-Decimals-Percents" occurrences="4" name="Enter-As-Decimal"/>
        <Skill category="Fractions-Decimals-Percents" occurrences="4" name="Enter-As-Percent"/>
        <Skill category="Fractions-Decimals-Percents" occurrences="4" name="Enter-Reduced-Fraction"/>
        <Skill category="Fractions-Decimals-Percents" occurrences="4" name="Count-Total-Items"/>
        <Skill category="Fractions-Decimals-Percents" occurrences="4" name="Count-Target-Items"/>
        <Skill category="Fractions-Decimals-Percents" occurrences="4" name="Enter-Unreduced-Ratio"/>
        <Skill category="Fractions-Decimals-Percents" occurrences="4" name="Enter-As-Fraction-Out-100"/>
      </Skills>
    </Problem>
    <Problem selection_features="" problem_file="9.brd" description="Graph3" student_interface="8_11.swf" label="Graph3" name="10" student_interface_class="" tutor_flag="tutor" team_role="0">
      <Skills>
        <Skill category="6-36_Fraction_Division" occurrences="1" name="Enter-As-Percent"/>
        <Skill category="6-36_Fraction_Division" occurrences="1" name="Enter-As-Decimal"/>
        <Skill category="Fractions-Decimals-Percents" occurrences="4" name="Enter-As-Decimal"/>
        <Skill category="Fractions-Decimals-Percents" occurrences="4" name="Enter-As-Percent"/>
        <Skill category="Fractions-Decimals-Percents" occurrences="4" name="Enter-Reduced-Fraction"/>
        <Skill category="Fractions-Decimals-Percents" occurrences="4" name="Count-Total-Items"/>
        <Skill category="Fractions-Decimals-Percents" occurrences="4" name="Count-Target-Items"/>
        <Skill category="Fractions-Decimals-Percents" occurrences="4" name="Enter-Unreduced-Ratio"/>
        <Skill category="Fractions-Decimals-Percents" occurrences="4" name="Enter-As-Fraction-Out-100"/>
      </Skills>
    </Problem>
    <Problem selection_features="" problem_file="circle2.brd" description="2-part Pizza" student_interface="8_11.swf" label="2-part Pizza" name="11 2-Part Pizza" student_interface_class="" tutor_flag="tutor" team_role="0">
      <Skills>
        <Skill category="6-36_Fraction_Division" occurrences="1" name="Enter-As-Percent"/>
        <Skill category="6-36_Fraction_Division" occurrences="1" name="Enter-As-Decimal"/>
        <Skill category="Fractions-Decimals-Percents" occurrences="4" name="Enter-As-Decimal"/>
        <Skill category="Fractions-Decimals-Percents" occurrences="4" name="Enter-As-Percent"/>
        <Skill category="Fractions-Decimals-Percents" occurrences="4" name="Enter-Reduced-Fraction"/>
        <Skill category="Fractions-Decimals-Percents" occurrences="4" name="Count-Total-Items"/>
        <Skill category="Fractions-Decimals-Percents" occurrences="4" name="Count-Target-Items"/>
        <Skill category="Fractions-Decimals-Percents" occurrences="4" name="Enter-Unreduced-Ratio"/>
        <Skill category="Fractions-Decimals-Percents" occurrences="4" name="Enter-As-Fraction-Out-100"/>
      </Skills>
    </Problem>
    <Problem selection_features="" problem_file="10.brd" description="10 x 5 shapes" student_interface="8_11.swf" label="10 x 5 shapes" name="12" student_interface_class="" tutor_flag="tutor" team_role="0">
      <Skills>
        <Skill category="6-36_Fraction_Division" occurrences="1" name="Enter-As-Percent"/>
        <Skill category="6-36_Fraction_Division" occurrences="1" name="Enter-As-Decimal"/>
        <Skill category="Fractions-Decimals-Percents" occurrences="4" name="Enter-As-Decimal"/>
        <Skill category="Fractions-Decimals-Percents" occurrences="4" name="Enter-As-Percent"/>
        <Skill category="Fractions-Decimals-Percents" occurrences="4" name="Enter-Reduced-Fraction"/>
        <Skill category="Fractions-Decimals-Percents" occurrences="4" name="Count-Total-Items"/>
        <Skill category="Fractions-Decimals-Percents" occurrences="4" name="Count-Target-Items"/>
        <Skill category="Fractions-Decimals-Percents" occurrences="4" name="Enter-Unreduced-Ratio"/>
        <Skill category="Fractions-Decimals-Percents" occurrences="4" name="Enter-As-Fraction-Out-100"/>
      </Skills>
    </Problem>
    <Problem selection_features="" problem_file="11.brd" description="5 x 10 shapes" student_interface="8_11.swf" label="5 x 10 shapes" name="13" student_interface_class="" tutor_flag="tutor" team_role="0">
      <Skills>
        <Skill category="6-36_Fraction_Division" occurrences="1" name="Enter-As-Percent"/>
        <Skill category="6-36_Fraction_Division" occurrences="1" name="Enter-As-Decimal"/>
        <Skill category="Fractions-Decimals-Percents" occurrences="4" name="Enter-As-Decimal"/>
        <Skill category="Fractions-Decimals-Percents" occurrences="4" name="Enter-As-Percent"/>
        <Skill category="Fractions-Decimals-Percents" occurrences="4" name="Enter-Reduced-Fraction"/>
        <Skill category="Fractions-Decimals-Percents" occurrences="4" name="Count-Total-Items"/>
        <Skill category="Fractions-Decimals-Percents" occurrences="4" name="Count-Target-Items"/>
        <Skill category="Fractions-Decimals-Percents" occurrences="4" name="Enter-Unreduced-Ratio"/>
        <Skill category="Fractions-Decimals-Percents" occurrences="4" name="Enter-As-Fraction-Out-100"/>
      </Skills>
    </Problem>
    <Problem selection_features="" problem_file="12.brd" description="1 x 5 shapes" student_interface="8_11.swf" label="1 x 5 shapes" name="14" student_interface_class="" tutor_flag="tutor" team_role="0">
      <Skills>
        <Skill category="6-36_Fraction_Division" occurrences="1" name="Enter-As-Percent"/>
        <Skill category="6-36_Fraction_Division" occurrences="1" name="Enter-As-Decimal"/>
        <Skill category="Fractions-Decimals-Percents" occurrences="4" name="Enter-As-Decimal"/>
        <Skill category="Fractions-Decimals-Percents" occurrences="4" name="Enter-As-Percent"/>
        <Skill category="Fractions-Decimals-Percents" occurrences="4" name="Enter-Reduced-Fraction"/>
        <Skill category="Fractions-Decimals-Percents" occurrences="4" name="Count-Total-Items"/>
        <Skill category="Fractions-Decimals-Percents" occurrences="4" name="Count-Target-Items"/>
        <Skill category="Fractions-Decimals-Percents" occurrences="4" name="Enter-Unreduced-Ratio"/>
        <Skill category="Fractions-Decimals-Percents" occurrences="4" name="Enter-As-Fraction-Out-100"/>
      </Skills>
    </Problem>
    <Problem selection_features="" problem_file="13.brd" description="8 x 10 shapes" student_interface="8_11.swf" label="8 x 10 shapes" name="15" student_interface_class="" tutor_flag="tutor" team_role="0">
      <Skills>
        <Skill category="6-36_Fraction_Division" occurrences="1" name="Enter-As-Percent"/>
        <Skill category="6-36_Fraction_Division" occurrences="1" name="Enter-As-Decimal"/>
        <Skill category="Fractions-Decimals-Percents" occurrences="4" name="Enter-As-Decimal"/>
        <Skill category="Fractions-Decimals-Percents" occurrences="4" name="Enter-As-Percent"/>
        <Skill category="Fractions-Decimals-Percents" occurrences="4" name="Enter-Reduced-Fraction"/>
        <Skill category="Fractions-Decimals-Percents" occurrences="4" name="Count-Total-Items"/>
        <Skill category="Fractions-Decimals-Percents" occurrences="4" name="Count-Target-Items"/>
        <Skill category="Fractions-Decimals-Percents" occurrences="4" name="Enter-Unreduced-Ratio"/>
        <Skill category="Fractions-Decimals-Percents" occurrences="4" name="Enter-As-Fraction-Out-100"/>
      </Skills>
    </Problem>
    <Problem selection_features="" problem_file="14.brd" description="8 x 10 shapes" student_interface="8_11.swf" label="8 x 10 shapes" name="16" student_interface_class="" tutor_flag="tutor" team_role="0">
      <Skills>
        <Skill category="6-36_Fraction_Division" occurrences="1" name="Enter-As-Percent"/>
        <Skill category="6-36_Fraction_Division" occurrences="1" name="Enter-As-Decimal"/>
        <Skill category="Fractions-Decimals-Percents" occurrences="4" name="Enter-As-Decimal"/>
        <Skill category="Fractions-Decimals-Percents" occurrences="4" name="Enter-As-Percent"/>
        <Skill category="Fractions-Decimals-Percents" occurrences="4" name="Enter-Reduced-Fraction"/>
        <Skill category="Fractions-Decimals-Percents" occurrences="4" name="Count-Total-Items"/>
        <Skill category="Fractions-Decimals-Percents" occurrences="4" name="Count-Target-Items"/>
        <Skill category="Fractions-Decimals-Percents" occurrences="4" name="Enter-Unreduced-Ratio"/>
        <Skill category="Fractions-Decimals-Percents" occurrences="4" name="Enter-As-Fraction-Out-100"/>
      </Skills>
    </Problem>
    <Problem selection_features="" problem_file="circle3.brd" description="Oleg's mother's cake." student_interface="8_11.swf" label="Oleg's mother's cake." name="17 Cake" student_interface_class="" tutor_flag="tutor" team_role="0">
      <Skills>
        <Skill category="6-36_Fraction_Division" occurrences="1" name="Enter-As-Percent"/>
        <Skill category="6-36_Fraction_Division" occurrences="1" name="Enter-As-Decimal"/>
        <Skill category="Fractions-Decimals-Percents" occurrences="4" name="Enter-As-Decimal"/>
        <Skill category="Fractions-Decimals-Percents" occurrences="4" name="Enter-As-Percent"/>
        <Skill category="Fractions-Decimals-Percents" occurrences="4" name="Enter-Reduced-Fraction"/>
        <Skill category="Fractions-Decimals-Percents" occurrences="4" name="Count-Total-Items"/>
        <Skill category="Fractions-Decimals-Percents" occurrences="4" name="Count-Target-Items"/>
        <Skill category="Fractions-Decimals-Percents" occurrences="4" name="Enter-Unreduced-Ratio"/>
        <Skill category="Fractions-Decimals-Percents" occurrences="4" name="Enter-As-Fraction-Out-100"/>
      </Skills>
    </Problem>
  </Problems>
  <Categories>
    <Collection category="" description="Released Problem Sets" parent_category="" label="Released Problem Sets" parent_name="" name="general"/>
    <Standard category="standard" description="PA Assessment Anchors" parent_category="" label="PA Assessment Anchors" parent_name="" name="PA"/>
    <Standard category="standard" description="NCTM Curriculum Focal Points" parent_category="" label="NCTM Curriculum Focal Points" parent_name="" name="NCTM"/>
    <Standard category="standard" description="Common Core Standards" parent_category="" label="Common Core Standards" parent_name="" name="CommonCore"/>
    <Standard category="standard" description="Student Standards" parent_category="" label="Problem Set Categories" parent_name="" name="Student"/>
    <Grade category="" description="6th Grade" parent_category="" label="6th Grade" parent_name="" name="6"/>
    <Grade category="" description="7th Grade" parent_category="" label="7th Grade" parent_name="" name="7"/>
    <Grade category="" description="8th Grade" parent_category="" label="8th Grade" parent_name="" name="8"/>
    <Standard category="reporting_category" description="A. Numbers and Operations" parent_category="standard" label="A. Numbers and Operations" parent_name="PA" name="PA.A"/>
    <Standard category="assessment_anchor" description="A.1. Demonstrate an understanding of numbers, ways of representing numbers, relationships among numbers, and number systems." parent_category="reporting_category" label="A.1. Numbers: Representations, Relationships and Systems" parent_name="PA.A" name="PA.A.1"/>
    <Standard category="strand" description="A. Numbers and Operations" parent_category="standard" label="A. Numbers and Operations" parent_name="NCTM" name="NCTM.A"/>
    <Standard category="grade_level" description="7th Grade" parent_category="standard" label="7th Grade" parent_name="CommonCore" name="CommonCore.7"/>
    <Standard category="strand" description="7.NS. The Number System" parent_category="grade_level" label="7.NS. The Number System" parent_name="CommonCore.7" name="CommonCore.7.NS"/>
    <Standard category="strand" description="Student.Fdpp" parent_category="standard" label="Student.Fdpp" parent_name="Student" name="Student.FDPP"/>
  </Categories>
  <Skills>
    <Skill category="Fractions-Decimals-Percents" pKnown="0.25" description="Count target items" pLearn="0.15" label="Count target items" name="Count-Target-Items" pGuess="0.2" pSlip="0.3"/>
    <Skill category="Fractions-Decimals-Percents" pKnown="0.25" description="Count total items" pLearn="0.15" label="Count total items" name="Count-Total-Items" pGuess="0.2" pSlip="0.3"/>
    <Skill category="6-36_Fraction_Division" pKnown="0.25" description="Enter as decimal" pLearn="0.2" label="Enter as decimal" name="Enter-As-Decimal" pGuess="0.2" pSlip="0.1"/>
    <Skill category="Fractions-Decimals-Percents" pKnown="0.25" description="Enter as decimal" pLearn="0.15" label="Enter as decimal" name="Enter-As-Decimal" pGuess="0.2" pSlip="0.3"/>
    <Skill category="Fractions-Decimals-Percents" pKnown="0.25" description="Enter as fraction out of 100" pLearn="0.15" label="Enter as fraction out of 100" name="Enter-As-Fraction-Out-100" pGuess="0.2" pSlip="0.3"/>
    <Skill category="6-36_Fraction_Division" pKnown="0.25" description="Enter as percent" pLearn="0.2" label="Enter as percent" name="Enter-As-Percent" pGuess="0.2" pSlip="0.1"/>
    <Skill category="Fractions-Decimals-Percents" pKnown="0.25" description="Enter as percent" pLearn="0.15" label="Enter as percent" name="Enter-As-Percent" pGuess="0.2" pSlip="0.3"/>
    <Skill category="Fractions-Decimals-Percents" pKnown="0.25" description="Enter reduced fraction" pLearn="0.15" label="Enter reduced fraction" name="Enter-Reduced-Fraction" pGuess="0.2" pSlip="0.3"/>
    <Skill category="Fractions-Decimals-Percents" pKnown="0.25" description="Enter unreduced ratio" pLearn="0.15" label="Enter unreduced ratio" name="Enter-Unreduced-Ratio" pGuess="0.2" pSlip="0.3"/>
  </Skills>
  <Assets>
  </Assets>
</ProblemSet>
