<?xml version="1.0" encoding="UTF-8"?>
<ProblemSet initial_sequence="0" selection_algorithm="sequential" max_count="1000" description="Student finds all factor pairs for two numbers to determine the greatest common factor of the two numbers." max_repeat="1" label="6.25 Greatest Common Factor" team_size="1" name="6.25" picture="screenshot_full.png">
  <Problems>
    <Problem selection_features="" problem_file="GCF-16_24.brd" description="Use the common factors of 16 and 24 to find the greatest common factor of the two numbers." student_interface="GCF.swf" label="Use the common factors of 16 and 24 to find the greatest common factor of the two numbers." name="GCF-16_24" student_interface_class="" tutor_flag="tutor" team_role="0">
      <Skills>
        <Skill category="GCF" occurrences="10" name="Enter-First-Factor"/>
        <Skill category="GCF" occurrences="10" name="Enter-Second-Factor"/>
        <Skill category="GCF" occurrences="4" name="Identify-Common-Factor"/>
        <Skill category="GCF" occurrences="1" name="Identify-Gcd"/>
      </Skills>
    </Problem>
    <Problem selection_features="" problem_file="GCF-6_28.brd" description="Use the common factors of 6 and 28 to find the greatest common factor of the two numbers." student_interface="GCF.swf" label="Use the common factors of 6 and 28 to find the greatest common factor of the two numbers." name="GCF-6_28" student_interface_class="" tutor_flag="tutor" team_role="0">
      <Skills>
        <Skill category="GCF" occurrences="10" name="Enter-First-Factor"/>
        <Skill category="GCF" occurrences="10" name="Enter-Second-Factor"/>
        <Skill category="GCF" occurrences="4" name="Identify-Common-Factor"/>
        <Skill category="GCF" occurrences="1" name="Identify-Gcd"/>
      </Skills>
    </Problem>
    <Problem selection_features="" problem_file="GCF-8_44.brd" description="Use the common factors of 8 and 44 to find the greatest common factor of the two numbers." student_interface="GCF.swf" label="Use the common factors of 8 and 44 to find the greatest common factor of the two numbers." name="GCF-8_44" student_interface_class="" tutor_flag="tutor" team_role="0">
      <Skills>
        <Skill category="GCF" occurrences="10" name="Enter-First-Factor"/>
        <Skill category="GCF" occurrences="10" name="Enter-Second-Factor"/>
        <Skill category="GCF" occurrences="4" name="Identify-Common-Factor"/>
        <Skill category="GCF" occurrences="1" name="Identify-Gcd"/>
      </Skills>
    </Problem>
    <Problem selection_features="" problem_file="GCF-9_21.brd" description="Use the common factors of 9 and 21 to find the greatest common factor of the two numbers." student_interface="GCF.swf" label="Use the common factors of 9 and 21 to find the greatest common factor of the two numbers." name="GCF-9_21" student_interface_class="" tutor_flag="tutor" team_role="0">
      <Skills>
        <Skill category="GCF" occurrences="10" name="Enter-First-Factor"/>
        <Skill category="GCF" occurrences="10" name="Enter-Second-Factor"/>
        <Skill category="GCF" occurrences="4" name="Identify-Common-Factor"/>
        <Skill category="GCF" occurrences="1" name="Identify-Gcd"/>
      </Skills>
    </Problem>
    <Problem selection_features="" problem_file="GCF-13_26.brd" description="Use the common factors of 13 and 26 to find the greatest common factor of the two numbers." student_interface="GCF.swf" label="Use the common factors of 13 and 26 to find the greatest common factor of the two numbers." name="GCF-13_26" student_interface_class="" tutor_flag="tutor" team_role="0">
      <Skills>
        <Skill category="GCF" occurrences="10" name="Enter-First-Factor"/>
        <Skill category="GCF" occurrences="10" name="Enter-Second-Factor"/>
        <Skill category="GCF" occurrences="4" name="Identify-Common-Factor"/>
        <Skill category="GCF" occurrences="1" name="Identify-Gcd"/>
      </Skills>
    </Problem>
    <Problem selection_features="" problem_file="GCF-15_45.brd" description="Use the common factors of 15 and 45 to find the greatest common factor of the two numbers." student_interface="GCF.swf" label="Use the common factors of 15 and 45 to find the greatest common factor of the two numbers." name="GCF-15_45" student_interface_class="" tutor_flag="tutor" team_role="0">
      <Skills>
        <Skill category="GCF" occurrences="10" name="Enter-First-Factor"/>
        <Skill category="GCF" occurrences="10" name="Enter-Second-Factor"/>
        <Skill category="GCF" occurrences="4" name="Identify-Common-Factor"/>
        <Skill category="GCF" occurrences="1" name="Identify-Gcd"/>
      </Skills>
    </Problem>
    <Problem selection_features="" problem_file="GCF-18_24.brd" description="Use the common factors of 18 and 24 to find the greatest common factor of the two numbers." student_interface="GCF.swf" label="Use the common factors of 18 and 24 to find the greatest common factor of the two numbers." name="GCF-18_24" student_interface_class="" tutor_flag="tutor" team_role="0">
      <Skills>
        <Skill category="GCF" occurrences="10" name="Enter-First-Factor"/>
        <Skill category="GCF" occurrences="10" name="Enter-Second-Factor"/>
        <Skill category="GCF" occurrences="4" name="Identify-Common-Factor"/>
        <Skill category="GCF" occurrences="1" name="Identify-Gcd"/>
      </Skills>
    </Problem>
    <Problem selection_features="" problem_file="GCF-20_30.brd" description="Use the common factors of 20 and 30 to find the greatest common factor of the two numbers." student_interface="GCF.swf" label="Use the common factors of 20 and 30 to find the greatest common factor of the two numbers." name="GCF-20_30" student_interface_class="" tutor_flag="tutor" team_role="0">
      <Skills>
        <Skill category="GCF" occurrences="10" name="Enter-First-Factor"/>
        <Skill category="GCF" occurrences="10" name="Enter-Second-Factor"/>
        <Skill category="GCF" occurrences="4" name="Identify-Common-Factor"/>
        <Skill category="GCF" occurrences="1" name="Identify-Gcd"/>
      </Skills>
    </Problem>
    <Problem selection_features="" problem_file="GCF-25_75.brd" description="Use the common factors of 25 and 75 to find the greatest common factor of the two numbers." student_interface="GCF.swf" label="Use the common factors of 25 and 75 to find the greatest common factor of the two numbers." name="GCF-25_75" student_interface_class="" tutor_flag="tutor" team_role="0">
      <Skills>
        <Skill category="GCF" occurrences="10" name="Enter-First-Factor"/>
        <Skill category="GCF" occurrences="10" name="Enter-Second-Factor"/>
        <Skill category="GCF" occurrences="4" name="Identify-Common-Factor"/>
        <Skill category="GCF" occurrences="1" name="Identify-Gcd"/>
      </Skills>
    </Problem>
    <Problem selection_features="" problem_file="GCF-27_45.brd" description="Use the common factors of 27 and 45 to find the greatest common factor of the two numbers." student_interface="GCF.swf" label="Use the common factors of 27 and 45 to find the greatest common factor of the two numbers." name="GCF-27_45" student_interface_class="" tutor_flag="tutor" team_role="0">
      <Skills>
        <Skill category="GCF" occurrences="10" name="Enter-First-Factor"/>
        <Skill category="GCF" occurrences="10" name="Enter-Second-Factor"/>
        <Skill category="GCF" occurrences="4" name="Identify-Common-Factor"/>
        <Skill category="GCF" occurrences="1" name="Identify-Gcd"/>
      </Skills>
    </Problem>
    <Problem selection_features="" problem_file="GCF-30_56.brd" description="Use the common factors of 30 and 56 to find the greatest common factor of the two numbers." student_interface="GCF.swf" label="Use the common factors of 30 and 56 to find the greatest common factor of the two numbers." name="GCF-30_56" student_interface_class="" tutor_flag="tutor" team_role="0">
      <Skills>
        <Skill category="GCF" occurrences="10" name="Enter-First-Factor"/>
        <Skill category="GCF" occurrences="10" name="Enter-Second-Factor"/>
        <Skill category="GCF" occurrences="4" name="Identify-Common-Factor"/>
        <Skill category="GCF" occurrences="1" name="Identify-Gcd"/>
      </Skills>
    </Problem>
    <Problem selection_features="" problem_file="GCF-36_39.brd" description="Use the common factors of 36 and 39 to find the greatest common factor of the two numbers." student_interface="GCF.swf" label="Use the common factors of 36 and 39 to find the greatest common factor of the two numbers." name="GCF-36_39" student_interface_class="" tutor_flag="tutor" team_role="0">
      <Skills>
        <Skill category="GCF" occurrences="10" name="Enter-First-Factor"/>
        <Skill category="GCF" occurrences="10" name="Enter-Second-Factor"/>
        <Skill category="GCF" occurrences="4" name="Identify-Common-Factor"/>
        <Skill category="GCF" occurrences="1" name="Identify-Gcd"/>
      </Skills>
    </Problem>
  </Problems>
  <Categories>
    <Collection category="" description="Released Problem Sets" parent_category="" label="Released Problem Sets" parent_name="" name="general"/>
    <Standard category="standard" description="PA Assessment Anchors" parent_category="" label="PA Assessment Anchors" parent_name="" name="PA"/>
    <Standard category="standard" description="NCTM Curriculum Focal Points" parent_category="" label="NCTM Curriculum Focal Points" parent_name="" name="NCTM"/>
    <Standard category="standard" description="Common Core Standards" parent_category="" label="Common Core Standards" parent_name="" name="CommonCore"/>
    <Standard category="standard" description="Student Standards" parent_category="" label="Problem Set Categories" parent_name="" name="Student"/>
    <Grade category="" description="6th Grade" parent_category="" label="6th Grade" parent_name="" name="6"/>
    <Standard category="reporting_category" description="A. Numbers and Operations" parent_category="standard" label="A. Numbers and Operations" parent_name="PA" name="PA.A"/>
    <Standard category="assessment_anchor" description="A.1. Demonstrate an understanding of numbers, ways of representing numbers, relationships among numbers, and number systems." parent_category="reporting_category" label="A.1. Numbers: Representations, Relationships and Systems" parent_name="PA.A" name="PA.A.1"/>
    <Standard category="strand" description="A. Numbers and Operations" parent_category="standard" label="A. Numbers and Operations" parent_name="NCTM" name="NCTM.A"/>
    <Standard category="grade_level" description="6th Grade" parent_category="standard" label="6th Grade" parent_name="CommonCore" name="CommonCore.6"/>
    <Standard category="strand" description="6.NS. The Number System" parent_category="grade_level" label="6.NS. The Number System" parent_name="CommonCore.6" name="CommonCore.6.NS"/>
    <Standard category="strand" description="Working with Fractions" parent_category="standard" label="Working with Fractions" parent_name="Student" name="Student.WF"/>
  </Categories>
  <Skills>
    <Skill category="GCF" pKnown="0.25" description="Enter first factor" pLearn="0.2" label="Enter first factor" name="Enter-First-Factor" pGuess="0.2" pSlip="0.1"/>
    <Skill category="GCF" pKnown="0.25" description="Enter second factor" pLearn="0.2" label="Enter second factor" name="Enter-Second-Factor" pGuess="0.2" pSlip="0.1"/>
    <Skill category="GCF" pKnown="0.25" description="Identify common factor" pLearn="0.2" label="Identify common factor" name="Identify-Common-Factor" pGuess="0.2" pSlip="0.1"/>
    <Skill category="GCF" pKnown="0.25" description="Identify greatest common factor" pLearn="0.2" label="Identify greatest common factor" name="Identify-Gcd" pGuess="0.2" pSlip="0.1"/>
  </Skills>
  <Assets>
  </Assets>
</ProblemSet>
