<?xml version="1.0" encoding="UTF-8"?>
<ProblemSet initial_sequence="0" selection_algorithm="sequential" max_count="1000" description="Student is asked to determine independent and dependent quantities based on a word problem, plot points on a graph, draw a line connecting those points, and use the answers to determine the graph's linear equation in slope-intercept form." max_repeat="1" label="7.10 Equations, Graphs, and Negative Slope" team_size="1" name="7.10" picture="">
  <Problems>
    <Problem selection_features="" problem_file="01negativeslope.brd" description="01grapher" student_interface="grapher.swf" label="01grapher" name="01 Standing In Line" student_interface_class="" tutor_flag="tutor" team_role="0">
      <Skills>
        <Skill category="7_10_negative_slopes" occurrences="1" name="determine_x_off_point"/>
        <Skill category="7_10_negative_slopes" occurrences="1" name="calculate_y_given_x"/>
        <Skill category="7_10_negative_slopes" occurrences="1" name="find_equation_with_negative_slope"/>
        <Skill category="7_10_negative_slopes" occurrences="1" name="plot_points_on_line_given_y"/>
        <Skill category="7_10_negative_slopes" occurrences="4" name="name_units"/>
        <Skill category="7_10_negative_slopes" occurrences="1" name="plot_liniar_curve"/>
        <Skill category="7_10_negative_slopes" occurrences="1" name="plot_points_given_coords"/>
        <Skill category="7_10_negative_slopes" occurrences="4" name="name_quantities"/>
      </Skills>
    </Problem>
    <Problem selection_features="" problem_file="02negativeslope.brd" description="02grapher" student_interface="grapher.swf" label="02grapher" name="02 Worlds Fastest Elevator" student_interface_class="" tutor_flag="tutor" team_role="0">
      <Skills>
        <Skill category="7_10_negative_slopes" occurrences="1" name="determine_x_off_point"/>
        <Skill category="7_10_negative_slopes" occurrences="1" name="calculate_y_given_x"/>
        <Skill category="7_10_negative_slopes" occurrences="1" name="find_equation_with_negative_slope"/>
        <Skill category="7_10_negative_slopes" occurrences="1" name="plot_points_on_line_given_y"/>
        <Skill category="7_10_negative_slopes" occurrences="4" name="name_units"/>
        <Skill category="7_10_negative_slopes" occurrences="1" name="plot_liniar_curve"/>
        <Skill category="7_10_negative_slopes" occurrences="1" name="plot_points_given_coords"/>
        <Skill category="7_10_negative_slopes" occurrences="4" name="name_quantities"/>
      </Skills>
    </Problem>
    <Problem selection_features="" problem_file="03negativeslope.brd" description="03grapher" student_interface="grapher.swf" label="03grapher" name="03 Paying off Debt" student_interface_class="" tutor_flag="tutor" team_role="0">
      <Skills>
        <Skill category="7_10_negative_slopes" occurrences="1" name="determine_x_off_point"/>
        <Skill category="7_10_negative_slopes" occurrences="1" name="calculate_y_given_x"/>
        <Skill category="7_10_negative_slopes" occurrences="1" name="find_equation_with_negative_slope"/>
        <Skill category="7_10_negative_slopes" occurrences="1" name="plot_points_on_line_given_y"/>
        <Skill category="7_10_negative_slopes" occurrences="4" name="name_units"/>
        <Skill category="7_10_negative_slopes" occurrences="1" name="plot_liniar_curve"/>
        <Skill category="7_10_negative_slopes" occurrences="1" name="plot_points_given_coords"/>
        <Skill category="7_10_negative_slopes" occurrences="4" name="name_quantities"/>
      </Skills>
    </Problem>
    <Problem selection_features="" problem_file="04negativeslope.brd" description="04grapher" student_interface="grapher.swf" label="04grapher" name="04 Text Messaging" student_interface_class="" tutor_flag="tutor" team_role="0">
      <Skills>
        <Skill category="7_10_negative_slopes" occurrences="1" name="determine_x_off_point"/>
        <Skill category="7_10_negative_slopes" occurrences="1" name="calculate_y_given_x"/>
        <Skill category="7_10_negative_slopes" occurrences="1" name="find_equation_with_negative_slope"/>
        <Skill category="7_10_negative_slopes" occurrences="1" name="plot_points_on_line_given_y"/>
        <Skill category="7_10_negative_slopes" occurrences="4" name="name_units"/>
        <Skill category="7_10_negative_slopes" occurrences="1" name="plot_liniar_curve"/>
        <Skill category="7_10_negative_slopes" occurrences="1" name="plot_points_given_coords"/>
        <Skill category="7_10_negative_slopes" occurrences="4" name="name_quantities"/>
      </Skills>
    </Problem>
    <Problem selection_features="" problem_file="05negativeslope.brd" description="05grapher" student_interface="grapher.swf" label="05grapher" name="05 Clothes Factory" student_interface_class="" tutor_flag="tutor" team_role="0">
      <Skills>
        <Skill category="7_10_negative_slopes" occurrences="1" name="determine_x_off_point"/>
        <Skill category="7_10_negative_slopes" occurrences="1" name="calculate_y_given_x"/>
        <Skill category="7_10_negative_slopes" occurrences="1" name="find_equation_with_negative_slope"/>
        <Skill category="7_10_negative_slopes" occurrences="1" name="plot_points_on_line_given_y"/>
        <Skill category="7_10_negative_slopes" occurrences="4" name="name_units"/>
        <Skill category="7_10_negative_slopes" occurrences="1" name="plot_liniar_curve"/>
        <Skill category="7_10_negative_slopes" occurrences="1" name="plot_points_given_coords"/>
        <Skill category="7_10_negative_slopes" occurrences="4" name="name_quantities"/>
      </Skills>
    </Problem>
    <Problem selection_features="" problem_file="06negativeslope.brd" description="06grapher" student_interface="grapher.swf" label="06grapher" name="06 Fall" student_interface_class="" tutor_flag="tutor" team_role="0">
      <Skills>
        <Skill category="7_10_negative_slopes" occurrences="1" name="determine_x_off_point"/>
        <Skill category="7_10_negative_slopes" occurrences="1" name="calculate_y_given_x"/>
        <Skill category="7_10_negative_slopes" occurrences="1" name="find_equation_with_negative_slope"/>
        <Skill category="7_10_negative_slopes" occurrences="1" name="plot_points_on_line_given_y"/>
        <Skill category="7_10_negative_slopes" occurrences="4" name="name_units"/>
        <Skill category="7_10_negative_slopes" occurrences="1" name="plot_liniar_curve"/>
        <Skill category="7_10_negative_slopes" occurrences="1" name="plot_points_given_coords"/>
        <Skill category="7_10_negative_slopes" occurrences="4" name="name_quantities"/>
      </Skills>
    </Problem>
    <Problem selection_features="" problem_file="07negativeslope.brd" description="07grapher" student_interface="grapher.swf" label="07grapher" name="07 Free Fruit" student_interface_class="" tutor_flag="tutor" team_role="0">
      <Skills>
        <Skill category="7_10_negative_slopes" occurrences="1" name="determine_x_off_point"/>
        <Skill category="7_10_negative_slopes" occurrences="1" name="calculate_y_given_x"/>
        <Skill category="7_10_negative_slopes" occurrences="1" name="find_equation_with_negative_slope"/>
        <Skill category="7_10_negative_slopes" occurrences="1" name="plot_points_on_line_given_y"/>
        <Skill category="7_10_negative_slopes" occurrences="4" name="name_units"/>
        <Skill category="7_10_negative_slopes" occurrences="1" name="plot_liniar_curve"/>
        <Skill category="7_10_negative_slopes" occurrences="1" name="plot_points_given_coords"/>
        <Skill category="7_10_negative_slopes" occurrences="4" name="name_quantities"/>
      </Skills>
    </Problem>
    <Problem selection_features="" problem_file="08negativeslope.brd" description="08grapher" student_interface="grapher.swf" label="08grapher" name="08 Secret Spy" student_interface_class="" tutor_flag="tutor" team_role="0">
      <Skills>
        <Skill category="7_10_negative_slopes" occurrences="1" name="determine_x_off_point"/>
        <Skill category="7_10_negative_slopes" occurrences="1" name="calculate_y_given_x"/>
        <Skill category="7_10_negative_slopes" occurrences="1" name="find_equation_with_negative_slope"/>
        <Skill category="7_10_negative_slopes" occurrences="1" name="plot_points_on_line_given_y"/>
        <Skill category="7_10_negative_slopes" occurrences="4" name="name_units"/>
        <Skill category="7_10_negative_slopes" occurrences="1" name="plot_liniar_curve"/>
        <Skill category="7_10_negative_slopes" occurrences="1" name="plot_points_given_coords"/>
        <Skill category="7_10_negative_slopes" occurrences="4" name="name_quantities"/>
      </Skills>
    </Problem>
    <Problem selection_features="" problem_file="09negativeslope.brd" description="09grapher" student_interface="grapher.swf" label="09grapher" name="09 Mail" student_interface_class="" tutor_flag="tutor" team_role="0">
      <Skills>
        <Skill category="7_10_negative_slopes" occurrences="1" name="determine_x_off_point"/>
        <Skill category="7_10_negative_slopes" occurrences="1" name="calculate_y_given_x"/>
        <Skill category="7_10_negative_slopes" occurrences="1" name="find_equation_with_negative_slope"/>
        <Skill category="7_10_negative_slopes" occurrences="1" name="plot_points_on_line_given_y"/>
        <Skill category="7_10_negative_slopes" occurrences="4" name="name_units"/>
        <Skill category="7_10_negative_slopes" occurrences="1" name="plot_liniar_curve"/>
        <Skill category="7_10_negative_slopes" occurrences="1" name="plot_points_given_coords"/>
        <Skill category="7_10_negative_slopes" occurrences="4" name="name_quantities"/>
      </Skills>
    </Problem>
  </Problems>
  <Categories>
    <Collection category="" description="Released Problem Sets" parent_category="" label="Released Problem Sets" parent_name="" name="general"/>
    <Standard category="standard" description="PA Assessment Anchors" parent_category="" label="PA Assessment Anchors" parent_name="" name="PA"/>
    <Standard category="standard" description="NCTM Curriculum Focal Points" parent_category="" label="NCTM Curriculum Focal Points" parent_name="" name="NCTM"/>
    <Standard category="standard" description="Common Core Standards" parent_category="" label="Common Core Standards" parent_name="" name="CommonCore"/>
    <Standard category="standard" description="Student Standards" parent_category="" label="Problem Set Categories" parent_name="" name="Student"/>
    <Grade category="" description="7th Grade" parent_category="" label="7th Grade" parent_name="" name="7"/>
    <Grade category="" description="8th Grade" parent_category="" label="8th Grade" parent_name="" name="8"/>
    <Standard category="reporting_category" description="D. Algebraic Concepts" parent_category="standard" label="D. Algebraic Concepts" parent_name="PA" name="PA.D"/>
    <Standard category="assessment_anchor" description="D.3. Analyze change in various contexts." parent_category="reporting_category" label="D.3. Analyze Change" parent_name="PA.D" name="PA.D.3"/>
    <Standard category="strand" description="B. Algebra" parent_category="standard" label="B. Algebra" parent_name="NCTM" name="NCTM.B"/>
    <Standard category="grade_level" description="8th Grade" parent_category="standard" label="8th Grade" parent_name="CommonCore" name="CommonCore.8"/>
    <Standard category="strand" description="8.F. Functions" parent_category="grade_level" label="8.F. Functions" parent_name="CommonCore.8" name="CommonCore.8.F"/>
    <Standard category="strand" description="Working with Graphs" parent_category="standard" label="Working with Graphs" parent_name="Student" name="Student.WG"/>
  </Categories>
  <Skills>
    <Skill category="7_10_negative_slopes" pKnown="0.2" description="The student is able to calculate the y-coordinate of a point, given the x-value" pLearn="0.1" label="Calculate y value" name="calculate_y_given_x" pGuess="0.8" pSlip="0.1"/>
    <Skill category="7_10_negative_slopes" pKnown="0.2" description="The student is able to follow a point down to the x-axis to read-off its x-value" pLearn="0.15" label="Determine x coordinate" name="determine_x_off_point" pGuess="0.7" pSlip="0.1"/>
    <Skill category="7_10_negative_slopes" pKnown="0.2" description="The student is able to plot a liniar curve between points on a graph" pLearn="0.2" label="Draw a line" name="plot_liniar_curve" pGuess="0.5" pSlip="0.1"/>
    <Skill category="7_10_negative_slopes" pKnown="0.2" description="The student is able to generate a liniar equation with a negative slope given a cover story and several plotted points" pLearn="0.25" label="Find equation" name="find_equation_with_negative_slope" pGuess="0.2" pSlip="0.1"/>
    <Skill category="7_10_negative_slopes" pKnown="0.05" description="The student is able to derive the dependant and independent quantities from a cover story" pLearn="0.2" label="Name quantities" name="name_quantities" pGuess="0.8" pSlip="0.1"/>
    <Skill category="7_10_negative_slopes" pKnown="0.2" description="The student is able to define units for the quantities" pLearn="0.05" label="Name units" name="name_units" pGuess="0.8" pSlip="0.1"/>
    <Skill category="7_10_negative_slopes" pKnown="0.2" description="The student is able to find a point on a 2D graph given the coordinates" pLearn="0.1" label="Plot point given coords" name="plot_points_given_coords" pGuess="0.5" pSlip="0.1"/>
    <Skill category="7_10_negative_slopes" pKnown="0.2" description="The student is able to find a point on a liniar curve given the Y-value" pLearn="0.15" label="Plot point on line" name="plot_points_on_line_given_y" pGuess="0.5" pSlip="0.1"/>
  </Skills>
  <Assets>
  </Assets>
</ProblemSet>
