<?xml version="1.0" encoding="UTF-8"?>
<ProblemSet initial_sequence="0" selection_algorithm="sequential" max_count="1000" description="Given a contextual problem, student will use number lines to compare two fractions." max_repeat="1" label="6.20 Fraction Ordering" team_size="1" name="6.20" picture="">
  <Problems>
    <Problem selection_features="" problem_file="01book.brd" description="Levar and Laura are reading a novel as a class assignment." student_interface="6_20.swf" label="Levar and Laura are reading a novel as a class assignment." name="01 Reading Assignment" student_interface_class="" tutor_flag="tutor" team_role="0">
      <Skills>
        <Skill category="6-17_Fraction_Identification" occurrences="2" name="DivNumLine"/>
        <Skill category="6-17_Fraction_Identification" occurrences="1" name="FracLess1"/>
        <Skill category="6-20_Fraction_Ordering" occurrences="1" name="compFrac"/>
        <Skill category="6-17_Fraction_Identification" occurrences="2" name="FindValueNumLine"/>
      </Skills>
    </Problem>
    <Problem selection_features="" problem_file="02cheese.brd" description="Kati and Franklin each brought a piece of cheese to the school picnic." student_interface="6_20.swf" label="Kati and Franklin each brought a piece of cheese to the school picnic." name="02 Cheese" student_interface_class="" tutor_flag="tutor" team_role="0">
      <Skills>
        <Skill category="6-17_Fraction_Identification" occurrences="2" name="DivNumLine"/>
        <Skill category="6-17_Fraction_Identification" occurrences="1" name="FracLess1"/>
        <Skill category="6-20_Fraction_Ordering" occurrences="1" name="compFrac"/>
        <Skill category="6-17_Fraction_Identification" occurrences="2" name="FindValueNumLine"/>
      </Skills>
    </Problem>
    <Problem selection_features="" problem_file="03chain.brd" description="Daryl and Rashad are making paper chains." student_interface="6_20.swf" label="Daryl and Rashad are making paper chains." name="03 Paper Chain" student_interface_class="" tutor_flag="tutor" team_role="0">
      <Skills>
        <Skill category="6-17_Fraction_Identification" occurrences="2" name="DivNumLine"/>
        <Skill category="6-17_Fraction_Identification" occurrences="1" name="FracLess1"/>
        <Skill category="6-20_Fraction_Ordering" occurrences="1" name="compFrac"/>
        <Skill category="6-17_Fraction_Identification" occurrences="2" name="FindValueNumLine"/>
      </Skills>
    </Problem>
    <Problem selection_features="" problem_file="04school.brd" description="Christian and Miranda both go to Carmite Middle School." student_interface="6_20.swf" label="Christian and Miranda both go to Carmite Middle School." name="04 Distance from School" student_interface_class="" tutor_flag="tutor" team_role="0">
      <Skills>
        <Skill category="6-17_Fraction_Identification" occurrences="2" name="DivNumLine"/>
        <Skill category="6-17_Fraction_Identification" occurrences="1" name="FracLess1"/>
        <Skill category="6-20_Fraction_Ordering" occurrences="1" name="compFrac"/>
        <Skill category="6-17_Fraction_Identification" occurrences="2" name="FindValueNumLine"/>
      </Skills>
    </Problem>
    <Problem selection_features="" problem_file="05height.brd" description="Shandell and Nicole are not the same height, but they both grew quite a lot since they started sixth grade this year." student_interface="6_20.swf" label="Shandell and Nicole are not the same height, but they both grew quite a lot since they started sixth grade this year." name="05 Height Comparison" student_interface_class="" tutor_flag="tutor" team_role="0">
      <Skills>
        <Skill category="6-17_Fraction_Identification" occurrences="2" name="DivNumLine"/>
        <Skill category="6-17_Fraction_Identification" occurrences="1" name="FracLess1"/>
        <Skill category="6-20_Fraction_Ordering" occurrences="1" name="compFrac"/>
        <Skill category="6-17_Fraction_Identification" occurrences="2" name="FindValueNumLine"/>
      </Skills>
    </Problem>
    <Problem selection_features="" problem_file="06fence.brd" description="Kewana and Adam are earning money by painting both sides of a fence." student_interface="6_20.swf" label="Kewana and Adam are earning money by painting both sides of a fence." name="06 Fence Painting" student_interface_class="" tutor_flag="tutor" team_role="0">
      <Skills>
        <Skill category="6-17_Fraction_Identification" occurrences="2" name="DivNumLine"/>
        <Skill category="6-17_Fraction_Identification" occurrences="1" name="FracLess1"/>
        <Skill category="6-20_Fraction_Ordering" occurrences="1" name="compFrac"/>
        <Skill category="6-17_Fraction_Identification" occurrences="2" name="FindValueNumLine"/>
      </Skills>
    </Problem>
    <Problem selection_features="" problem_file="07sandwich.brd" description="Lamara and Orlando bought equal-sized fish sandwiches for lunch" student_interface="6_20.swf" label="Lamara and Orlando bought equal-sized fish sandwiches for lunch" name="07 Fish Sandwich" student_interface_class="" tutor_flag="tutor" team_role="0">
      <Skills>
        <Skill category="6-17_Fraction_Identification" occurrences="2" name="DivNumLine"/>
        <Skill category="6-17_Fraction_Identification" occurrences="1" name="FracLess1"/>
        <Skill category="6-20_Fraction_Ordering" occurrences="1" name="compFrac"/>
        <Skill category="6-17_Fraction_Identification" occurrences="2" name="FindValueNumLine"/>
      </Skills>
    </Problem>
    <Problem selection_features="" problem_file="08swim.brd" description="Bethany and John's coach is picking out a faster swimmer for a certian competition." student_interface="6_20.swf" label="Bethany and John's coach is picking out a faster swimmer for a certian competition." name="08 Swimming" student_interface_class="" tutor_flag="tutor" team_role="0">
      <Skills>
        <Skill category="6-17_Fraction_Identification" occurrences="2" name="DivNumLine"/>
        <Skill category="6-17_Fraction_Identification" occurrences="1" name="FracLess1"/>
        <Skill category="6-20_Fraction_Ordering" occurrences="1" name="compFrac"/>
        <Skill category="6-17_Fraction_Identification" occurrences="2" name="FindValueNumLine"/>
      </Skills>
    </Problem>
    <Problem selection_features="" problem_file="09pie.brd" description="Heather and Dave each received a small pie to enjoy." student_interface="6_20.swf" label="Heather and Dave each received a small pie to enjoy." name="09 Pie" student_interface_class="" tutor_flag="tutor" team_role="0">
      <Skills>
        <Skill category="6-17_Fraction_Identification" occurrences="2" name="DivNumLine"/>
        <Skill category="6-17_Fraction_Identification" occurrences="1" name="FracLess1"/>
        <Skill category="6-20_Fraction_Ordering" occurrences="1" name="compFrac"/>
        <Skill category="6-17_Fraction_Identification" occurrences="2" name="FindValueNumLine"/>
      </Skills>
    </Problem>
    <Problem selection_features="" problem_file="10homework.brd" description="Jeff and Shannon are working on their math homework, but Shannon feels Jeff is going ahead too fast without giving any help!" student_interface="6_20.swf" label="Jeff and Shannon are working on their math homework, but Shannon feels Jeff is going ahead too fast without giving any help!" name="10 Math Homework" student_interface_class="" tutor_flag="tutor" team_role="0">
      <Skills>
        <Skill category="6-17_Fraction_Identification" occurrences="2" name="DivNumLine"/>
        <Skill category="6-17_Fraction_Identification" occurrences="1" name="FracLess1"/>
        <Skill category="6-20_Fraction_Ordering" occurrences="1" name="compFrac"/>
        <Skill category="6-17_Fraction_Identification" occurrences="2" name="FindValueNumLine"/>
      </Skills>
    </Problem>
    <Problem selection_features="" problem_file="11pizza.brd" description="Chris and Tracy ordered a pizza for lunch" student_interface="6_20.swf" label="Chris and Tracy ordered a pizza for lunch" name="11 Pizza" student_interface_class="" tutor_flag="tutor" team_role="0">
      <Skills>
        <Skill category="6-17_Fraction_Identification" occurrences="2" name="DivNumLine"/>
        <Skill category="6-17_Fraction_Identification" occurrences="1" name="FracLess1"/>
        <Skill category="6-20_Fraction_Ordering" occurrences="1" name="compFrac"/>
        <Skill category="6-17_Fraction_Identification" occurrences="2" name="FindValueNumLine"/>
      </Skills>
    </Problem>
    <Problem selection_features="" problem_file="12charity.brd" description="A local charity set up a running event for fund raising and a bunch of kids signed up to help." student_interface="6_20.swf" label="A local charity set up a running event for fund raising and a bunch of kids signed up to help." name="12 Charity Fund Raising" student_interface_class="" tutor_flag="tutor" team_role="0">
      <Skills>
        <Skill category="6-17_Fraction_Identification" occurrences="2" name="DivNumLine"/>
        <Skill category="6-17_Fraction_Identification" occurrences="1" name="FracGreater1"/>
        <Skill category="6-20_Fraction_Ordering" occurrences="1" name="compFrac"/>
        <Skill category="6-17_Fraction_Identification" occurrences="2" name="FindValueNumLine"/>
      </Skills>
    </Problem>
    <Problem selection_features="" problem_file="13school.brd" description="Scott and Greg both are students at the Carmite Middle School." student_interface="6_20.swf" label="Scott and Greg both are students at the Carmite Middle School." name="13 Distance to School" student_interface_class="" tutor_flag="tutor" team_role="0">
      <Skills>
        <Skill category="6-17_Fraction_Identification" occurrences="2" name="DivNumLine"/>
        <Skill category="6-17_Fraction_Identification" occurrences="1" name="FracGreater1"/>
        <Skill category="6-20_Fraction_Ordering" occurrences="1" name="compFrac"/>
        <Skill category="6-17_Fraction_Identification" occurrences="2" name="FindValueNumLine"/>
      </Skills>
    </Problem>
    <Problem selection_features="" problem_file="14candy.brd" description="Russ and Jaime are buying bulk candy at the store." student_interface="6_20.swf" label="Russ and Jaime are buying bulk candy at the store." name="14 Candy Bulk" student_interface_class="" tutor_flag="tutor" team_role="0">
      <Skills>
        <Skill category="6-17_Fraction_Identification" occurrences="2" name="DivNumLine"/>
        <Skill category="6-17_Fraction_Identification" occurrences="1" name="FracGreater1"/>
        <Skill category="6-20_Fraction_Ordering" occurrences="1" name="compFrac"/>
        <Skill category="6-17_Fraction_Identification" occurrences="2" name="FindValueNumLine"/>
      </Skills>
    </Problem>
    <Problem selection_features="" problem_file="15sauce.brd" description="Dale and Liz are making their own spaghetti sauce, and are using different amount of ground beef to make it." student_interface="6_20.swf" label="Dale and Liz are making their own spaghetti sauce, and are using different amount of ground beef to make it." name="15 Sauce Making" student_interface_class="" tutor_flag="tutor" team_role="0">
      <Skills>
        <Skill category="6-17_Fraction_Identification" occurrences="2" name="DivNumLine"/>
        <Skill category="6-17_Fraction_Identification" occurrences="1" name="FracGreater1"/>
        <Skill category="6-20_Fraction_Ordering" occurrences="1" name="compFrac"/>
        <Skill category="6-17_Fraction_Identification" occurrences="2" name="FindValueNumLine"/>
      </Skills>
    </Problem>
    <Problem selection_features="" problem_file="16chemistry.brd" description="Jason and Rabin are doing a chemistry experiment for a science class. " student_interface="6_20.swf" label="Jason and Rabin are doing a chemistry experiment for a science class. " name="16 Chemistry Experiment" student_interface_class="" tutor_flag="tutor" team_role="0">
      <Skills>
        <Skill category="6-17_Fraction_Identification" occurrences="2" name="DivNumLine"/>
        <Skill category="6-17_Fraction_Identification" occurrences="1" name="FracGreater1"/>
        <Skill category="6-20_Fraction_Ordering" occurrences="1" name="compFrac"/>
        <Skill category="6-17_Fraction_Identification" occurrences="2" name="FindValueNumLine"/>
      </Skills>
    </Problem>
    <Problem selection_features="" problem_file="17salad.brd" description="Charlie is trying out fruit salad Todd and Caroline are making fruit salad for a school picnic." student_interface="6_20.swf" label="Charlie is trying out fruit salad Todd and Caroline are making fruit salad for a school picnic." name="17 Fruit Salad" student_interface_class="" tutor_flag="tutor" team_role="0">
      <Skills>
        <Skill category="6-17_Fraction_Identification" occurrences="2" name="DivNumLine"/>
        <Skill category="6-17_Fraction_Identification" occurrences="1" name="FracGreater1"/>
        <Skill category="6-20_Fraction_Ordering" occurrences="1" name="compFrac"/>
        <Skill category="6-17_Fraction_Identification" occurrences="2" name="FindValueNumLine"/>
      </Skills>
    </Problem>
    <Problem selection_features="" problem_file="18prize.brd" description="Amy and Evan are searching for a prize that was hidden in the state park." student_interface="6_20.swf" label="Amy and Evan are searching for a prize that was hidden in the state park." name="18 Prize Searching" student_interface_class="" tutor_flag="tutor" team_role="0">
      <Skills>
        <Skill category="6-17_Fraction_Identification" occurrences="2" name="DivNumLine"/>
        <Skill category="6-17_Fraction_Identification" occurrences="1" name="FracGreater1"/>
        <Skill category="6-20_Fraction_Ordering" occurrences="1" name="compFrac"/>
        <Skill category="6-17_Fraction_Identification" occurrences="2" name="FindValueNumLine"/>
      </Skills>
    </Problem>
    <Problem selection_features="" problem_file="19history.brd" description="Alicia and Christa are working on their history homework." student_interface="6_20.swf" label="Alicia and Christa are working on their history homework." name="19 History Homework" student_interface_class="" tutor_flag="tutor" team_role="0">
      <Skills>
        <Skill category="6-17_Fraction_Identification" occurrences="2" name="DivNumLine"/>
        <Skill category="6-17_Fraction_Identification" occurrences="1" name="FracGreater1"/>
        <Skill category="6-20_Fraction_Ordering" occurrences="1" name="compFrac"/>
        <Skill category="6-17_Fraction_Identification" occurrences="2" name="FindValueNumLine"/>
      </Skills>
    </Problem>
  </Problems>
  <Categories>
    <Collection category="" description="Released Problem Sets" parent_category="" label="Released Problem Sets" parent_name="" name="general"/>
    <Standard category="standard" description="PA Assessment Anchors" parent_category="" label="PA Assessment Anchors" parent_name="" name="PA"/>
    <Standard category="standard" description="NCTM Curriculum Focal Points" parent_category="" label="NCTM Curriculum Focal Points" parent_name="" name="NCTM"/>
    <Standard category="standard" description="Common Core Standards" parent_category="" label="Common Core Standards" parent_name="" name="CommonCore"/>
    <Standard category="standard" description="Student Standards" parent_category="" label="Problem Set Categories" parent_name="" name="Student"/>
    <Grade category="" description="6th Grade" parent_category="" label="6th Grade" parent_name="" name="6"/>
    <Grade category="" description="7th Grade" parent_category="" label="7th Grade" parent_name="" name="7"/>
    <Standard category="reporting_category" description="A. Numbers and Operations" parent_category="standard" label="A. Numbers and Operations" parent_name="PA" name="PA.A"/>
    <Standard category="assessment_anchor" description="A.1. Demonstrate an understanding of numbers, ways of representing numbers, relationships among numbers, and number systems." parent_category="reporting_category" label="A.1. Numbers: Representations, Relationships and Systems" parent_name="PA.A" name="PA.A.1"/>
    <Standard category="strand" description="A. Numbers and Operations" parent_category="standard" label="A. Numbers and Operations" parent_name="NCTM" name="NCTM.A"/>
    <Standard category="grade_level" description="4th grade" parent_category="standard" label="4th Grade" parent_name="CommonCore" name="CommonCore.4"/>
    <Standard category="strand" description="4.NF. Numbers and Operations - Fractions" parent_category="grade_level" label="4.NF. Numbers and Operations - Fractions" parent_name="CommonCore.4" name="CommonCore.4.NF"/>
    <Standard category="grade_level" description="6th Grade" parent_category="standard" label="6th Grade" parent_name="CommonCore" name="CommonCore.6"/>
    <Standard category="strand" description="6.NS. The Number System" parent_category="grade_level" label="6.NS. The Number System" parent_name="CommonCore.6" name="CommonCore.6.NS"/>
    <Standard category="strand" description="Working with Fractions" parent_category="standard" label="Working with Fractions" parent_name="Student" name="Student.WF"/>
  </Categories>
  <Skills>
    <Skill category="6-20_Fraction_Ordering" pKnown="0.25" description="Compare values of the fractions" pLearn="0.2" label="Compare values of the fractions" name="compFrac" pGuess="0.2" pSlip="0.1"/>
    <Skill category="6-17_Fraction_Identification" pKnown="0.25" description="Divide the number line" pLearn="0.2" label="Divide the number line" name="DivNumLine" pGuess="0.2" pSlip="0.1"/>
    <Skill category="6-17_Fraction_Identification" pKnown="0.25" description="Find a value on the number line" pLearn="0.2" label="Find a value on the number line" name="FindValueNumLine" pGuess="0.2" pSlip="0.1"/>
    <Skill category="6-17_Fraction_Identification" pKnown="0.25" description="Work with fraction greater than 1" pLearn="0.2" label="Work with fraction greater than 1" name="FracGreater1" pGuess="0.2" pSlip="0.1"/>
    <Skill category="6-17_Fraction_Identification" pKnown="0.25" description="Work with fraction less than 1" pLearn="0.2" label="Work with fraction less than 1" name="FracLess1" pGuess="0.2" pSlip="0.1"/>
  </Skills>
  <Assets>
  </Assets>
</ProblemSet>
