<?xml version="1.0" encoding="UTF-8"?>
<ProblemSet initial_sequence="0" selection_algorithm="sequential" max_count="1000" description="Student will interpret information displayed on a box and whisker graph." max_repeat="1" label="8.26 Interpreting Box-and-Whisker Graphs" team_size="1" name="8.26" picture="">
  <Problems>
    <Problem selection_features="" problem_file="8.26.2.brd" description="8.26.2" student_interface="boxPlot_interp2.swf" label="8.26.2" name="Problem2" student_interface_class="" tutor_flag="tutor" team_role="0">
      <Skills>
        <Skill category="Box_and_Whisker_Plots" occurrences="1" name="Identify_value_given_quartile"/>
        <Skill category="Box_and_Whisker_Plots" occurrences="1" name="Identify_value_for_max_or_min"/>
      </Skills>
    </Problem>
    <Problem selection_features="" problem_file="8.26.3.brd" description="8.26.3" student_interface="boxPlot_interp2.swf" label="8.26.3" name="Problem3" student_interface_class="" tutor_flag="tutor" team_role="0">
      <Skills>
        <Skill category="Box_and_Whisker_Plots" occurrences="1" name="Identify_value_given_quartile"/>
        <Skill category="Box_and_Whisker_Plots" occurrences="1" name="Identify_value_for_max_or_min"/>
      </Skills>
    </Problem>
    <Problem selection_features="" problem_file="8.26.4.brd" description="8.26.4" student_interface="boxPlot_interp2.swf" label="8.26.4" name="Problem4" student_interface_class="" tutor_flag="tutor" team_role="0">
      <Skills>
        <Skill category="Box_and_Whisker_Plots" occurrences="1" name="Identify_value_given_quartile"/>
        <Skill category="Box_and_Whisker_Plots" occurrences="1" name="Identify_value_for_max_or_min"/>
      </Skills>
    </Problem>
    <Problem selection_features="" problem_file="8.26.5.brd" description="8.26.5" student_interface="boxPlot_interp2.swf" label="8.26.5" name="Problem5" student_interface_class="" tutor_flag="tutor" team_role="0">
      <Skills>
        <Skill category="Box_and_Whisker_Plots" occurrences="1" name="Identify_value_given_quartile"/>
        <Skill category="Box_and_Whisker_Plots" occurrences="1" name="Identify_value_for_max_or_min"/>
      </Skills>
    </Problem>
    <Problem selection_features="" problem_file="8.26.6.brd" description="8.26.6" student_interface="boxPlot_interp2.swf" label="8.26.6" name="Problem6" student_interface_class="" tutor_flag="tutor" team_role="0">
      <Skills>
        <Skill category="Box_and_Whisker_Plots" occurrences="1" name="Identify_value_given_end_of_range"/>
        <Skill category="Box_and_Whisker_Plots" occurrences="1" name="Identify_value_given_quartile"/>
        <Skill category="Box_and_Whisker_Plots" occurrences="1" name="Identify_value_for_max_or_min"/>
      </Skills>
    </Problem>
    <Problem selection_features="" problem_file="8.26.7.brd" description="8.26.7" student_interface="boxPlot_interp2.swf" label="8.26.7" name="Problem7" student_interface_class="" tutor_flag="tutor" team_role="0">
      <Skills>
        <Skill category="Box_and_Whisker_Plots" occurrences="1" name="Identify_value_given_quartile"/>
        <Skill category="Box_and_Whisker_Plots" occurrences="1" name="Identify_value_for_max_or_min"/>
        <Skill category="Box_and_Whisker_Plots" occurrences="1" name="Identify_value_given_end_of_range"/>
      </Skills>
    </Problem>
    <Problem selection_features="" problem_file="8.26.8.brd" description="8.26.8" student_interface="boxPlot_interp2.swf" label="8.26.8" name="Problem8" student_interface_class="" tutor_flag="tutor" team_role="0">
      <Skills>
        <Skill category="Box_and_Whisker_Plots" occurrences="1" name="Identify_value_given_end_of_range"/>
        <Skill category="Box_and_Whisker_Plots" occurrences="1" name="Identify_value_for_max_or_min"/>
        <Skill category="Box_and_Whisker_Plots" occurrences="1" name="Identify_value_given_quartile"/>
      </Skills>
    </Problem>
  </Problems>
  <Categories>
    <Collection category="" description="Released Problem Sets" parent_category="" label="Released Problem Sets" parent_name="" name="general"/>
    <Standard category="standard" description="PA Assessment Anchors" parent_category="" label="PA Assessment Anchors" parent_name="" name="PA"/>
    <Standard category="standard" description="NCTM Curriculum Focal Points" parent_category="" label="NCTM Curriculum Focal Points" parent_name="" name="NCTM"/>
    <Standard category="standard" description="Common Core Standards" parent_category="" label="Common Core Standards" parent_name="" name="CommonCore"/>
    <Standard category="standard" description="Student Standards" parent_category="" label="Problem Set Categories" parent_name="" name="Student"/>
    <Grade category="" description="8th Grade" parent_category="" label="8th Grade" parent_name="" name="8"/>
    <Standard category="reporting_category" description="E. Data Analysis and Probability" parent_category="standard" label="E. Data Analysis and Probability" parent_name="PA" name="PA.E"/>
    <Standard category="assessment_anchor" description="E.1. Formulate questions that can be addressed with data and/or collect, organize, display, and analyze data." parent_category="reporting_category" label="E.1. Collect, Organize, Display, Interpret" parent_name="PA.E" name="PA.E.1"/>
    <Standard category="strand" description="E. Data Analysis and Probability" parent_category="standard" label="E. Data Analysis and Probability" parent_name="NCTM" name="NCTM.E"/>
    <Standard category="grade_level" description="8th Grade" parent_category="standard" label="8th Grade" parent_name="CommonCore" name="CommonCore.8"/>
    <Standard category="strand" description="8.SP. Statistics and Probability" parent_category="grade_level" label="8.SP. Statistics and Probability" parent_name="CommonCore.8" name="CommonCore.8.SP"/>
    <Standard category="strand" description="Box and Whisker Plots" parent_category="standard" label="Box and Whisker Plots" parent_name="Student" name="Student.BWP"/>
  </Categories>
  <Skills>
    <Skill category="Box_and_Whisker_Plots" pKnown="0.25" description="Identify value for maximum or minimum" pLearn="0.2" label="Identify value for maximum or minimum" name="Identify_value_for_max_or_min" pGuess="0.2" pSlip="0.1"/>
    <Skill category="Box_and_Whisker_Plots" pKnown="0.25" description="Identify value given a quartile" pLearn="0.2" label="Identify value given a quartile" name="Identify_value_given_quartile" pGuess="0.2" pSlip="0.1"/>
    <Skill category="Box_and_Whisker_Plots" pKnown="0.25" description="Identify value given an end of a range" pLearn="0.2" label="Identify value given an end of a range" name="Identify_value_given_end_of_range" pGuess="0.2" pSlip="0.1"/>
  </Skills>
  <Assets>
  </Assets>
</ProblemSet>
