<?xml version="1.0" encoding="UTF-8"?>
<ProblemSet initial_sequence="0" selection_algorithm="sequential" max_count="1000" description="Asks student to interpret and represent different values using decimal place values." max_repeat="1" label="6.10 Decimal Place Value III" team_size="1" name="6.10" picture="">
  <Problems>
    <Problem selection_features="" problem_file="6.brd" description="3.142" student_interface="6.10_new.swf" label="3.142" name="6" student_interface_class="" tutor_flag="tutor" team_role="0">
      <Skills>
        <Skill category="PlaceValue" occurrences="1" name="TradeValue"/>
        <Skill category="PlaceValue" occurrences="6" name="NoTrade"/>
        <Skill category="PlaceValue" occurrences="4" name="enterGivenValue"/>
      </Skills>
    </Problem>
    <Problem selection_features="" problem_file="7.brd" description="0.808" student_interface="6.10_new.swf" label="0.808" name="7" student_interface_class="" tutor_flag="tutor" team_role="0">
      <Skills>
        <Skill category="PlaceValue" occurrences="1" name="TradeValue"/>
        <Skill category="PlaceValue" occurrences="6" name="NoTrade"/>
        <Skill category="PlaceValue" occurrences="4" name="enterGivenValue"/>
      </Skills>
    </Problem>
    <Problem selection_features="" problem_file="8.brd" description="2.71" student_interface="6.10_new.swf" label="2.71" name="8" student_interface_class="" tutor_flag="tutor" team_role="0">
      <Skills>
        <Skill category="PlaceValue" occurrences="1" name="TradeValue"/>
        <Skill category="PlaceValue" occurrences="6" name="NoTrade"/>
        <Skill category="PlaceValue" occurrences="4" name="enterGivenValue"/>
      </Skills>
    </Problem>
    <Problem selection_features="" problem_file="2.brd" description="0.72" student_interface="6.10_new.swf" label="0.72" name="2" student_interface_class="" tutor_flag="tutor" team_role="0">
      <Skills>
        <Skill category="PlaceValue" occurrences="1" name="TradeValue"/>
        <Skill category="PlaceValue" occurrences="6" name="NoTrade"/>
        <Skill category="PlaceValue" occurrences="4" name="enterGivenValue"/>
      </Skills>
    </Problem>
    <Problem selection_features="" problem_file="3.brd" description="78.16" student_interface="6.10_new.swf" label="78.16" name="3" student_interface_class="" tutor_flag="tutor" team_role="0">
      <Skills>
        <Skill category="PlaceValue" occurrences="1" name="TradeValue"/>
        <Skill category="PlaceValue" occurrences="6" name="NoTrade"/>
        <Skill category="PlaceValue" occurrences="4" name="enterGivenValue"/>
      </Skills>
    </Problem>
    <Problem selection_features="" problem_file="4.brd" description="1.76" student_interface="6.10_new.swf" label="1.76" name="4" student_interface_class="" tutor_flag="tutor" team_role="0">
      <Skills>
        <Skill category="PlaceValue" occurrences="1" name="TradeValue"/>
        <Skill category="PlaceValue" occurrences="6" name="NoTrade"/>
        <Skill category="PlaceValue" occurrences="4" name="enterGivenValue"/>
      </Skills>
    </Problem>
    <Problem selection_features="" problem_file="5.brd" description="69.3" student_interface="6.10_new.swf" label="69.3" name="5" student_interface_class="" tutor_flag="tutor" team_role="0">
      <Skills>
        <Skill category="PlaceValue" occurrences="1" name="TradeValue"/>
        <Skill category="PlaceValue" occurrences="6" name="NoTrade"/>
        <Skill category="PlaceValue" occurrences="4" name="enterGivenValue"/>
      </Skills>
    </Problem>
  </Problems>
  <Categories>
    <Collection category="" description="Released Problem Sets" parent_category="" label="Released Problem Sets" parent_name="" name="general"/>
    <Standard category="standard" description="PA Assessment Anchors" parent_category="" label="PA Assessment Anchors" parent_name="" name="PA"/>
    <Standard category="standard" description="NCTM Curriculum Focal Points" parent_category="" label="NCTM Curriculum Focal Points" parent_name="" name="NCTM"/>
    <Standard category="standard" description="Common Core Standards" parent_category="" label="Common Core Standards" parent_name="" name="CommonCore"/>
    <Standard category="standard" description="Student Standards" parent_category="" label="Problem Set Categories" parent_name="" name="Student"/>
    <Grade category="" description="5th Grade" parent_category="" label="5th Grade" parent_name="" name="5"/>
    <Grade category="" description="6th Grade" parent_category="" label="6th Grade" parent_name="" name="6"/>
    <Standard category="reporting_category" description="A. Numbers and Operations" parent_category="standard" label="A. Numbers and Operations" parent_name="PA" name="PA.A"/>
    <Standard category="assessment_anchor" description="A.1. Demonstrate an understanding of numbers, ways of representing numbers, relationships among numbers, and number systems." parent_category="reporting_category" label="A.1. Numbers: Representations, Relationships and Systems" parent_name="PA.A" name="PA.A.1"/>
    <Standard category="strand" description="A. Numbers and Operations" parent_category="standard" label="A. Numbers and Operations" parent_name="NCTM" name="NCTM.A"/>
    <Standard category="grade_level" description="5th grade" parent_category="standard" label="5th Grade" parent_name="CommonCore" name="CommonCore.5"/>
    <Standard category="strand" description="5.NBT. Numbers and Operations in Base Ten" parent_category="grade_level" label="5.NBT. Numbers and Operations in Base Ten" parent_name="CommonCore.5" name="CommonCore.5.NBT"/>
    <Standard category="strand" description="Working with Decimals" parent_category="standard" label="Working with Decimals" parent_name="Student" name="Student.WD"/>
  </Categories>
  <Skills>
    <Skill category="PlaceValue" pKnown="0.25" description="Enter Given Value" pLearn="0.2" label="Enter Given Value" name="enterGivenValue" pGuess="0.2" pSlip="0.1"/>
    <Skill category="PlaceValue" pKnown="0.25" description="No Trade" pLearn="0.2" label="No Trade" name="NoTrade" pGuess="0.2" pSlip="0.1"/>
    <Skill category="PlaceValue" pKnown="0.25" description="Trade Value" pLearn="0.2" label="Trade Value" name="TradeValue" pGuess="0.2" pSlip="0.1"/>
  </Skills>
  <Assets>
  </Assets>
</ProblemSet>
