<?xml version="1.0" encoding="UTF-8"?>
<ProblemSet initial_sequence="0" selection_algorithm="sequential" max_count="1000" description="Student must perform calculations to determine percent change given an original value, a change in value, and the new value." max_repeat="1" label="8.14 Percent Change" team_size="1" name="8.14" picture="">
  <Problems>
    <Problem selection_features="" problem_file="02Highway.brd" description="Imagine that you are driving your car on the highway to the mall" student_interface="8-14.swf" label="Imagine that you are driving your car on the highway to the mall" name="Problem2" student_interface_class="" tutor_flag="tutor" team_role="0">
      <Skills>
        <Skill category="8-14_Percent_Change" occurrences="1" name="Gvn"/>
        <Skill category="8-14_Percent_Change" occurrences="1" name="FindPercent"/>
        <Skill category="8-14_Percent_Change" occurrences="1" name="FindOrgVal"/>
      </Skills>
    </Problem>
    <Problem selection_features="" problem_file="03Farmer.brd" description="A farmer is using a new growing technique this year for the first time" student_interface="8-14.swf" label="A farmer is using a new growing technique this year for the first time" name="Problem3" student_interface_class="" tutor_flag="tutor" team_role="0">
      <Skills>
        <Skill category="8-14_Percent_Change" occurrences="1" name="Gvn"/>
        <Skill category="8-14_Percent_Change" occurrences="1" name="FindNewVal"/>
        <Skill category="8-14_Percent_Change" occurrences="1" name="FindPercent"/>
        <Skill category="8-14_Percent_Change" occurrences="1" name="FindChngVal"/>
      </Skills>
    </Problem>
    <Problem selection_features="" problem_file="04Stocks.brd" description="Here is what happened with your favorite stocks today" student_interface="8-14.swf" label="Here is what happened with your favorite stocks today" name="Problem4" student_interface_class="" tutor_flag="tutor" team_role="0">
      <Skills>
        <Skill category="8-14_Percent_Change" occurrences="1" name="Gvn"/>
        <Skill category="8-14_Percent_Change" occurrences="1" name="FindPercent"/>
        <Skill category="8-14_Percent_Change" occurrences="1" name="FindChngVal"/>
        <Skill category="8-14_Percent_Change" occurrences="1" name="FindNewVal"/>
        <Skill category="8-14_Percent_Change" occurrences="1" name="FindOrgVal"/>
      </Skills>
    </Problem>
    <Problem selection_features="" problem_file="05Vitamins.brd" description="Dr. Xu switched your multivitamin" student_interface="8-14.swf" label="Dr. Xu switched your multivitamin" name="Problem5" student_interface_class="" tutor_flag="tutor" team_role="0">
      <Skills>
        <Skill category="8-14_Percent_Change" occurrences="1" name="Gvn"/>
        <Skill category="8-14_Percent_Change" occurrences="1" name="FindPercent"/>
        <Skill category="8-14_Percent_Change" occurrences="1" name="FindNewVal"/>
        <Skill category="8-14_Percent_Change" occurrences="1" name="FindChngVal"/>
        <Skill category="8-14_Percent_Change" occurrences="1" name="FindOrgVal"/>
      </Skills>
    </Problem>
    <Problem selection_features="" problem_file="06Widgets.brd" description="Natasha has been keeping track of the month-by-month production of her widget factory" student_interface="8-14.swf" label="Natasha has been keeping track of the month-by-month production of her widget factory" name="Problem6" student_interface_class="" tutor_flag="tutor" team_role="0">
      <Skills>
        <Skill category="8-14_Percent_Change" occurrences="1" name="Gvn"/>
        <Skill category="8-14_Percent_Change" occurrences="1" name="FindPercent"/>
        <Skill category="8-14_Percent_Change" occurrences="1" name="FindChngVal"/>
        <Skill category="8-14_Percent_Change" occurrences="1" name="FindOrgVal"/>
        <Skill category="8-14_Percent_Change" occurrences="1" name="FindNewVal"/>
      </Skills>
    </Problem>
    <Problem selection_features="" problem_file="07Gold.brd" description="During the California Gold Rush of the 1800s" student_interface="8-14.swf" label="During the California Gold Rush of the 1800s" name="Problem7" student_interface_class="" tutor_flag="tutor" team_role="0">
      <Skills>
        <Skill category="8-14_Percent_Change" occurrences="1" name="Gvn"/>
        <Skill category="8-14_Percent_Change" occurrences="1" name="FindPercent"/>
        <Skill category="8-14_Percent_Change" occurrences="1" name="FindChngVal"/>
        <Skill category="8-14_Percent_Change" occurrences="1" name="FindNewVal"/>
        <Skill category="8-14_Percent_Change" occurrences="1" name="FindOrgVal"/>
      </Skills>
    </Problem>
    <Problem selection_features="" problem_file="08Store.brd" description="The Acme Department Store is getting ready for the fall by adjusting the prices of merchandise" student_interface="8-14.swf" label="The Acme Department Store is getting ready for the fall by adjusting the prices of merchandise" name="Problem8" student_interface_class="" tutor_flag="tutor" team_role="0">
      <Skills>
        <Skill category="8-14_Percent_Change" occurrences="1" name="Gvn"/>
        <Skill category="8-14_Percent_Change" occurrences="1" name="FindPercent"/>
        <Skill category="8-14_Percent_Change" occurrences="1" name="FindOrgVal"/>
        <Skill category="8-14_Percent_Change" occurrences="1" name="FindNewVal"/>
        <Skill category="8-14_Percent_Change" occurrences="1" name="FindChngVal"/>
      </Skills>
    </Problem>
  </Problems>
  <Categories>
    <Collection category="" description="Released Problem Sets" parent_category="" label="Released Problem Sets" parent_name="" name="general"/>
    <Standard category="standard" description="PA Assessment Anchors" parent_category="" label="PA Assessment Anchors" parent_name="" name="PA"/>
    <Standard category="standard" description="NCTM Curriculum Focal Points" parent_category="" label="NCTM Curriculum Focal Points" parent_name="" name="NCTM"/>
    <Standard category="standard" description="Common Core Standards" parent_category="" label="Common Core Standards" parent_name="" name="CommonCore"/>
    <Standard category="standard" description="Student Standards" parent_category="" label="Problem Set Categories" parent_name="" name="Student"/>
    <Grade category="" description="7th Grade" parent_category="" label="7th Grade" parent_name="" name="7"/>
    <Grade category="" description="8th Grade" parent_category="" label="8th Grade" parent_name="" name="8"/>
    <Standard category="reporting_category" description="A. Numbers and Operations" parent_category="standard" label="A. Numbers and Operations" parent_name="PA" name="PA.A"/>
    <Standard category="assessment_anchor" description="A.2. Understand the meanings of operations, use operations and understand how they relate to each other." parent_category="reporting_category" label="A.2. Operations: Meanings, Uses and Relationships" parent_name="PA.A" name="PA.A.2"/>
    <Standard category="strand" description="A. Numbers and Operations" parent_category="standard" label="A. Numbers and Operations" parent_name="NCTM" name="NCTM.A"/>
    <Standard category="grade_level" description="7th Grade" parent_category="standard" label="7th Grade" parent_name="CommonCore" name="CommonCore.7"/>
    <Standard category="strand" description="7.RP. Ratios and Proportional Relationships" parent_category="grade_level" label="7.RP. Ratios and Proportional Relationships" parent_name="CommonCore.7" name="CommonCore.7.RP"/>
    <Standard category="strand" description="Solving Percent Problems" parent_category="standard" label="Solving Percent Problems" parent_name="Student" name="Student.SPP"/>
  </Categories>
  <Skills>
    <Skill category="8-14_Percent_Change" pKnown="0.25" description="Enter given" pLearn="0.2" label="Enter given" name="Gvn" pGuess="0.2" pSlip="0.1"/>
    <Skill category="8-14_Percent_Change" pKnown="0.25" description="Find change in value" pLearn="0.2" label="Find change in value" name="FindChngVal" pGuess="0.2" pSlip="0.1"/>
    <Skill category="8-14_Percent_Change" pKnown="0.25" description="Find new changed value" pLearn="0.2" label="Find new changed value" name="FindNewVal" pGuess="0.2" pSlip="0.1"/>
    <Skill category="8-14_Percent_Change" pKnown="0.25" description="Find original value" pLearn="0.2" label="Find original value" name="FindOrgVal" pGuess="0.2" pSlip="0.1"/>
    <Skill category="8-14_Percent_Change" pKnown="0.25" description="Find percent change" pLearn="0.2" label="Find percent change" name="FindPercent" pGuess="0.2" pSlip="0.1"/>
  </Skills>
  <Assets>
  </Assets>
</ProblemSet>
