<?xml version="1.0" encoding="UTF-8"?>
<ProblemSet initial_sequence="0" selection_algorithm="sequential" max_count="1000" description="Student is asked to interpret different linear graphs comparing slopes and y-intercepts." max_repeat="1" label="7.07 Graph Interpretation II" team_size="1" name="7.07" picture="">
  <Problems>
    <Problem selection_features="" problem_file="1.brd" description="Saving for a Vacation" student_interface="7.07.swf" label="Saving for a Vacation" name="Vacation" student_interface_class="" tutor_flag="tutor" team_role="0">
      <Skills>
        <Skill category="Graph-Interpretation-II" occurrences="1" name="Interpret_slope"/>
        <Skill category="Graph-Interpretation-II" occurrences="1" name="Interpret_Y_intercept"/>
        <Skill category="Graph-Interpretation-II" occurrences="1" name="Interpret_X_given_Y"/>
      </Skills>
    </Problem>
    <Problem selection_features="" problem_file="2.brd" description="Cellular Bills" student_interface="7.07.swf" label="Cellular Bills" name="Cellphones" student_interface_class="" tutor_flag="tutor" team_role="0">
      <Skills>
        <Skill category="Graph-Interpretation-II" occurrences="1" name="Interpret_Y_intercept"/>
        <Skill category="Graph-Interpretation-II" occurrences="1" name="Interpret_X_given_Y"/>
        <Skill category="Graph-Interpretation-II" occurrences="1" name="Interpret_slope"/>
      </Skills>
    </Problem>
    <Problem selection_features="" problem_file="3.brd" description="Gardening Siblings" student_interface="7.07.swf" label="Gardening Siblings" name="Gardening" student_interface_class="" tutor_flag="tutor" team_role="0">
      <Skills>
        <Skill category="Graph-Interpretation-II" occurrences="1" name="Interpret_X_given_Y"/>
        <Skill category="Graph-Interpretation-II" occurrences="1" name="Interpret_Y_intercept"/>
        <Skill category="Graph-Interpretation-II" occurrences="1" name="Interpret_slope"/>
      </Skills>
    </Problem>
    <Problem selection_features="" problem_file="4.brd" description="Candy Companies" student_interface="7.07.swf" label="Candy Companies" name="Candy" student_interface_class="" tutor_flag="tutor" team_role="0">
      <Skills>
        <Skill category="Graph-Interpretation-II" occurrences="1" name="Interpret_slope"/>
        <Skill category="Graph-Interpretation-II" occurrences="1" name="Interpret_Y_intercept"/>
        <Skill category="Graph-Interpretation-II" occurrences="1" name="Interpret_X_given_Y"/>
      </Skills>
    </Problem>
    <Problem selection_features="" problem_file="5.brd" description="Video Systems" student_interface="7.07.swf" label="Video Systems" name="Video" student_interface_class="" tutor_flag="tutor" team_role="0">
      <Skills>
        <Skill category="Graph-Interpretation-II" occurrences="1" name="Interpret_Y_intercept"/>
        <Skill category="Graph-Interpretation-II" occurrences="1" name="Interpret_X_given_Y"/>
        <Skill category="Graph-Interpretation-II" occurrences="1" name="Interpret_slope"/>
      </Skills>
    </Problem>
    <Problem selection_features="" problem_file="6.brd" description="Martian Explorers" student_interface="7.07.swf" label="Martian Explorers" name="Explorer" student_interface_class="" tutor_flag="tutor" team_role="0">
      <Skills>
        <Skill category="Graph-Interpretation-II" occurrences="1" name="Interpret_slope"/>
        <Skill category="Graph-Interpretation-II" occurrences="1" name="Interpret_Y_intercept"/>
        <Skill category="Graph-Interpretation-II" occurrences="1" name="Interpret_X_given_Y"/>
      </Skills>
    </Problem>
    <Problem selection_features="" problem_file="7.brd" description="Thickness of Book" student_interface="7.07.swf" label="Thickness of Book" name="Book" student_interface_class="" tutor_flag="tutor" team_role="0">
      <Skills>
        <Skill category="Graph-Interpretation-II" occurrences="1" name="Interpret_X_given_Y"/>
        <Skill category="Graph-Interpretation-II" occurrences="1" name="Interpret_Y_intercept"/>
        <Skill category="Graph-Interpretation-II" occurrences="1" name="Interpret_slope"/>
      </Skills>
    </Problem>
    <Problem selection_features="" problem_file="8.brd" description="Mothes Day Necklaces" student_interface="7.07.swf" label="Mothes Day Necklaces" name="Necklace" student_interface_class="" tutor_flag="tutor" team_role="0">
      <Skills>
        <Skill category="Graph-Interpretation-II" occurrences="1" name="Interpret_X_given_Y"/>
        <Skill category="Graph-Interpretation-II" occurrences="1" name="Interpret_Y_intercept"/>
        <Skill category="Graph-Interpretation-II" occurrences="1" name="Interpret_slope"/>
      </Skills>
    </Problem>
    <Problem selection_features="" problem_file="9.brd" description="Gym Memberships" student_interface="7.07.swf" label="Gym Memberships" name="Gym" student_interface_class="" tutor_flag="tutor" team_role="0">
      <Skills>
        <Skill category="Graph-Interpretation-II" occurrences="1" name="Interpret_slope"/>
        <Skill category="Graph-Interpretation-II" occurrences="1" name="Interpret_Y_intercept"/>
        <Skill category="Graph-Interpretation-II" occurrences="1" name="Interpret_X_given_Y"/>
      </Skills>
    </Problem>
    <Problem selection_features="" problem_file="10.brd" description="Chocolate Eating Competition" student_interface="7.07.swf" label="Chocolate Eating Competition" name="Chocolate" student_interface_class="" tutor_flag="tutor" team_role="0">
      <Skills>
        <Skill category="Graph-Interpretation-II" occurrences="1" name="Interpret_slope"/>
        <Skill category="Graph-Interpretation-II" occurrences="1" name="Interpret_Y_intercept"/>
        <Skill category="Graph-Interpretation-II" occurrences="1" name="Interpret_X_given_Y"/>
      </Skills>
    </Problem>
    <Problem selection_features="" problem_file="11.brd" description="Measuring Height" student_interface="7.07.swf" label="Measuring Height" name="Height" student_interface_class="" tutor_flag="tutor" team_role="0">
      <Skills>
        <Skill category="Graph-Interpretation-II" occurrences="1" name="Interpret_Y_intercept"/>
        <Skill category="Graph-Interpretation-II" occurrences="1" name="Interpret_X_given_Y"/>
        <Skill category="Graph-Interpretation-II" occurrences="1" name="Interpret_slope"/>
      </Skills>
    </Problem>
    <Problem selection_features="" problem_file="12.brd" description="Walking to School" student_interface="7.07.swf" label="Walking to School" name="School" student_interface_class="" tutor_flag="tutor" team_role="0">
      <Skills>
        <Skill category="Graph-Interpretation-II" occurrences="1" name="Interpret_slope"/>
        <Skill category="Graph-Interpretation-II" occurrences="1" name="Interpret_Y_intercept"/>
        <Skill category="Graph-Interpretation-II" occurrences="1" name="Interpret_X_given_Y"/>
      </Skills>
    </Problem>
    <Problem selection_features="" problem_file="13.brd" description="Aquarium" student_interface="7.07.swf" label="Aquarium" name="Aquarium" student_interface_class="" tutor_flag="tutor" team_role="0">
      <Skills>
        <Skill category="Graph-Interpretation-II" occurrences="1" name="Interpret_slope"/>
        <Skill category="Graph-Interpretation-II" occurrences="1" name="Interpret_Y_intercept"/>
        <Skill category="Graph-Interpretation-II" occurrences="1" name="Interpret_X_given_Y"/>
      </Skills>
    </Problem>
  </Problems>
  <Categories>
    <Collection category="" description="Released Problem Sets" parent_category="" label="Released Problem Sets" parent_name="" name="general"/>
    <Standard category="standard" description="PA Assessment Anchors" parent_category="" label="PA Assessment Anchors" parent_name="" name="PA"/>
    <Standard category="standard" description="NCTM Curriculum Focal Points" parent_category="" label="NCTM Curriculum Focal Points" parent_name="" name="NCTM"/>
    <Standard category="standard" description="Common Core Standards" parent_category="" label="Common Core Standards" parent_name="" name="CommonCore"/>
    <Standard category="standard" description="Student Standards" parent_category="" label="Problem Set Categories" parent_name="" name="Student"/>
    <Grade category="" description="7th Grade" parent_category="" label="7th Grade" parent_name="" name="7"/>
    <Grade category="" description="8th Grade" parent_category="" label="8th Grade" parent_name="" name="8"/>
    <Standard category="reporting_category" description="D. Algebraic Concepts" parent_category="standard" label="D. Algebraic Concepts" parent_name="PA" name="PA.D"/>
    <Standard category="assessment_anchor" description="D.3. Analyze change in various contexts." parent_category="reporting_category" label="D.3. Analyze Change" parent_name="PA.D" name="PA.D.3"/>
    <Standard category="strand" description="B. Algebra" parent_category="standard" label="B. Algebra" parent_name="NCTM" name="NCTM.B"/>
    <Standard category="grade_level" description="8th Grade" parent_category="standard" label="8th Grade" parent_name="CommonCore" name="CommonCore.8"/>
    <Standard category="strand" description="8.F. Functions" parent_category="grade_level" label="8.F. Functions" parent_name="CommonCore.8" name="CommonCore.8.F"/>
    <Standard category="strand" description="Working with Graphs" parent_category="standard" label="Working with Graphs" parent_name="Student" name="Student.WG"/>
  </Categories>
  <Skills>
    <Skill category="Graph-Interpretation-II" pKnown="0.25" description="Interpret slope" pLearn="0.2" label="Interpret slope" name="Interpret_slope" pGuess="0.2" pSlip="0.1"/>
    <Skill category="Graph-Interpretation-II" pKnown="0.25" description="Interpret X given Y" pLearn="0.2" label="Interpret X given Y" name="Interpret_X_given_Y" pGuess="0.2" pSlip="0.1"/>
    <Skill category="Graph-Interpretation-II" pKnown="0.25" description="Interpret Y intercept" pLearn="0.2" label="Interpret Y intercept" name="Interpret_Y_intercept" pGuess="0.2" pSlip="0.1"/>
  </Skills>
  <Assets>
  </Assets>
</ProblemSet>
