<?xml version="1.0" encoding="UTF-8"?>
<ProblemSet initial_sequence="0" selection_algorithm="sequential" max_count="1000" description="Student will work with area, perimeter, or circumference." max_repeat="1" label="8.22 Area of Polygons and Circles" team_size="1" name="8.22" picture="">
  <Problems>
    <Problem selection_features="" problem_file="01circleArea.brd" description="Find the area of a circle." student_interface="8-22.swf" label="Find the area of a circle." name="01" student_interface_class="" tutor_flag="tutor" team_role="0">
      <Skills>
        <Skill category="8-22_area-of-polygons-and-circles" occurrences="1" name="Enter-given"/>
        <Skill category="8-22_area-of-polygons-and-circles" occurrences="1" name="-"/>
        <Skill category="8-22_area-of-polygons-and-circles" occurrences="1" name="Find-area-of-simple-polygon/shape"/>
      </Skills>
    </Problem>
    <Problem selection_features="" problem_file="02circleCirc.brd" description="Find the circumference of a circle." student_interface="8-22.swf" label="Find the circumference of a circle." name="02" student_interface_class="" tutor_flag="tutor" team_role="0">
      <Skills>
        <Skill category="8-22_area-of-polygons-and-circles" occurrences="1" name="-"/>
        <Skill category="8-22_area-of-polygons-and-circles" occurrences="1" name="Enter-given"/>
        <Skill category="8-22_area-of-polygons-and-circles" occurrences="1" name="Find-perimeter-of-simple-polygon/shape"/>
        <Skill category="8-22_area-of-polygons-and-circles" occurrences="1" name="Find-area-of-simple-polygon/shape"/>
      </Skills>
    </Problem>
    <Problem selection_features="" problem_file="03square.brd" description="Square review" student_interface="8-22.swf" label="Square review" name="03" student_interface_class="" tutor_flag="tutor" team_role="0">
      <Skills>
        <Skill category="8-22_area-of-polygons-and-circles" occurrences="1" name="Apply-inverse-operation"/>
        <Skill category="8-22_area-of-polygons-and-circles" occurrences="1" name="-"/>
        <Skill category="8-22_area-of-polygons-and-circles" occurrences="1" name="Find-area-of-simple-polygon/shape"/>
        <Skill category="8-22_area-of-polygons-and-circles" occurrences="1" name="Find-perimeter-of-simple-polygon/shape"/>
        <Skill category="8-22_area-of-polygons-and-circles" occurrences="1" name="Enter-given"/>
      </Skills>
    </Problem>
    <Problem selection_features="" problem_file="04circle.brd" description="Calculate the circle's area backwards" student_interface="8-22.swf" label="Calculate the circle's area backwards" name="04" student_interface_class="" tutor_flag="tutor" team_role="0">
      <Skills>
        <Skill category="8-22_area-of-polygons-and-circles" occurrences="1" name="-"/>
        <Skill category="8-22_area-of-polygons-and-circles" occurrences="1" name="Apply-inverse-operation"/>
        <Skill category="8-22_area-of-polygons-and-circles" occurrences="1" name="Enter-given"/>
        <Skill category="8-22_area-of-polygons-and-circles" occurrences="1" name="Find-area-of-circle"/>
        <Skill category="8-22_area-of-polygons-and-circles" occurrences="1" name="Find-radius/diameter"/>
      </Skills>
    </Problem>
    <Problem selection_features="" problem_file="05circle.brd" description="Calculate the circle's circumference backwards" student_interface="8-22.swf" label="Calculate the circle's circumference backwards" name="05" student_interface_class="" tutor_flag="tutor" team_role="0">
      <Skills>
        <Skill category="8-22_area-of-polygons-and-circles" occurrences="1" name="-"/>
        <Skill category="8-22_area-of-polygons-and-circles" occurrences="1" name="Apply-inverse-operation"/>
        <Skill category="8-22_area-of-polygons-and-circles" occurrences="1" name="Enter-given"/>
        <Skill category="8-22_area-of-polygons-and-circles" occurrences="1" name="Find-radius/diameter"/>
        <Skill category="8-22_area-of-polygons-and-circles" occurrences="1" name="Find-circumference-of-circle"/>
      </Skills>
    </Problem>
    <Problem selection_features="" problem_file="06circle.brd" description="Circle review" student_interface="8-22.swf" label="Circle review" name="06" student_interface_class="" tutor_flag="tutor" team_role="0">
      <Skills>
        <Skill category="8-22_area-of-polygons-and-circles" occurrences="1" name="Find-radius/diameter"/>
        <Skill category="8-22_area-of-polygons-and-circles" occurrences="1" name="-"/>
        <Skill category="8-22_area-of-polygons-and-circles" occurrences="1" name="Enter-given"/>
        <Skill category="8-22_area-of-polygons-and-circles" occurrences="1" name="Find-area-of-circle"/>
        <Skill category="8-22_area-of-polygons-and-circles" occurrences="1" name="Find-circumference-of-circle"/>
      </Skills>
    </Problem>
    <Problem selection_features="" problem_file="07circle.brd" description="Circle review" student_interface="8-22.swf" label="Circle review" name="07" student_interface_class="" tutor_flag="tutor" team_role="0">
      <Skills>
        <Skill category="8-22_area-of-polygons-and-circles" occurrences="1" name="Find-radius/diameter"/>
        <Skill category="8-22_area-of-polygons-and-circles" occurrences="1" name="-"/>
        <Skill category="8-22_area-of-polygons-and-circles" occurrences="1" name="Find-circumference-of-circle"/>
        <Skill category="8-22_area-of-polygons-and-circles" occurrences="1" name="Enter-given"/>
        <Skill category="8-22_area-of-polygons-and-circles" occurrences="1" name="Find-area-of-circle"/>
      </Skills>
    </Problem>
    <Problem selection_features="" problem_file="08circle.brd" description="Circle review without the table guide" student_interface="8-22.swf" label="Circle review without the table guide" name="08" student_interface_class="" tutor_flag="tutor" team_role="0">
      <Skills>
        <Skill category="8-22_area-of-polygons-and-circles" occurrences="1" name="Find-radius/diameter"/>
        <Skill category="8-22_area-of-polygons-and-circles" occurrences="1" name="-"/>
        <Skill category="8-22_area-of-polygons-and-circles" occurrences="1" name="Find-circumference-of-circle"/>
        <Skill category="8-22_area-of-polygons-and-circles" occurrences="1" name="Enter-given"/>
        <Skill category="8-22_area-of-polygons-and-circles" occurrences="1" name="Find-area-of-circle"/>
      </Skills>
    </Problem>
    <Problem selection_features="" problem_file="09fence.brd" description="09" student_interface="8-22.swf" label="09" name="09" student_interface_class="" tutor_flag="tutor" team_role="0">
      <Skills>
        <Skill category="8-22_area-of-polygons-and-circles" occurrences="1" name="-"/>
        <Skill category="8-22_area-of-polygons-and-circles" occurrences="1" name="Find-radius/diameter"/>
        <Skill category="8-22_area-of-polygons-and-circles" occurrences="1" name="Find-circumference-of-circle"/>
        <Skill category="8-22_area-of-polygons-and-circles" occurrences="1" name="Find-area-of-circle"/>
      </Skills>
    </Problem>
    <Problem selection_features="" problem_file="10pool.brd" description="10" student_interface="8-22.swf" label="10" name="10" student_interface_class="" tutor_flag="tutor" team_role="0">
      <Skills>
        <Skill category="8-22_area-of-polygons-and-circles" occurrences="1" name="-"/>
        <Skill category="8-22_area-of-polygons-and-circles" occurrences="1" name="Find-radius/diameter"/>
        <Skill category="8-22_area-of-polygons-and-circles" occurrences="1" name="Enter-given"/>
      </Skills>
    </Problem>
    <Problem selection_features="" problem_file="11semicircle.brd" description="11" student_interface="8-22.swf" label="11" name="11" student_interface_class="" tutor_flag="tutor" team_role="0">
      <Skills>
        <Skill category="8-22_area-of-polygons-and-circles" occurrences="1" name="-"/>
        <Skill category="8-22_area-of-polygons-and-circles" occurrences="1" name="Find-radius/diameter"/>
        <Skill category="8-22_area-of-polygons-and-circles" occurrences="1" name="Find-circumference-of-circle"/>
        <Skill category="8-22_area-of-polygons-and-circles" occurrences="1" name="Find-area-of-simple-polygon/shape"/>
        <Skill category="8-22_area-of-polygons-and-circles" occurrences="1" name="Find-area-of-circle"/>
        <Skill category="8-22_area-of-polygons-and-circles" occurrences="1" name="Find-length-of-arc"/>
      </Skills>
    </Problem>
    <Problem selection_features="" problem_file="12add.brd" description="12" student_interface="8-22.swf" label="12" name="12" student_interface_class="" tutor_flag="tutor" team_role="0">
      <Skills>
        <Skill category="8-22_area-of-polygons-and-circles" occurrences="1" name="-"/>
        <Skill category="8-22_area-of-polygons-and-circles" occurrences="1" name="Find-radius/diameter"/>
        <Skill category="8-22_area-of-polygons-and-circles" occurrences="1" name="Find-area-of-simple-polygon/shape"/>
        <Skill category="8-22_area-of-polygons-and-circles" occurrences="1" name="Find-area-of-complex-shape"/>
      </Skills>
    </Problem>
    <Problem selection_features="" problem_file="13add.brd" description="13" student_interface="8-22.swf" label="13" name="13" student_interface_class="" tutor_flag="tutor" team_role="0">
      <Skills>
        <Skill category="8-22_area-of-polygons-and-circles" occurrences="1" name="-"/>
        <Skill category="8-22_area-of-polygons-and-circles" occurrences="1" name="Find-area-of-simple-polygon/shape"/>
        <Skill category="8-22_area-of-polygons-and-circles" occurrences="1" name="Find-area-of-complex-shape"/>
      </Skills>
    </Problem>
    <Problem selection_features="" problem_file="14subtract.brd" description="14" student_interface="8-22.swf" label="14" name="14" student_interface_class="" tutor_flag="tutor" team_role="0">
      <Skills>
        <Skill category="8-22_area-of-polygons-and-circles" occurrences="1" name="-"/>
        <Skill category="8-22_area-of-polygons-and-circles" occurrences="1" name="Find-area-of-simple-polygon/shape"/>
        <Skill category="8-22_area-of-polygons-and-circles" occurrences="1" name="Find-area-of-complex-shape"/>
        <Skill category="8-22_area-of-polygons-and-circles" occurrences="1" name="Find-area-of-circle"/>
        <Skill category="8-22_area-of-polygons-and-circles" occurrences="1" name="Enter-given"/>
      </Skills>
    </Problem>
    <Problem selection_features="" problem_file="15subtract.brd" description="15" student_interface="8-22.swf" label="15" name="15" student_interface_class="" tutor_flag="tutor" team_role="0">
      <Skills>
        <Skill category="8-22_area-of-polygons-and-circles" occurrences="1" name="-"/>
        <Skill category="8-22_area-of-polygons-and-circles" occurrences="1" name="Find-area-of-circle"/>
        <Skill category="8-22_area-of-polygons-and-circles" occurrences="1" name="Find-area-of-simple-polygon/shape"/>
        <Skill category="8-22_area-of-polygons-and-circles" occurrences="1" name="Find-area-of-complex-shape"/>
      </Skills>
    </Problem>
    <Problem selection_features="" problem_file="16quarterCircle.brd" description="16" student_interface="8-22.swf" label="16" name="16" student_interface_class="" tutor_flag="tutor" team_role="0">
      <Skills>
        <Skill category="8-22_area-of-polygons-and-circles" occurrences="1" name="-"/>
        <Skill category="8-22_area-of-polygons-and-circles" occurrences="1" name="Find-circumference-of-circle"/>
        <Skill category="8-22_area-of-polygons-and-circles" occurrences="1" name="Enter-given"/>
        <Skill category="8-22_area-of-polygons-and-circles" occurrences="1" name="Find-perimeter-of-complex-shape"/>
        <Skill category="8-22_area-of-polygons-and-circles" occurrences="1" name="Find-length-of-arc"/>
      </Skills>
    </Problem>
    <Problem selection_features="" problem_file="17star.brd" description="17" student_interface="8-22.swf" label="17" name="17" student_interface_class="" tutor_flag="tutor" team_role="0">
      <Skills>
        <Skill category="8-22_area-of-polygons-and-circles" occurrences="1" name="-"/>
        <Skill category="8-22_area-of-polygons-and-circles" occurrences="1" name="Enter-given"/>
        <Skill category="8-22_area-of-polygons-and-circles" occurrences="1" name="Find-area-of-circle"/>
        <Skill category="8-22_area-of-polygons-and-circles" occurrences="1" name="Find-radius/diameter"/>
        <Skill category="8-22_area-of-polygons-and-circles" occurrences="1" name="Find-area-of-simple-polygon/shape"/>
        <Skill category="8-22_area-of-polygons-and-circles" occurrences="1" name="Find-area-of-complex-shape"/>
      </Skills>
    </Problem>
    <Problem selection_features="" problem_file="18shaded.brd" description="18" student_interface="8-22.swf" label="18" name="18" student_interface_class="" tutor_flag="tutor" team_role="0">
      <Skills>
        <Skill category="8-22_area-of-polygons-and-circles" occurrences="1" name="-"/>
        <Skill category="8-22_area-of-polygons-and-circles" occurrences="1" name="Find-radius/diameter"/>
        <Skill category="8-22_area-of-polygons-and-circles" occurrences="1" name="Find-area-of-simple-polygon/shape"/>
        <Skill category="8-22_area-of-polygons-and-circles" occurrences="1" name="Find-area-of-circle"/>
        <Skill category="8-22_area-of-polygons-and-circles" occurrences="1" name="Find-area-of-complex-shape"/>
      </Skills>
    </Problem>
    <Problem selection_features="" problem_file="19shaded.brd" description="19" student_interface="8-22.swf" label="19" name="19" student_interface_class="" tutor_flag="tutor" team_role="0">
      <Skills>
        <Skill category="8-22_area-of-polygons-and-circles" occurrences="1" name="-"/>
        <Skill category="8-22_area-of-polygons-and-circles" occurrences="1" name="Enter-given"/>
        <Skill category="8-22_area-of-polygons-and-circles" occurrences="1" name="Find-area-of-complex-shape"/>
        <Skill category="8-22_area-of-polygons-and-circles" occurrences="1" name="Find-radius/diameter"/>
        <Skill category="8-22_area-of-polygons-and-circles" occurrences="1" name="Find-length-of-a-side"/>
      </Skills>
    </Problem>
    <Problem selection_features="" problem_file="20pill.brd" description="20" student_interface="8-22.swf" label="20" name="20" student_interface_class="" tutor_flag="tutor" team_role="0">
      <Skills>
        <Skill category="8-22_area-of-polygons-and-circles" occurrences="1" name="-"/>
        <Skill category="8-22_area-of-polygons-and-circles" occurrences="1" name="Find-area-of-complex-shape"/>
        <Skill category="8-22_area-of-polygons-and-circles" occurrences="1" name="Find-radius/diameter"/>
        <Skill category="8-22_area-of-polygons-and-circles" occurrences="1" name="Find-area-of-simple-polygon/shape"/>
        <Skill category="8-22_area-of-polygons-and-circles" occurrences="1" name="Find-area-of-circle"/>
      </Skills>
    </Problem>
    <Problem selection_features="" problem_file="21mix.brd" description="21" student_interface="8-22.swf" label="21" name="21" student_interface_class="" tutor_flag="tutor" team_role="0">
      <Skills>
        <Skill category="8-22_area-of-polygons-and-circles" occurrences="1" name="-"/>
        <Skill category="8-22_area-of-polygons-and-circles" occurrences="1" name="Enter-given"/>
        <Skill category="8-22_area-of-polygons-and-circles" occurrences="1" name="Find-area-of-simple-polygon/shape"/>
        <Skill category="8-22_area-of-polygons-and-circles" occurrences="1" name="Find-length-of-a-side"/>
        <Skill category="8-22_area-of-polygons-and-circles" occurrences="1" name="Find-area-of-complex-shape"/>
      </Skills>
    </Problem>
    <Problem selection_features="" problem_file="22mix.brd" description="22" student_interface="8-22.swf" label="22" name="22" student_interface_class="" tutor_flag="tutor" team_role="0">
      <Skills>
        <Skill category="8-22_area-of-polygons-and-circles" occurrences="1" name="-"/>
        <Skill category="8-22_area-of-polygons-and-circles" occurrences="1" name="Find-area-of-simple-polygon/shape"/>
        <Skill category="8-22_area-of-polygons-and-circles" occurrences="1" name="Find-radius/diameter"/>
        <Skill category="8-22_area-of-polygons-and-circles" occurrences="1" name="Find-area-of-complex-shape"/>
      </Skills>
    </Problem>
    <Problem selection_features="" problem_file="23shaded.brd" description="23" student_interface="8-22.swf" label="23" name="23" student_interface_class="" tutor_flag="tutor" team_role="0">
      <Skills>
        <Skill category="8-22_area-of-polygons-and-circles" occurrences="1" name="Enter-given"/>
        <Skill category="8-22_area-of-polygons-and-circles" occurrences="1" name="-"/>
        <Skill category="8-22_area-of-polygons-and-circles" occurrences="1" name="Find-length-of-a-side"/>
        <Skill category="8-22_area-of-polygons-and-circles" occurrences="1" name="Find-area-of-simple-polygon/shape"/>
        <Skill category="8-22_area-of-polygons-and-circles" occurrences="1" name="Find-area-of-complex-shape"/>
      </Skills>
    </Problem>
    <Problem selection_features="" problem_file="24tail.brd" description="24" student_interface="8-22.swf" label="24" name="24" student_interface_class="" tutor_flag="tutor" team_role="0">
      <Skills>
        <Skill category="8-22_area-of-polygons-and-circles" occurrences="1" name="-"/>
        <Skill category="8-22_area-of-polygons-and-circles" occurrences="1" name="Find-area-of-simple-polygon/shape"/>
        <Skill category="8-22_area-of-polygons-and-circles" occurrences="1" name="Find-area-of-complex-shape"/>
      </Skills>
    </Problem>
    <Problem selection_features="" problem_file="25shaded.brd" description="25" student_interface="8-22.swf" label="25" name="25" student_interface_class="" tutor_flag="tutor" team_role="0">
      <Skills>
        <Skill category="8-22_area-of-polygons-and-circles" occurrences="1" name="-"/>
        <Skill category="8-22_area-of-polygons-and-circles" occurrences="1" name="Find-area-of-complex-shape"/>
        <Skill category="8-22_area-of-polygons-and-circles" occurrences="1" name="Find-length-of-arc"/>
        <Skill category="8-22_area-of-polygons-and-circles" occurrences="1" name="Find-radius/diameter"/>
        <Skill category="8-22_area-of-polygons-and-circles" occurrences="1" name="Find-perimeter-of-complex-shape"/>
        <Skill category="8-22_area-of-polygons-and-circles" occurrences="1" name="Find-area-of-simple-polygon/shape"/>
      </Skills>
    </Problem>
    <Problem selection_features="" problem_file="26icecream.brd" description="26" student_interface="8-22.swf" label="26" name="26" student_interface_class="" tutor_flag="tutor" team_role="0">
      <Skills>
        <Skill category="8-22_area-of-polygons-and-circles" occurrences="1" name="-"/>
        <Skill category="8-22_area-of-polygons-and-circles" occurrences="1" name="Find-radius/diameter"/>
        <Skill category="8-22_area-of-polygons-and-circles" occurrences="1" name="Find-area-of-simple-polygon/shape"/>
        <Skill category="8-22_area-of-polygons-and-circles" occurrences="1" name="Find-area-of-complex-shape"/>
      </Skills>
    </Problem>
  </Problems>
  <Categories>
    <Collection category="" description="Released Problem Sets" parent_category="" label="Released Problem Sets" parent_name="" name="general"/>
    <Standard category="standard" description="PA Assessment Anchors" parent_category="" label="PA Assessment Anchors" parent_name="" name="PA"/>
    <Standard category="standard" description="NCTM Curriculum Focal Points" parent_category="" label="NCTM Curriculum Focal Points" parent_name="" name="NCTM"/>
    <Standard category="standard" description="Common Core Standards" parent_category="" label="Common Core Standards" parent_name="" name="CommonCore"/>
    <Standard category="standard" description="Student Standards" parent_category="" label="Problem Set Categories" parent_name="" name="Student"/>
    <Grade category="" description="6th Grade" parent_category="" label="6th Grade" parent_name="" name="6"/>
    <Grade category="" description="7th Grade" parent_category="" label="7th Grade" parent_name="" name="7"/>
    <Grade category="" description="8th Grade" parent_category="" label="8th Grade" parent_name="" name="8"/>
    <Standard category="reporting_category" description="B. Measurement" parent_category="standard" label="B. Measurement" parent_name="PA" name="PA.B"/>
    <Standard category="assessment_anchor" description="B.2. Apply appropriate techniques, tools and formulas to determine measurements." parent_category="reporting_category" label="B.2. Techniques, Tools and Formulas" parent_name="PA.B" name="PA.B.2"/>
    <Standard category="strand" description="D. Measurement" parent_category="standard" label="D. Measurement" parent_name="NCTM" name="NCTM.D"/>
    <Standard category="grade_level" description="6th Grade" parent_category="standard" label="6th Grade" parent_name="CommonCore" name="CommonCore.6"/>
    <Standard category="strand" description="6.G. Geometry" parent_category="grade_level" label="6.G. Geometry" parent_name="CommonCore.6" name="CommonCore.6.G"/>
    <Standard category="strand" description="Area, Perimeter, Circumference" parent_category="standard" label="Area, Perimeter, Circumference" parent_name="Student" name="Student.APC"/>
  </Categories>
  <Skills>
    <Skill category="8-22_area-of-polygons-and-circles" pKnown="0.25" description="-" pLearn="0.2" label="-" name="-" pGuess="0.2" pSlip="0.1"/>
    <Skill category="8-22_area-of-polygons-and-circles" pKnown="0.25" description="Apply inverse operation" pLearn="0.2" label="Apply inverse operation" name="Apply-inverse-operation" pGuess="0.2" pSlip="0.1"/>
    <Skill category="8-22_area-of-polygons-and-circles" pKnown="0.25" description="Enter given" pLearn="0.2" label="Enter given" name="Enter-given" pGuess="0.2" pSlip="0.1"/>
    <Skill category="8-22_area-of-polygons-and-circles" pKnown="0.25" description="Find area of circle" pLearn="0.2" label="Find area of circle" name="Find-area-of-circle" pGuess="0.2" pSlip="0.1"/>
    <Skill category="8-22_area-of-polygons-and-circles" pKnown="0.25" description="Find area of complex shape" pLearn="0.2" label="Find area of complex shape" name="Find-area-of-complex-shape" pGuess="0.2" pSlip="0.1"/>
    <Skill category="8-22_area-of-polygons-and-circles" pKnown="0.25" description="Find area of simple polygon/shape" pLearn="0.2" label="Find area of simple polygon/shape" name="Find-area-of-simple-polygon/shape" pGuess="0.2" pSlip="0.1"/>
    <Skill category="8-22_area-of-polygons-and-circles" pKnown="0.25" description="Find circumference of circle" pLearn="0.2" label="Find circumference of circle" name="Find-circumference-of-circle" pGuess="0.2" pSlip="0.1"/>
    <Skill category="8-22_area-of-polygons-and-circles" pKnown="0.25" description="Find length of a side" pLearn="0.2" label="Find length of a side" name="Find-length-of-a-side" pGuess="0.2" pSlip="0.1"/>
    <Skill category="8-22_area-of-polygons-and-circles" pKnown="0.25" description="Find length of arc" pLearn="0.2" label="Find length of arc" name="Find-length-of-arc" pGuess="0.2" pSlip="0.1"/>
    <Skill category="8-22_area-of-polygons-and-circles" pKnown="0.25" description="Find perimeter of complex shape" pLearn="0.2" label="Find perimeter of complex shape" name="Find-perimeter-of-complex-shape" pGuess="0.2" pSlip="0.1"/>
    <Skill category="8-22_area-of-polygons-and-circles" pKnown="0.25" description="Find perimeter of simple polygon/shape" pLearn="0.2" label="Find perimeter of simple polygon/shape" name="Find-perimeter-of-simple-polygon/shape" pGuess="0.2" pSlip="0.1"/>
    <Skill category="8-22_area-of-polygons-and-circles" pKnown="0.25" description="Find radius/diameter" pLearn="0.2" label="Find radius/diameter" name="Find-radius/diameter" pGuess="0.2" pSlip="0.1"/>
  </Skills>
  <Assets>
  </Assets>
</ProblemSet>
