<?xml version="1.0" encoding="UTF-8"?>
<ProblemSet initial_sequence="0" selection_algorithm="sequential" max_count="1000" description="Asks student to use a number line to model division of fractions in a contextual problem." max_repeat="1" label="6.36 Fraction Division" team_size="1" name="6.36" picture="">
  <Problems>
    <Problem selection_features="" problem_file="01num.brd" description="what is 2 divided by 1/4?" student_interface="6_36.swf" label="what is 2 divided by 1/4?" name="01" student_interface_class="" tutor_flag="tutor" team_role="0">
      <Skills>
        <Skill category="6-36_Fraction_Division" occurrences="1" name="FindQuot"/>
        <Skill category="6-36_Fraction_Division" occurrences="1" name="NumSections"/>
        <Skill category="6-36_Fraction_Division" occurrences="1" name="IdenWholeGroup"/>
        <Skill category="6-36_Fraction_Division" occurrences="1" name="IdenFracGroup"/>
        <Skill category="6-36_Fraction_Division" occurrences="1" name="IdenDividend"/>
        <Skill category="6-36_Fraction_Division" occurrences="12" name="MarkNumLine"/>
      </Skills>
    </Problem>
    <Problem selection_features="" problem_file="02ribbon.brd" description="You have 2 yards of ribbon and you want to make bows with it." student_interface="6_36.swf" label="You have 2 yards of ribbon and you want to make bows with it." name="02 Ribbon" student_interface_class="" tutor_flag="tutor" team_role="0">
      <Skills>
        <Skill category="6-36_Fraction_Division" occurrences="1" name="FindQuot"/>
        <Skill category="6-36_Fraction_Division" occurrences="1" name="NumSections"/>
        <Skill category="6-36_Fraction_Division" occurrences="1" name="IdenWholeGroup"/>
        <Skill category="6-36_Fraction_Division" occurrences="1" name="IdenFracGroup"/>
        <Skill category="6-36_Fraction_Division" occurrences="1" name="IdenDividend"/>
        <Skill category="6-36_Fraction_Division" occurrences="12" name="MarkNumLine"/>
      </Skills>
    </Problem>
    <Problem selection_features="" problem_file="03ribbon.brd" description="You have 2 yards of ribbon again." student_interface="6_36.swf" label="You have 2 yards of ribbon again." name="03 Ribbon" student_interface_class="" tutor_flag="tutor" team_role="0">
      <Skills>
        <Skill category="6-36_Fraction_Division" occurrences="1" name="FindQuot"/>
        <Skill category="6-36_Fraction_Division" occurrences="1" name="NumSections"/>
        <Skill category="6-36_Fraction_Division" occurrences="1" name="IdenWholeGroup"/>
        <Skill category="6-36_Fraction_Division" occurrences="1" name="IdenFracGroup"/>
        <Skill category="6-36_Fraction_Division" occurrences="1" name="IdenDividend"/>
        <Skill category="6-36_Fraction_Division" occurrences="12" name="MarkNumLine"/>
      </Skills>
    </Problem>
    <Problem selection_features="" problem_file="04cd.brd" description="Mary the carpenter is making shelves for her CD rack." student_interface="6_36.swf" label="Mary the carpenter is making shelves for her CD rack." name="04 CD Rack" student_interface_class="" tutor_flag="tutor" team_role="0">
      <Skills>
        <Skill category="6-36_Fraction_Division" occurrences="1" name="FindQuot"/>
        <Skill category="6-36_Fraction_Division" occurrences="1" name="NumSections"/>
        <Skill category="6-36_Fraction_Division" occurrences="1" name="IdenWholeGroup"/>
        <Skill category="6-36_Fraction_Division" occurrences="1" name="IdenFracGroup"/>
        <Skill category="6-36_Fraction_Division" occurrences="1" name="IdenDividend"/>
        <Skill category="6-36_Fraction_Division" occurrences="12" name="MarkNumLine"/>
      </Skills>
    </Problem>
    <Problem selection_features="" problem_file="05num.brd" description="how many halves are in 5?" student_interface="6_36.swf" label="how many halves are in 5?" name="05" student_interface_class="" tutor_flag="tutor" team_role="0">
      <Skills>
        <Skill category="6-36_Fraction_Division" occurrences="1" name="FindQuot"/>
        <Skill category="6-36_Fraction_Division" occurrences="1" name="NumSections"/>
        <Skill category="6-36_Fraction_Division" occurrences="1" name="IdenWholeGroup"/>
        <Skill category="6-36_Fraction_Division" occurrences="1" name="IdenFracGroup"/>
        <Skill category="6-36_Fraction_Division" occurrences="1" name="IdenDividend"/>
        <Skill category="6-36_Fraction_Division" occurrences="12" name="MarkNumLine"/>
      </Skills>
    </Problem>
    <Problem selection_features="" problem_file="06rocket.brd" description="Jim is building a model rocket that is 4 yards long." student_interface="6_36.swf" label="Jim is building a model rocket that is 4 yards long." name="06 Rocket Model" student_interface_class="" tutor_flag="tutor" team_role="0">
      <Skills>
        <Skill category="6-36_Fraction_Division" occurrences="1" name="FindQuot"/>
        <Skill category="6-36_Fraction_Division" occurrences="1" name="NumSections"/>
        <Skill category="6-36_Fraction_Division" occurrences="1" name="IdenWholeGroup"/>
        <Skill category="6-36_Fraction_Division" occurrences="1" name="IdenFracGroup"/>
        <Skill category="6-36_Fraction_Division" occurrences="1" name="IdenDividend"/>
        <Skill category="6-36_Fraction_Division" occurrences="12" name="MarkNumLine"/>
      </Skills>
    </Problem>
    <Problem selection_features="" problem_file="07num.brd" description="What is 2 divided by 2/5?" student_interface="6_36.swf" label="What is 2 divided by 2/5?" name="07" student_interface_class="" tutor_flag="tutor" team_role="0">
      <Skills>
        <Skill category="6-36_Fraction_Division" occurrences="1" name="FindQuot"/>
        <Skill category="6-36_Fraction_Division" occurrences="1" name="NumSections"/>
        <Skill category="6-36_Fraction_Division" occurrences="1" name="IdenWholeGroup"/>
        <Skill category="6-36_Fraction_Division" occurrences="1" name="IdenFracGroup"/>
        <Skill category="6-36_Fraction_Division" occurrences="1" name="IdenDividend"/>
        <Skill category="6-36_Fraction_Division" occurrences="12" name="MarkNumLine"/>
      </Skills>
    </Problem>
    <Problem selection_features="" problem_file="08num.brd" description="How many 3/4 are in 6?" student_interface="6_36.swf" label="How many 3/4 are in 6?" name="08" student_interface_class="" tutor_flag="tutor" team_role="0">
      <Skills>
        <Skill category="6-36_Fraction_Division" occurrences="1" name="FindQuot"/>
        <Skill category="6-36_Fraction_Division" occurrences="1" name="NumSections"/>
        <Skill category="6-36_Fraction_Division" occurrences="1" name="IdenWholeGroup"/>
        <Skill category="6-36_Fraction_Division" occurrences="1" name="IdenFracGroup"/>
        <Skill category="6-36_Fraction_Division" occurrences="1" name="IdenDividend"/>
        <Skill category="6-36_Fraction_Division" occurrences="12" name="MarkNumLine"/>
      </Skills>
    </Problem>
    <Problem selection_features="" problem_file="09ribbon.brd" description="You have 6 yards of ribbon." student_interface="6_36.swf" label="You have 6 yards of ribbon." name="09 Ribbon" student_interface_class="" tutor_flag="tutor" team_role="0">
      <Skills>
        <Skill category="6-36_Fraction_Division" occurrences="1" name="FindQuot"/>
        <Skill category="6-36_Fraction_Division" occurrences="1" name="NumSections"/>
        <Skill category="6-36_Fraction_Division" occurrences="1" name="IdenWholeGroup"/>
        <Skill category="6-36_Fraction_Division" occurrences="1" name="IdenFracGroup"/>
        <Skill category="6-36_Fraction_Division" occurrences="1" name="IdenDividend"/>
        <Skill category="6-36_Fraction_Division" occurrences="12" name="MarkNumLine"/>
      </Skills>
    </Problem>
    <Problem selection_features="" problem_file="10garden.brd" description="Yvonne is growing some green beans in her garden." student_interface="6_36.swf" label="Yvonne is growing some green beans in her garden." name="10 Garden" student_interface_class="" tutor_flag="tutor" team_role="0">
      <Skills>
        <Skill category="6-36_Fraction_Division" occurrences="1" name="FindQuot"/>
        <Skill category="6-36_Fraction_Division" occurrences="1" name="NumSections"/>
        <Skill category="6-36_Fraction_Division" occurrences="1" name="IdenWholeGroup"/>
        <Skill category="6-36_Fraction_Division" occurrences="1" name="IdenFracGroup"/>
        <Skill category="6-36_Fraction_Division" occurrences="1" name="IdenDividend"/>
        <Skill category="6-36_Fraction_Division" occurrences="12" name="MarkNumLine"/>
      </Skills>
    </Problem>
    <Problem selection_features="" problem_file="11quilt.brd" description="Gid is cutting fabric strings to make a quilt." student_interface="6_36.swf" label="Gid is cutting fabric strings to make a quilt." name="11 Quilt" student_interface_class="" tutor_flag="tutor" team_role="0">
      <Skills>
        <Skill category="6-36_Fraction_Division" occurrences="1" name="FindQuot"/>
        <Skill category="6-36_Fraction_Division" occurrences="1" name="NumSections"/>
        <Skill category="6-36_Fraction_Division" occurrences="1" name="IdenWholeGroup"/>
        <Skill category="6-36_Fraction_Division" occurrences="1" name="IdenFracGroup"/>
        <Skill category="6-36_Fraction_Division" occurrences="1" name="IdenDividend"/>
        <Skill category="6-36_Fraction_Division" occurrences="12" name="MarkNumLine"/>
      </Skills>
    </Problem>
    <Problem selection_features="" problem_file="12film.brd" description="Andy makes a show by filming episodes where each are exactly 40 minutes long, or 2/3 of an hour." student_interface="6_36.swf" label="Andy makes a show by filming episodes where each are exactly 40 minutes long, or 2/3 of an hour." name="12 Film Episodes" student_interface_class="" tutor_flag="tutor" team_role="0">
      <Skills>
        <Skill category="6-36_Fraction_Division" occurrences="1" name="FindQuot"/>
        <Skill category="6-36_Fraction_Division" occurrences="1" name="NumSections"/>
        <Skill category="6-36_Fraction_Division" occurrences="1" name="IdenWholeGroup"/>
        <Skill category="6-36_Fraction_Division" occurrences="1" name="IdenFracGroup"/>
        <Skill category="6-36_Fraction_Division" occurrences="1" name="IdenDividend"/>
        <Skill category="6-36_Fraction_Division" occurrences="12" name="MarkNumLine"/>
      </Skills>
    </Problem>
    <Problem selection_features="" problem_file="13runner.brd" description="For its anniversary celebration, the town of Flint is planning to sponsor a relay run to its new sister city of Elmdale." student_interface="6_36.swf" label="For its anniversary celebration, the town of Flint is planning to sponsor a relay run to its new sister city of Elmdale." name="13 Runner" student_interface_class="" tutor_flag="tutor" team_role="0">
      <Skills>
        <Skill category="6-36_Fraction_Division" occurrences="1" name="FindQuot"/>
        <Skill category="6-36_Fraction_Division" occurrences="1" name="NumSections"/>
        <Skill category="6-36_Fraction_Division" occurrences="1" name="IdenWholeGroup"/>
        <Skill category="6-36_Fraction_Division" occurrences="1" name="IdenFracGroup"/>
        <Skill category="6-36_Fraction_Division" occurrences="1" name="IdenDividend"/>
        <Skill category="6-36_Fraction_Division" occurrences="12" name="MarkNumLine"/>
      </Skills>
    </Problem>
    <Problem selection_features="" problem_file="14num.brd" description="What is 7 divided by 1 2/5?" student_interface="6_36.swf" label="What is 7 divided by 1 2/5?" name="14" student_interface_class="" tutor_flag="tutor" team_role="0">
      <Skills>
        <Skill category="6-36_Fraction_Division" occurrences="1" name="FindQuot"/>
        <Skill category="6-36_Fraction_Division" occurrences="1" name="NumSections"/>
        <Skill category="6-36_Fraction_Division" occurrences="1" name="IdenWholeGroup"/>
        <Skill category="6-36_Fraction_Division" occurrences="1" name="IdenFracGroup"/>
        <Skill category="6-36_Fraction_Division" occurrences="1" name="IdenDividend"/>
        <Skill category="6-36_Fraction_Division" occurrences="12" name="MarkNumLine"/>
      </Skills>
    </Problem>
    <Problem selection_features="" problem_file="15book.brd" description="Simon buys an encyclopedia and brings it home. Each volume is 2 1/2 inches thick." student_interface="6_36.swf" label="Simon buys an encyclopedia and brings it home. Each volume is 2 1/2 inches thick." name="15 Book" student_interface_class="" tutor_flag="tutor" team_role="0">
      <Skills>
        <Skill category="6-36_Fraction_Division" occurrences="1" name="FindQuot"/>
        <Skill category="6-36_Fraction_Division" occurrences="1" name="NumSections"/>
        <Skill category="6-36_Fraction_Division" occurrences="1" name="IdenWholeGroup"/>
        <Skill category="6-36_Fraction_Division" occurrences="1" name="IdenFracGroup"/>
        <Skill category="6-36_Fraction_Division" occurrences="1" name="IdenDividend"/>
        <Skill category="6-36_Fraction_Division" occurrences="12" name="MarkNumLine"/>
      </Skills>
    </Problem>
    <Problem selection_features="" problem_file="16hiking.brd" description="The city of Osage is building a new part with a hiking trail." student_interface="6_36.swf" label="The city of Osage is building a new part with a hiking trail." name="16 Hiking Trail" student_interface_class="" tutor_flag="tutor" team_role="0">
      <Skills>
        <Skill category="6-36_Fraction_Division" occurrences="1" name="FindQuot"/>
        <Skill category="6-36_Fraction_Division" occurrences="1" name="NumSections"/>
        <Skill category="6-36_Fraction_Division" occurrences="1" name="IdenWholeGroup"/>
        <Skill category="6-36_Fraction_Division" occurrences="1" name="IdenFracGroup"/>
        <Skill category="6-36_Fraction_Division" occurrences="1" name="IdenDividend"/>
        <Skill category="6-36_Fraction_Division" occurrences="12" name="MarkNumLine"/>
      </Skills>
    </Problem>
    <Problem selection_features="" problem_file="17num.brd" description="what is 7 divided by 3 1/2?" student_interface="6_36.swf" label="what is 7 divided by 3 1/2?" name="17" student_interface_class="" tutor_flag="tutor" team_role="0">
      <Skills>
        <Skill category="6-36_Fraction_Division" occurrences="1" name="FindQuot"/>
        <Skill category="6-36_Fraction_Division" occurrences="1" name="NumSections"/>
        <Skill category="6-36_Fraction_Division" occurrences="1" name="IdenWholeGroup"/>
        <Skill category="6-36_Fraction_Division" occurrences="1" name="IdenFracGroup"/>
        <Skill category="6-36_Fraction_Division" occurrences="1" name="IdenDividend"/>
        <Skill category="6-36_Fraction_Division" occurrences="12" name="MarkNumLine"/>
      </Skills>
    </Problem>
    <Problem selection_features="" problem_file="18vest.brd" description="Mr. Tailor bought 8 yards of fabric to make vests." student_interface="6_36.swf" label="Mr. Tailor bought 8 yards of fabric to make vests." name="18 Vest" student_interface_class="" tutor_flag="tutor" team_role="0">
      <Skills>
        <Skill category="6-36_Fraction_Division" occurrences="1" name="FindQuot"/>
        <Skill category="6-36_Fraction_Division" occurrences="1" name="NumSections"/>
        <Skill category="6-36_Fraction_Division" occurrences="1" name="IdenWholeGroup"/>
        <Skill category="6-36_Fraction_Division" occurrences="1" name="IdenFracGroup"/>
        <Skill category="6-36_Fraction_Division" occurrences="1" name="IdenDividend"/>
        <Skill category="6-36_Fraction_Division" occurrences="12" name="MarkNumLine"/>
      </Skills>
    </Problem>
    <Problem selection_features="" problem_file="19painting.brd" description="Philip must finish 5 posters in 10 hours!" student_interface="6_36.swf" label="Philip must finish 5 posters in 10 hours!" name="19 Painting" student_interface_class="" tutor_flag="tutor" team_role="0">
      <Skills>
        <Skill category="6-36_Fraction_Division" occurrences="1" name="FindQuot"/>
        <Skill category="6-36_Fraction_Division" occurrences="1" name="NumSections"/>
        <Skill category="6-36_Fraction_Division" occurrences="1" name="IdenWholeGroup"/>
        <Skill category="6-36_Fraction_Division" occurrences="1" name="IdenFracGroup"/>
        <Skill category="6-36_Fraction_Division" occurrences="1" name="IdenDividend"/>
        <Skill category="6-36_Fraction_Division" occurrences="12" name="MarkNumLine"/>
      </Skills>
    </Problem>
  </Problems>
  <Categories>
    <Collection category="" description="Released Problem Sets" parent_category="" label="Released Problem Sets" parent_name="" name="general"/>
    <Standard category="standard" description="PA Assessment Anchors" parent_category="" label="PA Assessment Anchors" parent_name="" name="PA"/>
    <Standard category="standard" description="NCTM Curriculum Focal Points" parent_category="" label="NCTM Curriculum Focal Points" parent_name="" name="NCTM"/>
    <Standard category="standard" description="Common Core Standards" parent_category="" label="Common Core Standards" parent_name="" name="CommonCore"/>
    <Standard category="standard" description="Student Standards" parent_category="" label="Problem Set Categories" parent_name="" name="Student"/>
    <Grade category="" description="6th Grade" parent_category="" label="6th Grade" parent_name="" name="6"/>
    <Standard category="reporting_category" description="A. Numbers and Operations" parent_category="standard" label="A. Numbers and Operations" parent_name="PA" name="PA.A"/>
    <Standard category="assessment_anchor" description="A.3. Compute accurately and fluently and make reasonable estimates." parent_category="reporting_category" label="A.3. Computation and Estimation" parent_name="PA.A" name="PA.A.3"/>
    <Standard category="strand" description="A. Numbers and Operations" parent_category="standard" label="A. Numbers and Operations" parent_name="NCTM" name="NCTM.A"/>
    <Standard category="grade_level" description="6th Grade" parent_category="standard" label="6th Grade" parent_name="CommonCore" name="CommonCore.6"/>
    <Standard category="strand" description="6.NS. The Number System" parent_category="grade_level" label="6.NS. The Number System" parent_name="CommonCore.6" name="CommonCore.6.NS"/>
    <Standard category="strand" description="Working with Fractions" parent_category="standard" label="Working with Fractions" parent_name="Student" name="Student.WF"/>
  </Categories>
  <Skills>
    <Skill category="6-36_Fraction_Division" pKnown="0.25" description="Find quotient" pLearn="0.2" label="Find quotient" name="FindQuot" pGuess="0.2" pSlip="0.1"/>
    <Skill category="6-36_Fraction_Division" pKnown="0.25" description="Identify fraction group size" pLearn="0.2" label="Identify fraction group size" name="IdenFracGroup" pGuess="0.2" pSlip="0.1"/>
    <Skill category="6-36_Fraction_Division" pKnown="0.25" description="Identified the dividend." pLearn="0.2" label="Identify starting amount" name="IdenDividend" pGuess="0.2" pSlip="0.1"/>
    <Skill category="6-36_Fraction_Division" pKnown="0.25" description="Identify whole number group size" pLearn="0.2" label="Identify whole number group size" name="IdenWholeGroup" pGuess="0.2" pSlip="0.1"/>
    <Skill category="6-36_Fraction_Division" pKnown="0.25" description="Identity number of sections" pLearn="0.2" label="Identity number of sections" name="NumSections" pGuess="0.2" pSlip="0.1"/>
    <Skill category="6-36_Fraction_Division" pKnown="0.25" description="Mark number line" pLearn="0.2" label="Mark number line" name="MarkNumLine" pGuess="0.2" pSlip="0.1"/>
  </Skills>
  <Assets>
  </Assets>
</ProblemSet>
