<?xml version="1.0" encoding="UTF-8"?>
<ProblemSet max_count="1000" status="Active" team_size="1" initial_sequence="0" description="The student is asked to compare two options using different scaled amounts to determine which is better." max_repeat="1" label="7.15 Proportional Reasoning" picture="" selection_algorithm="sequential" name="7.15">
  <Problems>
    <Problem tutor_flag="tutor" student_interface="Unit15.swf" description="Which option of tickets is a better buy?" label="Which option of tickets is a better buy?" selection_features="" name="Problem1" problem_file="1.brd" team_role="0" student_interface_class="">
      <Skills>
        <Skill category="Proportional-Reasoning" name="Choose-correct-Operator" occurrences="12"/>
        <Skill category="Proportional-Reasoning" name="Calculate-Y-Given-X" occurrences="6"/>
        <Skill category="Proportional-Reasoning" name="Choose-Correct-Option" occurrences="1"/>
        <Skill category="Proportional-Reasoning" name="Enter-correct-Multiplier/Divisor" occurrences="12"/>
      </Skills>
    </Problem>
    <Problem tutor_flag="tutor" student_interface="Unit15.swf" description="Which Phone Company offers a better deal?" label="Which Phone Company offers a better deal?" selection_features="" name="Problem2" problem_file="2.brd" team_role="0" student_interface_class="">
      <Skills>
        <Skill category="Proportional-Reasoning" name="Choose-correct-Operator" occurrences="12"/>
        <Skill category="Proportional-Reasoning" name="Calculate-Y-Given-X" occurrences="6"/>
        <Skill category="Proportional-Reasoning" name="Choose-Correct-Option" occurrences="1"/>
        <Skill category="Proportional-Reasoning" name="Enter-correct-Multiplier/Divisor" occurrences="12"/>
      </Skills>
    </Problem>
    <Problem tutor_flag="tutor" student_interface="Unit15.swf" description="Which theme park pass is a better buy?" label="Which theme park pass is a better buy?" selection_features="" name="Problem3" problem_file="3.brd" team_role="0" student_interface_class="">
      <Skills>
        <Skill category="Proportional-Reasoning" name="Choose-correct-Operator" occurrences="12"/>
        <Skill category="Proportional-Reasoning" name="Calculate-Y-Given-X" occurrences="6"/>
        <Skill category="Proportional-Reasoning" name="Choose-Correct-Option" occurrences="1"/>
        <Skill category="Proportional-Reasoning" name="Enter-correct-Multiplier/Divisor" occurrences="12"/>
      </Skills>
    </Problem>
    <Problem tutor_flag="tutor" student_interface="Unit15.swf" description="Which truck gets better mileage?" label="Which truck gets better mileage?" selection_features="" name="Problem4" problem_file="9.brd" team_role="0" student_interface_class="">
      <Skills>
        <Skill category="Proportional-Reasoning" name="Choose-correct-Operator" occurrences="12"/>
        <Skill category="Proportional-Reasoning" name="Calculate-Y-Given-X" occurrences="6"/>
        <Skill category="Proportional-Reasoning" name="Choose-Correct-Option" occurrences="1"/>
        <Skill category="Proportional-Reasoning" name="Enter-correct-Multiplier/Divisor" occurrences="12"/>
      </Skills>
    </Problem>
    <Problem tutor_flag="tutor" student_interface="Unit15.swf" description="Which option of lollipops is a better buy?" label="Which option of lollipops is a better buy?" selection_features="" name="Problem5" problem_file="5.brd" team_role="0" student_interface_class="">
      <Skills>
        <Skill category="Proportional-Reasoning" name="Choose-correct-Operator" occurrences="12"/>
        <Skill category="Proportional-Reasoning" name="Calculate-Y-Given-X" occurrences="6"/>
        <Skill category="Proportional-Reasoning" name="Choose-Correct-Option" occurrences="1"/>
        <Skill category="Proportional-Reasoning" name="Enter-correct-Multiplier/Divisor" occurrences="12"/>
      </Skills>
    </Problem>
    <Problem tutor_flag="tutor" student_interface="Unit15.swf" description="Which option of soda cans is a better buy?" label="Which option of soda cans is a better buy?" selection_features="" name="Problem6" problem_file="6.brd" team_role="0" student_interface_class="">
      <Skills>
        <Skill category="Proportional-Reasoning" name="Choose-correct-Operator" occurrences="12"/>
        <Skill category="Proportional-Reasoning" name="Calculate-Y-Given-X" occurrences="6"/>
        <Skill category="Proportional-Reasoning" name="Choose-Correct-Option" occurrences="1"/>
        <Skill category="Proportional-Reasoning" name="Enter-correct-Multiplier/Divisor" occurrences="12"/>
      </Skills>
    </Problem>
    <Problem tutor_flag="tutor" student_interface="Unit15.swf" description="Who made the most money working?" label="Who made the most money working?" selection_features="" name="Problem7" problem_file="4.brd" team_role="0" student_interface_class="">
      <Skills>
        <Skill category="Proportional-Reasoning" name="Choose-correct-Operator" occurrences="12"/>
        <Skill category="Proportional-Reasoning" name="Calculate-Y-Given-X" occurrences="6"/>
        <Skill category="Proportional-Reasoning" name="Choose-Correct-Option" occurrences="1"/>
        <Skill category="Proportional-Reasoning" name="Enter-correct-Multiplier/Divisor" occurrences="12"/>
      </Skills>
    </Problem>
    <Problem tutor_flag="tutor" student_interface="Unit15.swf" description="Which is the faster painter?" label="Which is the faster painter?" selection_features="" name="Problem8" problem_file="11.brd" team_role="0" student_interface_class="">
      <Skills>
        <Skill category="Proportional-Reasoning" name="Choose-correct-Operator" occurrences="12"/>
        <Skill category="Proportional-Reasoning" name="Calculate-Y-Given-X" occurrences="6"/>
        <Skill category="Proportional-Reasoning" name="Choose-Correct-Option" occurrences="1"/>
        <Skill category="Proportional-Reasoning" name="Enter-correct-Multiplier/Divisor" occurrences="12"/>
      </Skills>
    </Problem>
    <Problem tutor_flag="tutor" student_interface="Unit15.swf" description="What size of Fruit-Oh Box is a better buy?" label="What size of Fruit-Oh Box is a better buy?" selection_features="" name="Problem9" problem_file="7.brd" team_role="0" student_interface_class="">
      <Skills>
        <Skill category="Proportional-Reasoning" name="Choose-correct-Operator" occurrences="12"/>
        <Skill category="Proportional-Reasoning" name="Calculate-Y-Given-X" occurrences="6"/>
        <Skill category="Proportional-Reasoning" name="Choose-Correct-Option" occurrences="1"/>
        <Skill category="Proportional-Reasoning" name="Enter-correct-Multiplier/Divisor" occurrences="12"/>
      </Skills>
    </Problem>
    <Problem tutor_flag="tutor" student_interface="Unit15.swf" description="Which option of macaroni is a better buy?" label="Which option of macaroni is a better buy?" selection_features="" name="Problem10" problem_file="10.brd" team_role="0" student_interface_class="">
      <Skills>
        <Skill category="Proportional-Reasoning" name="Choose-correct-Operator" occurrences="12"/>
        <Skill category="Proportional-Reasoning" name="Calculate-Y-Given-X" occurrences="6"/>
        <Skill category="Proportional-Reasoning" name="Choose-Correct-Option" occurrences="1"/>
        <Skill category="Proportional-Reasoning" name="Enter-correct-Multiplier/Divisor" occurrences="12"/>
      </Skills>
    </Problem>
    <Problem tutor_flag="tutor" student_interface="Unit15.swf" description="Which option of cookies is a better buy?" label="Which option of cookies is a better buy?" selection_features="" name="Problem11" problem_file="8.brd" team_role="0" student_interface_class="">
      <Skills>
        <Skill category="Proportional-Reasoning" name="Choose-correct-Operator" occurrences="12"/>
        <Skill category="Proportional-Reasoning" name="Calculate-Y-Given-X" occurrences="6"/>
        <Skill category="Proportional-Reasoning" name="Choose-Correct-Option" occurrences="1"/>
        <Skill category="Proportional-Reasoning" name="Enter-correct-Multiplier/Divisor" occurrences="12"/>
      </Skills>
    </Problem>
  </Problems>
  <Categories>
    <Collection parent_name="" description="Released Problem Sets" label="Released Problem Sets" category="" parent_category="" name="general"/>
    <Standard parent_name="" description="PA Assessment Anchors" label="PA Assessment Anchors" category="standard" parent_category="" name="PA"/>
    <Standard parent_name="" description="NCTM Curriculum Focal Points" label="NCTM Curriculum Focal Points" category="standard" parent_category="" name="NCTM"/>
    <Standard parent_name="" description="Student Standards" label="Problem Set Categories" category="standard" parent_category="" name="Student"/>
    <Standard parent_name="" description="Common Core Standards" label="Common Core Standards" category="standard" parent_category="" name="CommonCore"/>
    <Grade parent_name="" description="7th Grade" label="7th Grade" category="" parent_category="" name="7"/>
    <Standard parent_name="PA" description="A. Numbers and Operations" label="A. Numbers and Operations" category="reporting_category" parent_category="standard" name="PA.A"/>
    <Standard parent_name="PA.A" description="A.2. Understand the meanings of operations, use operations and understand how they relate to each other." label="A.2. Operations: Meanings, Uses and Relationships" category="assessment_anchor" parent_category="reporting_category" name="PA.A.2"/>
    <Standard parent_name="NCTM" description="A. Numbers and Operations" label="A. Numbers and Operations" category="strand" parent_category="standard" name="NCTM.A"/>
    <Standard parent_name="CommonCore" description="7th Grade" label="7th Grade" category="grade_level" parent_category="standard" name="CommonCore.7"/>
    <Standard parent_name="CommonCore.7" description="7.RP. Ratios and Proportional Relationships" label="7.RP. Ratios and Proportional Relationships" category="strand" parent_category="grade_level" name="CommonCore.7.RP"/>
    <Standard parent_name="Student" description="Student.Usfr" label="Student.Usfr" category="strand" parent_category="standard" name="Student.USFR"/>
  </Categories>
  <Skills>
    <Skill pLearn="0.2" pGuess="0.2" description="Calculate Y Given X" label="Calculate Y Given X" pSlip="0.1" category="Proportional-Reasoning" name="Calculate-Y-Given-X" pKnown="0.25"/>
    <Skill pLearn="0.2" pGuess="0.2" description="Choose Correct Operator" label="Choose Correct Operator" pSlip="0.1" category="Proportional-Reasoning" name="Choose-correct-Operator" pKnown="0.25"/>
    <Skill pLearn="0.2" pGuess="0.2" description="Choose Correct Option" label="Choose Correct Option" pSlip="0.1" category="Proportional-Reasoning" name="Choose-Correct-Option" pKnown="0.25"/>
    <Skill pLearn="0.2" pGuess="0.2" description="Enter Correct Multiplier/Divisor" label="Enter Correct Multiplier/Divisor" pSlip="0.1" category="Proportional-Reasoning" name="Enter-correct-Multiplier/Divisor" pKnown="0.25"/>
  </Skills>
  <Assets>
  </Assets>
</ProblemSet>
