<?xml version="1.0" encoding="UTF-8"?>
<ProblemSet initial_sequence="0" selection_algorithm="sequential" max_count="1000" description="Requires student to solve subtraction problems in context." max_repeat="1" label="6.11 Decimal Addition and Subtraction III" team_size="1" name="6.11" picture="">
  <Problems>
    <Problem selection_features="" problem_file="faded1.brd" description="You are trying to eat healthy foods." student_interface="6_11_addition.swf" label="You are trying to eat healthy foods." name="Addition 9" student_interface_class="" tutor_flag="tutor" team_role="0">
      <Skills>
        <Skill category="Decimal-Addition-and-Subtraction" occurrences="1" name="Add-column-with-carry-out"/>
        <Skill category="Decimal-Addition-and-Subtraction" occurrences="1" name="Add-column-with-carry-in"/>
        <Skill category="Decimal-Addition-and-Subtraction" occurrences="1" name="Align-decimals"/>
        <Skill category="Decimal-Addition-and-Subtraction" occurrences="1" name="Add-column-no-carry"/>
        <Skill category="Decimal-Addition-and-Subtraction" occurrences="1" name="Enter-addends"/>
        <Skill category="Decimal-Addition-and-Subtraction" occurrences="2" name="Generic-skill"/>
        <Skill category="Decimal-Addition-and-Subtraction" occurrences="3" name="Enter-leading-or-trailing-zero"/>
      </Skills>
    </Problem>
    <Problem selection_features="" problem_file="faded2.brd" description="Lisa Lilly was the best runner in the eighth grade." student_interface="6_11_subtraction.swf" label="Lisa Lilly was the best runner in the eighth grade." name="Subtraction 5" student_interface_class="" tutor_flag="tutor" team_role="0">
      <Skills>
        <Skill category="Decimal-Addition-and-Subtraction" occurrences="1" name="Align-decimals"/>
        <Skill category="Decimal-Addition-and-Subtraction" occurrences="1" name="Subtract-with-lend"/>
        <Skill category="Decimal-Addition-and-Subtraction" occurrences="1" name="Subtract-no-borrow-or-lend"/>
        <Skill category="Decimal-Addition-and-Subtraction" occurrences="1" name="Enter-givens"/>
        <Skill category="Decimal-Addition-and-Subtraction" occurrences="1" name="Subtract-with-borrow"/>
        <Skill category="Decimal-Addition-and-Subtraction" occurrences="4" name="Enter-leading-or-trailing-zero"/>
      </Skills>
    </Problem>
    <Problem selection_features="" problem_file="faded3.brd" description="The earth is 12.742 megameters wide." student_interface="6_11_subtraction.swf" label="The earth is 12.742 megameters wide." name="Subtraction 8" student_interface_class="" tutor_flag="tutor" team_role="0">
      <Skills>
        <Skill category="Decimal-Addition-and-Subtraction" occurrences="2" name="Align-decimals"/>
        <Skill category="Decimal-Addition-and-Subtraction" occurrences="5" name="Subtract-no-borrow-or-lend"/>
        <Skill category="Decimal-Addition-and-Subtraction" occurrences="3" name="Enter-givens"/>
        <Skill category="Decimal-Addition-and-Subtraction" occurrences="3" name="Enter-leading-or-trailing-zero"/>
      </Skills>
    </Problem>
    <Problem selection_features="" problem_file="p21.brd" description="The oldest Olympic bobsled champion was 48.99 years old." student_interface="6_11_subtraction.swf" label="The oldest Olympic bobsled champion was 48.99 years old." name="Subtraction 11" student_interface_class="" tutor_flag="tutor" team_role="0">
      <Skills>
        <Skill category="Decimal-Addition-and-Subtraction" occurrences="1" name="Enter-leading-or-trailing-zero"/>
        <Skill category="Decimal-Addition-and-Subtraction" occurrences="1" name="Subtract-no-borrow-or-lend"/>
        <Skill category="Decimal-Addition-and-Subtraction" occurrences="1" name="Align-decimals"/>
        <Skill category="Decimal-Addition-and-Subtraction" occurrences="1" name="Enter-givens"/>
      </Skills>
    </Problem>
    <Problem selection_features="" problem_file="p27.brd" description="The longest running primetime TV show, the Simpsons, has been running for 20.51 years." student_interface="6_11_subtraction.swf" label="The longest running primetime TV show, the Simpsons, has been running for 20.51 years." name="Subtraction 16" student_interface_class="" tutor_flag="tutor" team_role="0">
      <Skills>
        <Skill category="Decimal-Addition-and-Subtraction" occurrences="1" name="Enter-leading-or-trailing-zero"/>
        <Skill category="Decimal-Addition-and-Subtraction" occurrences="1" name="Enter-givens"/>
        <Skill category="Decimal-Addition-and-Subtraction" occurrences="1" name="Subtract-no-borrow-or-lend"/>
        <Skill category="Decimal-Addition-and-Subtraction" occurrences="1" name="Align-decimals"/>
      </Skills>
    </Problem>
    <Problem selection_features="" problem_file="p1.brd" description="You have $4.66 in your pocket and $24.59 in your wallet." student_interface="6_11_addition.swf" label="You have $4.66 in your pocket and $24.59 in your wallet." name="Addition 1" student_interface_class="" tutor_flag="tutor" team_role="0">
      <Skills>
        <Skill category="Decimal-Addition-and-Subtraction" occurrences="1" name="Enter-leading-or-trailing-zero"/>
        <Skill category="Decimal-Addition-and-Subtraction" occurrences="1" name="Add-column-with-carry-in"/>
        <Skill category="Decimal-Addition-and-Subtraction" occurrences="1" name="Enter-addends"/>
        <Skill category="Decimal-Addition-and-Subtraction" occurrences="1" name="Generic-skill"/>
        <Skill category="Decimal-Addition-and-Subtraction" occurrences="1" name="Align-decimals"/>
        <Skill category="Decimal-Addition-and-Subtraction" occurrences="1" name="Add-column-with-carry-out"/>
        <Skill category="Decimal-Addition-and-Subtraction" occurrences="1" name="Add-column-no-carry"/>
      </Skills>
    </Problem>
    <Problem selection_features="" problem_file="test2.brd" description="Please subtract 10.7 from 15.5." student_interface="6_11_subtraction.swf" label="Please subtract 10.7 from 15.5." name="Subtraction 2" student_interface_class="" tutor_flag="tutor" team_role="0">
      <Skills>
        <Skill category="Decimal-Addition-and-Subtraction" occurrences="1" name="Enter-leading-or-trailing-zero"/>
        <Skill category="Decimal-Addition-and-Subtraction" occurrences="1" name="Align-decimals"/>
        <Skill category="Decimal-Addition-and-Subtraction" occurrences="1" name="Enter-givens"/>
        <Skill category="Decimal-Addition-and-Subtraction" occurrences="1" name="Subtract-with-lend"/>
        <Skill category="Decimal-Addition-and-Subtraction" occurrences="1" name="Subtract-with-borrow"/>
      </Skills>
    </Problem>
    <Problem selection_features="" problem_file="p4.brd" description="You are keeping track of how much gas you use on a road trip." student_interface="6_11_addition.swf" label="You are keeping track of how much gas you use on a road trip." name="Addition 2" student_interface_class="" tutor_flag="tutor" team_role="0">
      <Skills>
        <Skill category="Decimal-Addition-and-Subtraction" occurrences="1" name="Enter-leading-or-trailing-zero"/>
        <Skill category="Decimal-Addition-and-Subtraction" occurrences="1" name="Align-decimals"/>
        <Skill category="Decimal-Addition-and-Subtraction" occurrences="1" name="Enter-addends"/>
        <Skill category="Decimal-Addition-and-Subtraction" occurrences="1" name="Generic-skill"/>
        <Skill category="Decimal-Addition-and-Subtraction" occurrences="1" name="Add-column-no-carry"/>
        <Skill category="Decimal-Addition-and-Subtraction" occurrences="1" name="Add-column-with-carry-in"/>
        <Skill category="Decimal-Addition-and-Subtraction" occurrences="1" name="Add-column-with-carry-out"/>
      </Skills>
    </Problem>
    <Problem selection_features="" problem_file="p13.brd" description="On an average day, Canadians spend 1.052 million dollars on video games." student_interface="6_11_subtraction.swf" label="On an average day, Canadians spend 1.052 million dollars on video games." name="Subtraction 3" student_interface_class="" tutor_flag="tutor" team_role="0">
      <Skills>
        <Skill category="Decimal-Addition-and-Subtraction" occurrences="1" name="Enter-leading-or-trailing-zero"/>
        <Skill category="Decimal-Addition-and-Subtraction" occurrences="1" name="Enter-givens"/>
        <Skill category="Decimal-Addition-and-Subtraction" occurrences="1" name="Subtract-no-borrow-or-lend"/>
        <Skill category="Decimal-Addition-and-Subtraction" occurrences="1" name="Subtract-with-borrow"/>
        <Skill category="Decimal-Addition-and-Subtraction" occurrences="1" name="Align-decimals"/>
        <Skill category="Decimal-Addition-and-Subtraction" occurrences="1" name="Subtract-with-lend"/>
      </Skills>
    </Problem>
    <Problem selection_features="" problem_file="p14.brd" description="The heaviest human brain was 3.045 kilograms, while the lightest was 0.67 kilograms." student_interface="6_11_subtraction.swf" label="The heaviest human brain was 3.045 kilograms, while the lightest was 0.67 kilograms." name="Subtraction 4" student_interface_class="" tutor_flag="tutor" team_role="0">
      <Skills>
        <Skill category="Decimal-Addition-and-Subtraction" occurrences="1" name="Enter-leading-or-trailing-zero"/>
        <Skill category="Decimal-Addition-and-Subtraction" occurrences="1" name="Enter-givens"/>
        <Skill category="Decimal-Addition-and-Subtraction" occurrences="1" name="Subtract-with-borrow"/>
        <Skill category="Decimal-Addition-and-Subtraction" occurrences="1" name="Align-decimals"/>
        <Skill category="Decimal-Addition-and-Subtraction" occurrences="1" name="Subtract-no-borrow-or-lend"/>
        <Skill category="Decimal-Addition-and-Subtraction" occurrences="1" name="Subtract-with-lend"/>
      </Skills>
    </Problem>
    <Problem selection_features="" problem_file="p5.brd" description="Please add 50.48 and 15.69." student_interface="6_11_addition.swf" label="Please add 50.48 and 15.69." name="Addition 5" student_interface_class="" tutor_flag="tutor" team_role="0">
      <Skills>
        <Skill category="Decimal-Addition-and-Subtraction" occurrences="1" name="Enter-addends"/>
        <Skill category="Decimal-Addition-and-Subtraction" occurrences="1" name="Enter-leading-or-trailing-zero"/>
        <Skill category="Decimal-Addition-and-Subtraction" occurrences="1" name="Add-column-no-carry"/>
        <Skill category="Decimal-Addition-and-Subtraction" occurrences="1" name="Add-column-with-carry-out"/>
        <Skill category="Decimal-Addition-and-Subtraction" occurrences="1" name="Add-column-with-carry-in"/>
        <Skill category="Decimal-Addition-and-Subtraction" occurrences="1" name="Align-decimals"/>
        <Skill category="Decimal-Addition-and-Subtraction" occurrences="1" name="Generic-skill"/>
      </Skills>
    </Problem>
    <Problem selection_features="" problem_file="p6.brd" description="Please add 6.95 to 2.48." student_interface="6_11_addition.swf" label="Please add 6.95 to 2.48." name="Addition 6" student_interface_class="" tutor_flag="tutor" team_role="0">
      <Skills>
        <Skill category="Decimal-Addition-and-Subtraction" occurrences="1" name="Enter-addends"/>
        <Skill category="Decimal-Addition-and-Subtraction" occurrences="1" name="Enter-leading-or-trailing-zero"/>
        <Skill category="Decimal-Addition-and-Subtraction" occurrences="1" name="Add-column-with-carry-out"/>
        <Skill category="Decimal-Addition-and-Subtraction" occurrences="1" name="Add-column-with-carry-in"/>
        <Skill category="Decimal-Addition-and-Subtraction" occurrences="1" name="Align-decimals"/>
        <Skill category="Decimal-Addition-and-Subtraction" occurrences="1" name="Generic-skill"/>
      </Skills>
    </Problem>
    <Problem selection_features="" problem_file="p16.brd" description="A typical car accelerates from 0 to 60 mph in 5.4 seconds." student_interface="6_11_subtraction.swf" label="A typical car accelerates from 0 to 60 mph in 5.4 seconds." name="Subtraction 6" student_interface_class="" tutor_flag="tutor" team_role="0">
      <Skills>
        <Skill category="Decimal-Addition-and-Subtraction" occurrences="1" name="Enter-leading-or-trailing-zero"/>
        <Skill category="Decimal-Addition-and-Subtraction" occurrences="1" name="Align-decimals"/>
        <Skill category="Decimal-Addition-and-Subtraction" occurrences="1" name="Enter-givens"/>
        <Skill category="Decimal-Addition-and-Subtraction" occurrences="1" name="Subtract-no-borrow-or-lend"/>
      </Skills>
    </Problem>
    <Problem selection_features="" problem_file="p7.brd" description="Yesterday you used 598.8 gallons of water to fill your swimming pool and 37.4 gallons of water to wash the family car." student_interface="6_11_addition.swf" label="Yesterday you used 598.8 gallons of water to fill your swimming pool and 37.4 gallons of water to wash the family car." name="Addition 7" student_interface_class="" tutor_flag="tutor" team_role="0">
      <Skills>
        <Skill category="Decimal-Addition-and-Subtraction" occurrences="1" name="Enter-addends"/>
        <Skill category="Decimal-Addition-and-Subtraction" occurrences="1" name="Enter-leading-or-trailing-zero"/>
        <Skill category="Decimal-Addition-and-Subtraction" occurrences="1" name="Add-column-with-carry-in"/>
        <Skill category="Decimal-Addition-and-Subtraction" occurrences="1" name="Add-column-with-carry-out"/>
        <Skill category="Decimal-Addition-and-Subtraction" occurrences="1" name="Align-decimals"/>
        <Skill category="Decimal-Addition-and-Subtraction" occurrences="1" name="Generic-skill"/>
      </Skills>
    </Problem>
    <Problem selection_features="" problem_file="p17.brd" description="In 1926, an ounce of silver cose $0.50." student_interface="6_11_subtraction.swf" label="In 1926, an ounce of silver cose $0.50." name="Subtraction 7" student_interface_class="" tutor_flag="tutor" team_role="0">
      <Skills>
        <Skill category="Decimal-Addition-and-Subtraction" occurrences="1" name="Enter-leading-or-trailing-zero"/>
        <Skill category="Decimal-Addition-and-Subtraction" occurrences="1" name="Subtract-with-borrow"/>
        <Skill category="Decimal-Addition-and-Subtraction" occurrences="1" name="Enter-givens"/>
        <Skill category="Decimal-Addition-and-Subtraction" occurrences="1" name="Subtract-no-borrow-or-lend"/>
        <Skill category="Decimal-Addition-and-Subtraction" occurrences="1" name="Align-decimals"/>
        <Skill category="Decimal-Addition-and-Subtraction" occurrences="1" name="Subtract-with-lend"/>
      </Skills>
    </Problem>
    <Problem selection_features="" problem_file="p8.brd" description="You and your friend Christina go to the mall." student_interface="6_11_addition.swf" label="You and your friend Christina go to the mall." name="Addition 8" student_interface_class="" tutor_flag="tutor" team_role="0">
      <Skills>
        <Skill category="Decimal-Addition-and-Subtraction" occurrences="1" name="Enter-leading-or-trailing-zero"/>
        <Skill category="Decimal-Addition-and-Subtraction" occurrences="1" name="Add-column-with-carry-out"/>
        <Skill category="Decimal-Addition-and-Subtraction" occurrences="1" name="Enter-addends"/>
        <Skill category="Decimal-Addition-and-Subtraction" occurrences="1" name="Generic-skill"/>
        <Skill category="Decimal-Addition-and-Subtraction" occurrences="1" name="Align-decimals"/>
        <Skill category="Decimal-Addition-and-Subtraction" occurrences="1" name="Add-column-with-carry-in"/>
      </Skills>
    </Problem>
    <Problem selection_features="" problem_file="p20.brd" description="Micron computer company spent $30.9 million on internet advertising in 1997, and IPM spent $20.1 million." student_interface="6_11_subtraction.swf" label="Micron computer company spent $30.9 million on internet advertising in 1997, and IPM spent $20.1 million." name="Subtraction 10" student_interface_class="" tutor_flag="tutor" team_role="0">
      <Skills>
        <Skill category="Decimal-Addition-and-Subtraction" occurrences="1" name="Enter-leading-or-trailing-zero"/>
        <Skill category="Decimal-Addition-and-Subtraction" occurrences="1" name="Align-decimals"/>
        <Skill category="Decimal-Addition-and-Subtraction" occurrences="1" name="Enter-givens"/>
        <Skill category="Decimal-Addition-and-Subtraction" occurrences="1" name="Subtract-no-borrow-or-lend"/>
      </Skills>
    </Problem>
    <Problem selection_features="" problem_file="p10.brd" description="You are training for the school's obstacle course." student_interface="6_11_addition.swf" label="You are training for the school's obstacle course." name="Addition 10" student_interface_class="" tutor_flag="tutor" team_role="0">
      <Skills>
        <Skill category="Decimal-Addition-and-Subtraction" occurrences="1" name="Enter-leading-or-trailing-zero"/>
        <Skill category="Decimal-Addition-and-Subtraction" occurrences="1" name="Add-column-no-carry"/>
        <Skill category="Decimal-Addition-and-Subtraction" occurrences="1" name="Add-column-with-carry-in"/>
        <Skill category="Decimal-Addition-and-Subtraction" occurrences="1" name="Enter-addends"/>
        <Skill category="Decimal-Addition-and-Subtraction" occurrences="1" name="Generic-skill"/>
        <Skill category="Decimal-Addition-and-Subtraction" occurrences="1" name="Align-decimals"/>
        <Skill category="Decimal-Addition-and-Subtraction" occurrences="1" name="Add-column-with-carry-out"/>
      </Skills>
    </Problem>
    <Problem selection_features="" problem_file="p11.brd" description="You have a paper to write over the weekend." student_interface="6_11_addition.swf" label="You have a paper to write over the weekend." name="Addition 11" student_interface_class="" tutor_flag="tutor" team_role="0">
      <Skills>
        <Skill category="Decimal-Addition-and-Subtraction" occurrences="1" name="Enter-addends"/>
        <Skill category="Decimal-Addition-and-Subtraction" occurrences="1" name="Enter-leading-or-trailing-zero"/>
        <Skill category="Decimal-Addition-and-Subtraction" occurrences="1" name="Add-column-with-carry-in"/>
        <Skill category="Decimal-Addition-and-Subtraction" occurrences="1" name="Add-column-no-carry"/>
        <Skill category="Decimal-Addition-and-Subtraction" occurrences="1" name="Generic-skill"/>
        <Skill category="Decimal-Addition-and-Subtraction" occurrences="1" name="Add-column-with-carry-out"/>
        <Skill category="Decimal-Addition-and-Subtraction" occurrences="1" name="Align-decimals"/>
      </Skills>
    </Problem>
    <Problem selection_features="" problem_file="p19.brd" description="The biggest ice cream sundae weighed 22.9 tons." student_interface="6_11_subtraction.swf" label="The biggest ice cream sundae weighed 22.9 tons." name="Subtraction 9" student_interface_class="" tutor_flag="tutor" team_role="0">
      <Skills>
        <Skill category="Decimal-Addition-and-Subtraction" occurrences="1" name="Enter-leading-or-trailing-zero"/>
        <Skill category="Decimal-Addition-and-Subtraction" occurrences="1" name="Enter-givens"/>
        <Skill category="Decimal-Addition-and-Subtraction" occurrences="1" name="Subtract-no-borrow-or-lend"/>
        <Skill category="Decimal-Addition-and-Subtraction" occurrences="1" name="Subtract-with-borrow"/>
        <Skill category="Decimal-Addition-and-Subtraction" occurrences="1" name="Align-decimals"/>
        <Skill category="Decimal-Addition-and-Subtraction" occurrences="1" name="Subtract-with-lend"/>
      </Skills>
    </Problem>
    <Problem selection_features="" problem_file="p12.brd" description="You and your friend Jeremy are baking cookies for the school bake sale." student_interface="6_11_addition.swf" label="You and your friend Jeremy are baking cookies for the school bake sale." name="Addition 12" student_interface_class="" tutor_flag="tutor" team_role="0">
      <Skills>
        <Skill category="Decimal-Addition-and-Subtraction" occurrences="1" name="Enter-leading-or-trailing-zero"/>
        <Skill category="Decimal-Addition-and-Subtraction" occurrences="1" name="Add-column-with-carry-in"/>
        <Skill category="Decimal-Addition-and-Subtraction" occurrences="1" name="Add-column-no-carry"/>
        <Skill category="Decimal-Addition-and-Subtraction" occurrences="1" name="Enter-addends"/>
        <Skill category="Decimal-Addition-and-Subtraction" occurrences="1" name="Generic-skill"/>
        <Skill category="Decimal-Addition-and-Subtraction" occurrences="1" name="Add-column-with-carry-out"/>
        <Skill category="Decimal-Addition-and-Subtraction" occurrences="1" name="Align-decimals"/>
      </Skills>
    </Problem>
    <Problem selection_features="" problem_file="p23.brd" description="Your family is driving to an amusement park for a vacation." student_interface="6_11_addition.swf" label="Your family is driving to an amusement park for a vacation." name="Addition 23" student_interface_class="" tutor_flag="tutor" team_role="0">
      <Skills>
        <Skill category="Decimal-Addition-and-Subtraction" occurrences="1" name="Enter-addends"/>
        <Skill category="Decimal-Addition-and-Subtraction" occurrences="1" name="Enter-leading-or-trailing-zero"/>
        <Skill category="Decimal-Addition-and-Subtraction" occurrences="1" name="Add-column-no-carry"/>
        <Skill category="Decimal-Addition-and-Subtraction" occurrences="1" name="Add-column-with-carry-out"/>
        <Skill category="Decimal-Addition-and-Subtraction" occurrences="1" name="Generic-skill"/>
        <Skill category="Decimal-Addition-and-Subtraction" occurrences="1" name="Add-column-with-carry-in"/>
        <Skill category="Decimal-Addition-and-Subtraction" occurrences="1" name="Align-decimals"/>
      </Skills>
    </Problem>
    <Problem selection_features="" problem_file="p22.brd" description="Shawn has $50.09 and buys a fleece for $46.27." student_interface="6_11_subtraction.swf" label="Shawn has $50.09 and buys a fleece for $46.27." name="Subtraction 12" student_interface_class="" tutor_flag="tutor" team_role="0">
      <Skills>
        <Skill category="Decimal-Addition-and-Subtraction" occurrences="1" name="Enter-leading-or-trailing-zero"/>
        <Skill category="Decimal-Addition-and-Subtraction" occurrences="1" name="Subtract-with-borrow"/>
        <Skill category="Decimal-Addition-and-Subtraction" occurrences="1" name="Enter-givens"/>
        <Skill category="Decimal-Addition-and-Subtraction" occurrences="1" name="Subtract-no-borrow-or-lend"/>
        <Skill category="Decimal-Addition-and-Subtraction" occurrences="1" name="Align-decimals"/>
        <Skill category="Decimal-Addition-and-Subtraction" occurrences="1" name="Subtract-with-lend"/>
      </Skills>
    </Problem>
    <Problem selection_features="" problem_file="p24.brd" description="I spend $33 a week on food, and have budgeted $50.75 for food and entertainment." student_interface="6_11_subtraction.swf" label="I spend $33 a week on food, and have budgeted $50.75 for food and entertainment." name="Subtraction 13" student_interface_class="" tutor_flag="tutor" team_role="0">
      <Skills>
        <Skill category="Decimal-Addition-and-Subtraction" occurrences="1" name="Enter-leading-or-trailing-zero"/>
        <Skill category="Decimal-Addition-and-Subtraction" occurrences="1" name="Subtract-with-lend"/>
        <Skill category="Decimal-Addition-and-Subtraction" occurrences="1" name="Enter-givens"/>
        <Skill category="Decimal-Addition-and-Subtraction" occurrences="1" name="Align-decimals"/>
        <Skill category="Decimal-Addition-and-Subtraction" occurrences="1" name="Subtract-no-borrow-or-lend"/>
        <Skill category="Decimal-Addition-and-Subtraction" occurrences="1" name="Subtract-with-borrow"/>
      </Skills>
    </Problem>
    <Problem selection_features="" problem_file="p26.brd" description="The oldest person to play professional baseball, Leroy 'Satchel' Paige, was 59.219 years old." student_interface="6_11_subtraction.swf" label="The oldest person to play professional baseball, Leroy 'Satchel' Paige, was 59.219 years old." name="Subtraction 15" student_interface_class="" tutor_flag="tutor" team_role="0">
      <Skills>
        <Skill category="Decimal-Addition-and-Subtraction" occurrences="1" name="Enter-leading-or-trailing-zero"/>
        <Skill category="Decimal-Addition-and-Subtraction" occurrences="1" name="Enter-givens"/>
        <Skill category="Decimal-Addition-and-Subtraction" occurrences="1" name="Subtract-with-borrow"/>
        <Skill category="Decimal-Addition-and-Subtraction" occurrences="1" name="Align-decimals"/>
        <Skill category="Decimal-Addition-and-Subtraction" occurrences="1" name="Subtract-no-borrow-or-lend"/>
        <Skill category="Decimal-Addition-and-Subtraction" occurrences="1" name="Subtract-with-lend"/>
      </Skills>
    </Problem>
  </Problems>
  <Categories>
    <Collection category="" description="Released Problem Sets" parent_category="" label="Released Problem Sets" parent_name="" name="general"/>
    <Standard category="standard" description="PA Assessment Anchors" parent_category="" label="PA Assessment Anchors" parent_name="" name="PA"/>
    <Standard category="standard" description="NCTM Curriculum Focal Points" parent_category="" label="NCTM Curriculum Focal Points" parent_name="" name="NCTM"/>
    <Standard category="standard" description="Common Core Standards" parent_category="" label="Common Core Standards" parent_name="" name="CommonCore"/>
    <Standard category="standard" description="Student Standards" parent_category="" label="Problem Set Categories" parent_name="" name="Student"/>
    <Grade category="" description="5th Grade" parent_category="" label="5th Grade" parent_name="" name="5"/>
    <Grade category="" description="6th Grade" parent_category="" label="6th Grade" parent_name="" name="6"/>
    <Standard category="reporting_category" description="A. Numbers and Operations" parent_category="standard" label="A. Numbers and Operations" parent_name="PA" name="PA.A"/>
    <Standard category="assessment_anchor" description="A.3. Compute accurately and fluently and make reasonable estimates." parent_category="reporting_category" label="A.3. Computation and Estimation" parent_name="PA.A" name="PA.A.3"/>
    <Standard category="strand" description="A. Numbers and Operations" parent_category="standard" label="A. Numbers and Operations" parent_name="NCTM" name="NCTM.A"/>
    <Standard category="grade_level" description="5th grade" parent_category="standard" label="5th Grade" parent_name="CommonCore" name="CommonCore.5"/>
    <Standard category="strand" description="5.NBT. Numbers and Operations in Base Ten" parent_category="grade_level" label="5.NBT. Numbers and Operations in Base Ten" parent_name="CommonCore.5" name="CommonCore.5.NBT"/>
    <Standard category="grade_level" description="6th Grade" parent_category="standard" label="6th Grade" parent_name="CommonCore" name="CommonCore.6"/>
    <Standard category="strand" description="6.NS. The Number System" parent_category="grade_level" label="6.NS. The Number System" parent_name="CommonCore.6" name="CommonCore.6.NS"/>
    <Standard category="strand" description="Working with Decimals" parent_category="standard" label="Working with Decimals" parent_name="Student" name="Student.WD"/>
  </Categories>
  <Skills>
    <Skill category="Decimal-Addition-and-Subtraction" pKnown="0.25" description="Add Column No Carry" pLearn="0.2" label="Add Column No Carry" name="Add-column-no-carry" pGuess="0.2" pSlip="0.1"/>
    <Skill category="Decimal-Addition-and-Subtraction" pKnown="0.25" description="Add Column With Carry In" pLearn="0.2" label="Add Column With Carry In" name="Add-column-with-carry-in" pGuess="0.2" pSlip="0.1"/>
    <Skill category="Decimal-Addition-and-Subtraction" pKnown="0.25" description="Add Column With Carry Out" pLearn="0.2" label="Add Column With Carry Out" name="Add-column-with-carry-out" pGuess="0.2" pSlip="0.1"/>
    <Skill category="Decimal-Addition-and-Subtraction" pKnown="0.25" description="Align Decimals" pLearn="0.2" label="Align Decimals" name="Align-decimals" pGuess="0.2" pSlip="0.1"/>
    <Skill category="Decimal-Addition-and-Subtraction" pKnown="0.25" description="Enter Addends" pLearn="0.2" label="Enter Addends" name="Enter-addends" pGuess="0.2" pSlip="0.1"/>
    <Skill category="Decimal-Addition-and-Subtraction" pKnown="0.25" description="Enter Givens" pLearn="0.2" label="Enter Givens" name="Enter-givens" pGuess="0.2" pSlip="0.1"/>
    <Skill category="Decimal-Addition-and-Subtraction" pKnown="0.25" description="Enter Leading Or Trailing Zero" pLearn="0.2" label="Enter Leading Or Trailing Zero" name="Enter-leading-or-trailing-zero" pGuess="0.2" pSlip="0.1"/>
    <Skill category="Decimal-Addition-and-Subtraction" pKnown="0.25" description="Generic Skill" pLearn="0.2" label="Generic Skill" name="Generic-skill" pGuess="0.2" pSlip="0.1"/>
    <Skill category="Decimal-Addition-and-Subtraction" pKnown="0.25" description="Subtract No Borrow Or Lend" pLearn="0.2" label="Subtract No Borrow Or Lend" name="Subtract-no-borrow-or-lend" pGuess="0.2" pSlip="0.1"/>
    <Skill category="Decimal-Addition-and-Subtraction" pKnown="0.25" description="Subtract With Borrow" pLearn="0.2" label="Subtract With Borrow" name="Subtract-with-borrow" pGuess="0.2" pSlip="0.1"/>
    <Skill category="Decimal-Addition-and-Subtraction" pKnown="0.25" description="Subtract With Lend" pLearn="0.2" label="Subtract With Lend" name="Subtract-with-lend" pGuess="0.2" pSlip="0.1"/>
  </Skills>
  <Assets>
  </Assets>
</ProblemSet>
