<?xml version="1.0" encoding="UTF-8"?>
<ProblemSet initial_sequence="0" selection_algorithm="sequential" max_count="1000" description="Asks student to identify if the problem is a GCF or LCM problem, then solve the word problem using the appropriate method." max_repeat="1" label="6.30 GCF/LCM" team_size="1" name="6.30" picture="">
  <Problems>
    <Problem selection_features="" problem_file="2.brd" description="GCF/LCM word problem." student_interface="6-30_new.swf" label="GCF/LCM word problem." name="problem 2" student_interface_class="" tutor_flag="tutor" team_role="0">
      <Skills>
        <Skill category="GCF" occurrences="1" name="Enter_gcf"/>
        <Skill category="GCF" occurrences="2" name="Identify_factor"/>
        <Skill category="GCF" occurrences="1" name="Identify_problem_type"/>
        <Skill category="GCF" occurrences="1" name="Enter_resulting_multiple"/>
        <Skill category="GCF" occurrences="2" name="Choose_operation"/>
        <Skill category="GCF" occurrences="2" name="Enter_given"/>
        <Skill category="GCF" occurrences="2" name="Identify_gcf"/>
      </Skills>
    </Problem>
    <Problem selection_features="" problem_file="3.brd" description="GCF/LCM word problem." student_interface="6-30_new.swf" label="GCF/LCM word problem." name="problem 3" student_interface_class="" tutor_flag="tutor" team_role="0">
      <Skills>
        <Skill category="GCF" occurrences="1" name="Enter_resulting_lcm"/>
        <Skill category="GCF" occurrences="2" name="Identify_lcm"/>
        <Skill category="GCF" occurrences="1" name="Identify_problem_type"/>
        <Skill category="GCF" occurrences="1" name="Enter_factor"/>
        <Skill category="GCF" occurrences="2" name="Choose_operation"/>
        <Skill category="GCF" occurrences="2" name="Enter_given"/>
        <Skill category="GCF" occurrences="2" name="Identify_factor"/>
      </Skills>
    </Problem>
    <Problem selection_features="" problem_file="4.brd" description="GCF/LCM word problem." student_interface="6-30_new.swf" label="GCF/LCM word problem." name="problem 4" student_interface_class="" tutor_flag="tutor" team_role="0">
      <Skills>
        <Skill category="GCF" occurrences="1" name="Enter_gcf"/>
        <Skill category="GCF" occurrences="2" name="Identify_factor"/>
        <Skill category="GCF" occurrences="1" name="Identify_problem_type"/>
        <Skill category="GCF" occurrences="1" name="Enter_resulting_multiple"/>
        <Skill category="GCF" occurrences="2" name="Choose_operation"/>
        <Skill category="GCF" occurrences="2" name="Enter_given"/>
        <Skill category="GCF" occurrences="2" name="Identify_gcf"/>
      </Skills>
    </Problem>
    <Problem selection_features="" problem_file="6.brd" description="GCF/LCM word problem." student_interface="6-30_new.swf" label="GCF/LCM word problem." name="problem 6" student_interface_class="" tutor_flag="tutor" team_role="0">
      <Skills>
        <Skill category="GCF" occurrences="1" name="Enter_resulting_multiple"/>
        <Skill category="GCF" occurrences="2" name="Identify_factor"/>
        <Skill category="GCF" occurrences="1" name="Identify_problem_type"/>
        <Skill category="GCF" occurrences="1" name="Enter_gcf"/>
        <Skill category="GCF" occurrences="2" name="Choose_operation"/>
        <Skill category="GCF" occurrences="2" name="Enter_given"/>
        <Skill category="GCF" occurrences="2" name="Identify_gcf"/>
      </Skills>
    </Problem>
    <Problem selection_features="" problem_file="7.brd" description="GCF/LCM word problem." student_interface="6-30_new.swf" label="GCF/LCM word problem." name="problem 7" student_interface_class="" tutor_flag="tutor" team_role="0">
      <Skills>
        <Skill category="GCF" occurrences="1" name="Enter_gcf"/>
        <Skill category="GCF" occurrences="2" name="Identify_factor"/>
        <Skill category="GCF" occurrences="1" name="Identify_problem_type"/>
        <Skill category="GCF" occurrences="1" name="Enter_resulting_multiple"/>
        <Skill category="GCF" occurrences="2" name="Choose_operation"/>
        <Skill category="GCF" occurrences="2" name="Enter_given"/>
        <Skill category="GCF" occurrences="2" name="Identify_gcf"/>
      </Skills>
    </Problem>
    <Problem selection_features="" problem_file="8.brd" description="GCF/LCM word problem." student_interface="6-30_new.swf" label="GCF/LCM word problem." name="problem 8" student_interface_class="" tutor_flag="tutor" team_role="0">
      <Skills>
        <Skill category="GCF" occurrences="1" name="Enter_resulting_lcm"/>
        <Skill category="GCF" occurrences="2" name="Identify_lcm"/>
        <Skill category="GCF" occurrences="1" name="Identify_problem_type"/>
        <Skill category="GCF" occurrences="1" name="Enter_factor"/>
        <Skill category="GCF" occurrences="2" name="Choose_operation"/>
        <Skill category="GCF" occurrences="2" name="Enter_given"/>
        <Skill category="GCF" occurrences="2" name="Identify_factor"/>
      </Skills>
    </Problem>
    <Problem selection_features="" problem_file="9.brd" description="GCF/LCM word problem." student_interface="6-30_new.swf" label="GCF/LCM word problem." name="problem 9" student_interface_class="" tutor_flag="tutor" team_role="0">
      <Skills>
        <Skill category="GCF" occurrences="1" name="Enter_resulting_lcm"/>
        <Skill category="GCF" occurrences="2" name="Identify_lcm"/>
        <Skill category="GCF" occurrences="1" name="Identify_problem_type"/>
        <Skill category="GCF" occurrences="1" name="Enter_factor"/>
        <Skill category="GCF" occurrences="2" name="Choose_operation"/>
        <Skill category="GCF" occurrences="2" name="Enter_given"/>
        <Skill category="GCF" occurrences="2" name="Identify_factor"/>
      </Skills>
    </Problem>
    <Problem selection_features="" problem_file="10.brd" description="GCF/LCM word problem." student_interface="6-30_new.swf" label="GCF/LCM word problem." name="problem 10" student_interface_class="" tutor_flag="tutor" team_role="0">
      <Skills>
        <Skill category="GCF" occurrences="1" name="Enter_gcf"/>
        <Skill category="GCF" occurrences="2" name="Identify_factor"/>
        <Skill category="GCF" occurrences="1" name="Identify_problem_type"/>
        <Skill category="GCF" occurrences="1" name="Enter_resulting_multiple"/>
        <Skill category="GCF" occurrences="2" name="Choose_operation"/>
        <Skill category="GCF" occurrences="2" name="Enter_given"/>
        <Skill category="GCF" occurrences="2" name="Identify_gcf"/>
      </Skills>
    </Problem>
    <Problem selection_features="" problem_file="11.brd" description="GCF/LCM word problem." student_interface="6-30_new.swf" label="GCF/LCM word problem." name="problem 11" student_interface_class="" tutor_flag="tutor" team_role="0">
      <Skills>
        <Skill category="GCF" occurrences="1" name="Enter_resulting_lcm"/>
        <Skill category="GCF" occurrences="2" name="Identify_lcm"/>
        <Skill category="GCF" occurrences="1" name="Identify_problem_type"/>
        <Skill category="GCF" occurrences="1" name="Enter_factor"/>
        <Skill category="GCF" occurrences="2" name="Choose_operation"/>
        <Skill category="GCF" occurrences="2" name="Enter_given"/>
        <Skill category="GCF" occurrences="2" name="Identify_factor"/>
      </Skills>
    </Problem>
  </Problems>
  <Categories>
    <Collection category="" description="Released Problem Sets" parent_category="" label="Released Problem Sets" parent_name="" name="general"/>
    <Standard category="standard" description="PA Assessment Anchors" parent_category="" label="PA Assessment Anchors" parent_name="" name="PA"/>
    <Standard category="standard" description="NCTM Curriculum Focal Points" parent_category="" label="NCTM Curriculum Focal Points" parent_name="" name="NCTM"/>
    <Standard category="standard" description="Common Core Standards" parent_category="" label="Common Core Standards" parent_name="" name="CommonCore"/>
    <Standard category="standard" description="Student Standards" parent_category="" label="Problem Set Categories" parent_name="" name="Student"/>
    <Grade category="" description="6th Grade" parent_category="" label="6th Grade" parent_name="" name="6"/>
    <Standard category="reporting_category" description="A. Numbers and Operations" parent_category="standard" label="A. Numbers and Operations" parent_name="PA" name="PA.A"/>
    <Standard category="assessment_anchor" description="A.1. Demonstrate an understanding of numbers, ways of representing numbers, relationships among numbers, and number systems." parent_category="reporting_category" label="A.1. Numbers: Representations, Relationships and Systems" parent_name="PA.A" name="PA.A.1"/>
    <Standard category="strand" description="A. Numbers and Operations" parent_category="standard" label="A. Numbers and Operations" parent_name="NCTM" name="NCTM.A"/>
    <Standard category="grade_level" description="6th Grade" parent_category="standard" label="6th Grade" parent_name="CommonCore" name="CommonCore.6"/>
    <Standard category="strand" description="6.NS. The Number System" parent_category="grade_level" label="6.NS. The Number System" parent_name="CommonCore.6" name="CommonCore.6.NS"/>
    <Standard category="strand" description="Working with Fractions" parent_category="standard" label="Working with Fractions" parent_name="Student" name="Student.WF"/>
  </Categories>
  <Skills>
    <Skill category="GCF" pKnown="0.25" description="Choose the operation needed to solve the problem type." pLearn="0.2" label="Choose operation" name="Choose_operation" pGuess="0.2" pSlip="0.1"/>
    <Skill category="GCF" pKnown="0.25" description="Enter factor" pLearn="0.2" label="Enter factor" name="Enter_factor" pGuess="0.2" pSlip="0.1"/>
    <Skill category="GCF" pKnown="0.25" description="Enter gcf" pLearn="0.2" label="Enter gcf" name="Enter_gcf" pGuess="0.2" pSlip="0.1"/>
    <Skill category="GCF" pKnown="0.25" description="Enter given" pLearn="0.2" label="Enter given" name="Enter_given" pGuess="0.2" pSlip="0.1"/>
    <Skill category="GCF" pKnown="0.25" description="Enter resulting lcm" pLearn="0.2" label="Enter resulting lcm" name="Enter_resulting_lcm" pGuess="0.2" pSlip="0.1"/>
    <Skill category="GCF" pKnown="0.25" description="Enter resulting multiple" pLearn="0.2" label="Enter resulting multiple" name="Enter_resulting_multiple" pGuess="0.2" pSlip="0.1"/>
    <Skill category="GCF" pKnown="0.25" description="Identify factor" pLearn="0.2" label="Identify factor" name="Identify_factor" pGuess="0.2" pSlip="0.1"/>
    <Skill category="GCF" pKnown="0.25" description="Identify gcf" pLearn="0.2" label="Identify gcf" name="Identify_gcf" pGuess="0.2" pSlip="0.1"/>
    <Skill category="GCF" pKnown="0.25" description="Identify lcm" pLearn="0.2" label="Identify lcm" name="Identify_lcm" pGuess="0.2" pSlip="0.1"/>
    <Skill category="GCF" pKnown="0.25" description="Identify if the problem is asking about least common multiple or greatest common factor." pLearn="0.2" label="Identify problem type" name="Identify_problem_type" pGuess="0.2" pSlip="0.1"/>
  </Skills>
  <Assets>
  </Assets>
</ProblemSet>
