<?xml version="1.0" encoding="UTF-8"?>
<ProblemSet initial_sequence="0" selection_algorithm="sequential" max_count="1000" description="Provides varying numbers of different categories of objects and asks student to compute the number of possible combinations." max_repeat="1" label="8.17 Combinations" team_size="1" name="8.17" picture="">
  <Problems>
    <Problem selection_features="" problem_file="01Automobile.brd" description="The Apex company makes one automobile, the Borealis." student_interface="8-17flash.swf" label="The Apex company makes one automobile, the Borealis." name="Automobile" student_interface_class="" tutor_flag="tutor" team_role="0">
      <Skills>
        <Skill category="8-17-permutations-and-combinations1" occurrences="1" name="solve-component"/>
        <Skill category="8-17-permutations-and-combinations1" occurrences="1" name="given-entered"/>
        <Skill category="8-17-permutations-and-combinations1" occurrences="1" name="changed-given-entered"/>
        <Skill category="8-17-permutations-and-combinations1" occurrences="3" name="find-outcome"/>
        <Skill category="8-17-permutations-and-combinations1" occurrences="1" name="done"/>
        <Skill category="8-17-permutations-and-combinations1" occurrences="3" name="find-outcome-expression"/>
      </Skills>
    </Problem>
    <Problem selection_features="" problem_file="02Banquet.brd" description="Your class banquet is being held at fancy restaurant." student_interface="8-17flash.swf" label="Your class banquet is being held at fancy restaurant." name="Banquet" student_interface_class="" tutor_flag="tutor" team_role="0">
      <Skills>
        <Skill category="8-17-permutations-and-combinations1" occurrences="1" name="given-entered"/>
        <Skill category="8-17-permutations-and-combinations1" occurrences="3" name="find-outcome"/>
        <Skill category="8-17-permutations-and-combinations1" occurrences="1" name="done"/>
        <Skill category="8-17-permutations-and-combinations1" occurrences="1" name="changed-given-entered"/>
        <Skill category="8-17-permutations-and-combinations1" occurrences="3" name="find-outcome-expression"/>
      </Skills>
    </Problem>
    <Problem selection_features="" problem_file="03Goodies.brd" description="Martha is making goodie bags for trick-or-treaters in her neighborhood this Halloween." student_interface="8-17flash.swf" label="Martha is making goodie bags for trick-or-treaters in her neighborhood this Halloween." name="Goodies" student_interface_class="" tutor_flag="tutor" team_role="0">
      <Skills>
        <Skill category="8-17-permutations-and-combinations1" occurrences="1" name="changed-given-entered"/>
        <Skill category="8-17-permutations-and-combinations1" occurrences="1" name="given-entered"/>
        <Skill category="8-17-permutations-and-combinations1" occurrences="3" name="find-outcome"/>
        <Skill category="8-17-permutations-and-combinations1" occurrences="1" name="done"/>
        <Skill category="8-17-permutations-and-combinations1" occurrences="3" name="find-outcome-expression"/>
      </Skills>
    </Problem>
    <Problem selection_features="" problem_file="04Disguises.brd" description="Same the private detective is famous for his disguises." student_interface="8-17flash.swf" label="Same the private detective is famous for his disguises." name="Disguises" student_interface_class="" tutor_flag="tutor" team_role="0">
      <Skills>
        <Skill category="8-17-permutations-and-combinations1" occurrences="1" name="given-entered"/>
        <Skill category="8-17-permutations-and-combinations1" occurrences="1" name="changed-given-entered"/>
        <Skill category="8-17-permutations-and-combinations1" occurrences="3" name="find-outcome"/>
        <Skill category="8-17-permutations-and-combinations1" occurrences="1" name="solve-component"/>
        <Skill category="8-17-permutations-and-combinations1" occurrences="1" name="done"/>
        <Skill category="8-17-permutations-and-combinations1" occurrences="3" name="find-outcome-expression"/>
      </Skills>
    </Problem>
    <Problem selection_features="" problem_file="05College.brd" description="At the Newfield College summer camp, each day is divded into a program." student_interface="8-17flash.swf" label="At the Newfield College summer camp, each day is divded into a program." name="College" student_interface_class="" tutor_flag="tutor" team_role="0">
      <Skills>
        <Skill category="8-17-permutations-and-combinations1" occurrences="1" name="given-entered"/>
        <Skill category="8-17-permutations-and-combinations1" occurrences="1" name="changed-given-entered"/>
        <Skill category="8-17-permutations-and-combinations1" occurrences="3" name="find-outcome"/>
        <Skill category="8-17-permutations-and-combinations1" occurrences="1" name="done"/>
        <Skill category="8-17-permutations-and-combinations1" occurrences="3" name="find-outcome-expression"/>
      </Skills>
    </Problem>
    <Problem selection_features="" problem_file="06Clothes.brd" description="Fred is packing some t-shirts, shorts and baseball caps for a two week vacation." student_interface="8-17flash.swf" label="Fred is packing some t-shirts, shorts and baseball caps for a two week vacation." name="Clothes" student_interface_class="" tutor_flag="tutor" team_role="0">
      <Skills>
        <Skill category="8-17-permutations-and-combinations1" occurrences="1" name="given-entered"/>
        <Skill category="8-17-permutations-and-combinations1" occurrences="3" name="find-outcome"/>
        <Skill category="8-17-permutations-and-combinations1" occurrences="1" name="changed-given-entered"/>
        <Skill category="8-17-permutations-and-combinations1" occurrences="1" name="solve-component"/>
        <Skill category="8-17-permutations-and-combinations1" occurrences="1" name="done"/>
        <Skill category="8-17-permutations-and-combinations1" occurrences="3" name="find-outcome-expression"/>
      </Skills>
    </Problem>
  </Problems>
  <Categories>
    <Collection category="" description="Released Problem Sets" parent_category="" label="Released Problem Sets" parent_name="" name="general"/>
    <Standard category="standard" description="PA Assessment Anchors" parent_category="" label="PA Assessment Anchors" parent_name="" name="PA"/>
    <Standard category="standard" description="NCTM Curriculum Focal Points" parent_category="" label="NCTM Curriculum Focal Points" parent_name="" name="NCTM"/>
    <Standard category="standard" description="Common Core Standards" parent_category="" label="Common Core Standards" parent_name="" name="CommonCore"/>
    <Standard category="standard" description="Student Standards" parent_category="" label="Problem Set Categories" parent_name="" name="Student"/>
    <Grade category="" description="6th Grade" parent_category="" label="6th Grade" parent_name="" name="6"/>
    <Grade category="" description="7th Grade" parent_category="" label="7th Grade" parent_name="" name="7"/>
    <Grade category="" description="8th Grade" parent_category="" label="8th Grade" parent_name="" name="8"/>
    <Standard category="reporting_category" description="E. Data Analysis and Probability" parent_category="standard" label="E. Data Analysis and Probability" parent_name="PA" name="PA.E"/>
    <Standard category="assessment_anchor" description="E.3. Understand and apply basic concepts of probability." parent_category="reporting_category" label="E.3. Concepts of Probability" parent_name="PA.E" name="PA.E.3"/>
    <Standard category="strand" description="A. Numbers and Operations" parent_category="standard" label="A. Numbers and Operations" parent_name="NCTM" name="NCTM.A"/>
    <Standard category="grade_level" description="7th Grade" parent_category="standard" label="7th Grade" parent_name="CommonCore" name="CommonCore.7"/>
    <Standard category="strand" description="7.SP. Statistics and Probability" parent_category="grade_level" label="7.SP. Statistics and Probability" parent_name="CommonCore.7" name="CommonCore.7.SP"/>
    <Standard category="strand" description="Permutations and Combinations" parent_category="standard" label="Permutations and Combinations" parent_name="Student" name="Student.PC"/>
  </Categories>
  <Skills>
    <Skill category="8-17-permutations-and-combinations1" pKnown="0.25" description="Done" pLearn="0.2" label="Done" name="done" pGuess="0.2" pSlip="0.1"/>
    <Skill category="8-17-permutations-and-combinations1" pKnown="0.25" description="Enter changed given" pLearn="0.2" label="Enter changed given" name="changed-given-entered" pGuess="0.2" pSlip="0.1"/>
    <Skill category="8-17-permutations-and-combinations1" pKnown="0.25" description="Enter given" pLearn="0.2" label="Enter given" name="given-entered" pGuess="0.2" pSlip="0.1"/>
    <Skill category="8-17-permutations-and-combinations1" pKnown="0.25" description="Find outcome" pLearn="0.2" label="Find outcome" name="find-outcome" pGuess="0.2" pSlip="0.1"/>
    <Skill category="8-17-permutations-and-combinations1" pKnown="0.25" description="Find outcome expression" pLearn="0.2" label="Find outcome expression" name="find-outcome-expression" pGuess="0.2" pSlip="0.1"/>
    <Skill category="8-17-permutations-and-combinations1" pKnown="0.25" description="Solve component" pLearn="0.2" label="Solve component" name="solve-component" pGuess="0.2" pSlip="0.1"/>
  </Skills>
  <Assets>
  </Assets>
</ProblemSet>
