<?xml version="1.0" encoding="UTF-8"?>
<ProblemSet initial_sequence="0" selection_algorithm="sequential" max_count="1000" description="Given a contextual problem, student will partition a number line on which they will locate a fraction." max_repeat="1" label="6.17 Fraction Identification" team_size="1" name="6.17" picture="">
  <Problems>
    <Problem selection_features="" problem_file="01watermelon.brd" description="Brittany bought a watermelon to share with three of her friends." student_interface="6_17.swf" label="Brittany bought a watermelon to share with three of her friends." name="01 Watermelon" student_interface_class="" tutor_flag="tutor" team_role="0">
      <Skills>
        <Skill category="6-17_Fraction_Identification" occurrences="1" name="DivNumLine"/>
        <Skill category="6-17_Fraction_Identification" occurrences="1" name="FracLess1"/>
        <Skill category="6-17_Fraction_Identification" occurrences="1" name="IdenDenominator"/>
        <Skill category="6-17_Fraction_Identification" occurrences="1" name="IdenNumerator"/>
        <Skill category="6-17_Fraction_Identification" occurrences="1" name="FindValueNumLine"/>
      </Skills>
    </Problem>
    <Problem selection_features="" problem_file="02watermelon.brd" description="After Brittany divided the watermelon equally for 4 people, one of her greedy friends, Bill, ate 3 of the pieces, instead of 1." student_interface="6_17.swf" label="After Brittany divided the watermelon equally for 4 people, one of her greedy friends, Bill, ate 3 of the pieces, instead of 1." name="02 Watermelon" student_interface_class="" tutor_flag="tutor" team_role="0">
      <Skills>
        <Skill category="6-17_Fraction_Identification" occurrences="1" name="DivNumLine"/>
        <Skill category="6-17_Fraction_Identification" occurrences="1" name="FracLess1"/>
        <Skill category="6-17_Fraction_Identification" occurrences="1" name="IdenDenominator"/>
        <Skill category="6-17_Fraction_Identification" occurrences="1" name="IdenNumerator"/>
        <Skill category="6-17_Fraction_Identification" occurrences="1" name="FindValueNumLine"/>
      </Skills>
    </Problem>
    <Problem selection_features="" problem_file="03summerBooks.brd" description="Sally has to read 5 books as her summer assignment." student_interface="6_17.swf" label="Sally has to read 5 books as her summer assignment." name="03 Summer Assignment" student_interface_class="" tutor_flag="tutor" team_role="0">
      <Skills>
        <Skill category="6-17_Fraction_Identification" occurrences="1" name="DivNumLine"/>
        <Skill category="6-17_Fraction_Identification" occurrences="1" name="FracLess1"/>
        <Skill category="6-17_Fraction_Identification" occurrences="1" name="IdenDenominator"/>
        <Skill category="6-17_Fraction_Identification" occurrences="1" name="IdenNumerator"/>
        <Skill category="6-17_Fraction_Identification" occurrences="1" name="FindValueNumLine"/>
      </Skills>
    </Problem>
    <Problem selection_features="" problem_file="04soccerSeason.brd" description="Alisha plays on the girls' soccer team at her middle school." student_interface="6_17.swf" label="Alisha plays on the girls' soccer team at her middle school." name="04 Soccer Season" student_interface_class="" tutor_flag="tutor" team_role="0">
      <Skills>
        <Skill category="6-17_Fraction_Identification" occurrences="1" name="DivNumLine"/>
        <Skill category="6-17_Fraction_Identification" occurrences="1" name="FracLess1"/>
        <Skill category="6-17_Fraction_Identification" occurrences="1" name="IdenDenominator"/>
        <Skill category="6-17_Fraction_Identification" occurrences="1" name="IdenNumerator"/>
        <Skill category="6-17_Fraction_Identification" occurrences="1" name="FindValueNumLine"/>
      </Skills>
    </Problem>
    <Problem selection_features="" problem_file="05flu.brd" description="One week Danielle caught the flu and had to stay home from school for 3 days." student_interface="6_17.swf" label="One week Danielle caught the flu and had to stay home from school for 3 days." name="05 Flu" student_interface_class="" tutor_flag="tutor" team_role="0">
      <Skills>
        <Skill category="6-17_Fraction_Identification" occurrences="1" name="DivNumLine"/>
        <Skill category="6-17_Fraction_Identification" occurrences="1" name="FracLess1"/>
        <Skill category="6-17_Fraction_Identification" occurrences="1" name="IdenDenominator"/>
        <Skill category="6-17_Fraction_Identification" occurrences="1" name="IdenNumerator"/>
        <Skill category="6-17_Fraction_Identification" occurrences="1" name="FindValueNumLine"/>
      </Skills>
    </Problem>
    <Problem selection_features="" problem_file="06lemonade.brd" description="Tim is dividing a pitch of lemonade for 7 people." student_interface="6_17.swf" label="Tim is dividing a pitch of lemonade for 7 people." name="06 Lemonade Sharing" student_interface_class="" tutor_flag="tutor" team_role="0">
      <Skills>
        <Skill category="6-17_Fraction_Identification" occurrences="1" name="DivNumLine"/>
        <Skill category="6-17_Fraction_Identification" occurrences="1" name="FracLess1"/>
        <Skill category="6-17_Fraction_Identification" occurrences="1" name="IdenDenominator"/>
        <Skill category="6-17_Fraction_Identification" occurrences="1" name="IdenNumerator"/>
        <Skill category="6-17_Fraction_Identification" occurrences="1" name="FindValueNumLine"/>
      </Skills>
    </Problem>
    <Problem selection_features="" problem_file="07pizza.brd" description="Bailey has a friend over for dinner." student_interface="6_17.swf" label="Bailey has a friend over for dinner." name="07 Pizza Slices" student_interface_class="" tutor_flag="tutor" team_role="0">
      <Skills>
        <Skill category="6-17_Fraction_Identification" occurrences="1" name="DivNumLine"/>
        <Skill category="6-17_Fraction_Identification" occurrences="1" name="FracLess1"/>
        <Skill category="6-17_Fraction_Identification" occurrences="1" name="IdenDenominator"/>
        <Skill category="6-17_Fraction_Identification" occurrences="1" name="IdenNumerator"/>
        <Skill category="6-17_Fraction_Identification" occurrences="1" name="FindValueNumLine"/>
      </Skills>
    </Problem>
    <Problem selection_features="" problem_file="08dentists.brd" description="A number of dentists were asks to choose between two toothpastes." student_interface="6_17.swf" label="A number of dentists were asks to choose between two toothpastes." name="08 Dentists" student_interface_class="" tutor_flag="tutor" team_role="0">
      <Skills>
        <Skill category="6-17_Fraction_Identification" occurrences="1" name="DivNumLine"/>
        <Skill category="6-17_Fraction_Identification" occurrences="1" name="FracLess1"/>
        <Skill category="6-17_Fraction_Identification" occurrences="1" name="IdenDenominator"/>
        <Skill category="6-17_Fraction_Identification" occurrences="1" name="IdenNumerator"/>
        <Skill category="6-17_Fraction_Identification" occurrences="1" name="FindValueNumLine"/>
      </Skills>
    </Problem>
    <Problem selection_features="" problem_file="09mathCompetition.brd" description="Mike entered a math competition." student_interface="6_17.swf" label="Mike entered a math competition." name="09 Math Competition" student_interface_class="" tutor_flag="tutor" team_role="0">
      <Skills>
        <Skill category="6-17_Fraction_Identification" occurrences="1" name="DivNumLine"/>
        <Skill category="6-17_Fraction_Identification" occurrences="1" name="FracLess1"/>
        <Skill category="6-17_Fraction_Identification" occurrences="1" name="IdenDenominator"/>
        <Skill category="6-17_Fraction_Identification" occurrences="1" name="IdenNumerator"/>
        <Skill category="6-17_Fraction_Identification" occurrences="1" name="FindValueNumLine"/>
      </Skills>
    </Problem>
    <Problem selection_features="" problem_file="10children.brd" description="Mr. and Mrs. Holsinger took their 3 children to a park for the afternoon." student_interface="6_17.swf" label="Mr. and Mrs. Holsinger took their 3 children to a park for the afternoon." name="10 Children At Park" student_interface_class="" tutor_flag="tutor" team_role="0">
      <Skills>
        <Skill category="6-17_Fraction_Identification" occurrences="1" name="DivNumLine"/>
        <Skill category="6-17_Fraction_Identification" occurrences="1" name="FracLess1"/>
        <Skill category="6-17_Fraction_Identification" occurrences="1" name="IdenDenominator"/>
        <Skill category="6-17_Fraction_Identification" occurrences="1" name="IdenNumerator"/>
        <Skill category="6-17_Fraction_Identification" occurrences="1" name="FindValueNumLine"/>
      </Skills>
    </Problem>
    <Problem selection_features="" problem_file="11project.brd" description="Ivan has a project due in a week." student_interface="6_17.swf" label="Ivan has a project due in a week." name="11 Project" student_interface_class="" tutor_flag="tutor" team_role="0">
      <Skills>
        <Skill category="6-17_Fraction_Identification" occurrences="1" name="DivNumLine"/>
        <Skill category="6-17_Fraction_Identification" occurrences="1" name="FracLess1"/>
        <Skill category="6-17_Fraction_Identification" occurrences="1" name="IdenDenominator"/>
        <Skill category="6-17_Fraction_Identification" occurrences="1" name="IdenNumerator"/>
        <Skill category="6-17_Fraction_Identification" occurrences="1" name="FindValueNumLine"/>
      </Skills>
    </Problem>
    <Problem selection_features="" problem_file="12apples.brd" description="Lilth is selecting good apples from two bags of apples that are full." student_interface="6_17.swf" label="Lilth is selecting good apples from two bags of apples that are full." name="12 Apples" student_interface_class="" tutor_flag="tutor" team_role="0">
      <Skills>
        <Skill category="6-17_Fraction_Identification" occurrences="1" name="DivNumLine"/>
        <Skill category="6-17_Fraction_Identification" occurrences="1" name="FracGreater1"/>
        <Skill category="6-17_Fraction_Identification" occurrences="1" name="IdenDenominator"/>
        <Skill category="6-17_Fraction_Identification" occurrences="1" name="IdenNumerator"/>
        <Skill category="6-17_Fraction_Identification" occurrences="1" name="FindValueNumLine"/>
      </Skills>
    </Problem>
    <Problem selection_features="" problem_file="13cleanRoom.brd" description="Chris wanted to ride his skateboard, but his mom told him he had to clean his room first." student_interface="6_17.swf" label="Chris wanted to ride his skateboard, but his mom told him he had to clean his room first." name="13 Cleaning Room" student_interface_class="" tutor_flag="tutor" team_role="0">
      <Skills>
        <Skill category="6-17_Fraction_Identification" occurrences="1" name="DivNumLine"/>
        <Skill category="6-17_Fraction_Identification" occurrences="1" name="FracGreater1"/>
        <Skill category="6-17_Fraction_Identification" occurrences="1" name="IdenDenominator"/>
        <Skill category="6-17_Fraction_Identification" occurrences="1" name="IdenNumerator"/>
        <Skill category="6-17_Fraction_Identification" occurrences="1" name="FindValueNumLine"/>
      </Skills>
    </Problem>
    <Problem selection_features="" problem_file="14centimeter.brd" description="Mandy and Karyn have a grandmother in Canada." student_interface="6_17.swf" label="Mandy and Karyn have a grandmother in Canada." name="14 Height Growth" student_interface_class="" tutor_flag="tutor" team_role="0">
      <Skills>
        <Skill category="6-17_Fraction_Identification" occurrences="1" name="DivNumLine"/>
        <Skill category="6-17_Fraction_Identification" occurrences="1" name="FracGreater1"/>
        <Skill category="6-17_Fraction_Identification" occurrences="1" name="IdenDenominator"/>
        <Skill category="6-17_Fraction_Identification" occurrences="1" name="IdenNumerator"/>
        <Skill category="6-17_Fraction_Identification" occurrences="1" name="FindValueNumLine"/>
      </Skills>
    </Problem>
    <Problem selection_features="" problem_file="15fishStick.brd" description=" She bought 10 fish sticks, but she must equally share it with six of her friends." student_interface="6_17.swf" label=" She bought 10 fish sticks, but she must equally share it with six of her friends." name="15 Fish Stick" student_interface_class="" tutor_flag="tutor" team_role="0">
      <Skills>
        <Skill category="6-17_Fraction_Identification" occurrences="1" name="DivNumLine"/>
        <Skill category="6-17_Fraction_Identification" occurrences="1" name="FracGreater1"/>
        <Skill category="6-17_Fraction_Identification" occurrences="1" name="IdenDenominator"/>
        <Skill category="6-17_Fraction_Identification" occurrences="1" name="IdenNumerator"/>
        <Skill category="6-17_Fraction_Identification" occurrences="1" name="FindValueNumLine"/>
      </Skills>
    </Problem>
    <Problem selection_features="" problem_file="16bonusQuestion.brd" description="Ryan took a test in history class." student_interface="6_17.swf" label="Ryan took a test in history class." name="16 History Exam" student_interface_class="" tutor_flag="tutor" team_role="0">
      <Skills>
        <Skill category="6-17_Fraction_Identification" occurrences="1" name="DivNumLine"/>
        <Skill category="6-17_Fraction_Identification" occurrences="1" name="FracGreater1"/>
        <Skill category="6-17_Fraction_Identification" occurrences="1" name="IdenDenominator"/>
        <Skill category="6-17_Fraction_Identification" occurrences="1" name="IdenNumerator"/>
        <Skill category="6-17_Fraction_Identification" occurrences="1" name="FindValueNumLine"/>
      </Skills>
    </Problem>
    <Problem selection_features="" problem_file="17pencils.brd" description="Amy is making a unique sculture out of pencils." student_interface="6_17.swf" label="Amy is making a unique sculture out of pencils." name="17 Dozens of Pencils" student_interface_class="" tutor_flag="tutor" team_role="0">
      <Skills>
        <Skill category="6-17_Fraction_Identification" occurrences="1" name="DivNumLine"/>
        <Skill category="6-17_Fraction_Identification" occurrences="1" name="FracGreater1"/>
        <Skill category="6-17_Fraction_Identification" occurrences="1" name="IdenDenominator"/>
        <Skill category="6-17_Fraction_Identification" occurrences="1" name="IdenNumerator"/>
        <Skill category="6-17_Fraction_Identification" occurrences="1" name="FindValueNumLine"/>
      </Skills>
    </Problem>
    <Problem selection_features="" problem_file="18gum.brd" description="Steve had two packs of gum." student_interface="6_17.swf" label="Steve had two packs of gum." name="18 Gum Sharing" student_interface_class="" tutor_flag="tutor" team_role="0">
      <Skills>
        <Skill category="6-17_Fraction_Identification" occurrences="1" name="DivNumLine"/>
        <Skill category="6-17_Fraction_Identification" occurrences="1" name="FracGreater1"/>
        <Skill category="6-17_Fraction_Identification" occurrences="1" name="IdenDenominator"/>
        <Skill category="6-17_Fraction_Identification" occurrences="1" name="IdenNumerator"/>
        <Skill category="6-17_Fraction_Identification" occurrences="1" name="FindValueNumLine"/>
      </Skills>
    </Problem>
    <Problem selection_features="" problem_file="19Painting.brd" description="Brittany is moving location of her painting on the wall." student_interface="6_17.swf" label="Brittany is moving location of her painting on the wall." name="19 Moving Painting" student_interface_class="" tutor_flag="tutor" team_role="0">
      <Skills>
        <Skill category="6-17_Fraction_Identification" occurrences="1" name="DivNumLine"/>
        <Skill category="6-17_Fraction_Identification" occurrences="1" name="FracGreater1"/>
        <Skill category="6-17_Fraction_Identification" occurrences="1" name="IdenDenominator"/>
        <Skill category="6-17_Fraction_Identification" occurrences="1" name="IdenNumerator"/>
        <Skill category="6-17_Fraction_Identification" occurrences="1" name="FindValueNumLine"/>
      </Skills>
    </Problem>
    <Problem selection_features="" problem_file="20birthday.brd" description="Chad had a birthday party and invited a lot of friends." student_interface="6_17.swf" label="Chad had a birthday party and invited a lot of friends." name="20 Birthday Cake" student_interface_class="" tutor_flag="tutor" team_role="0">
      <Skills>
        <Skill category="6-17_Fraction_Identification" occurrences="1" name="DivNumLine"/>
        <Skill category="6-17_Fraction_Identification" occurrences="1" name="FracGreater1"/>
        <Skill category="6-17_Fraction_Identification" occurrences="1" name="IdenDenominator"/>
        <Skill category="6-17_Fraction_Identification" occurrences="1" name="IdenNumerator"/>
        <Skill category="6-17_Fraction_Identification" occurrences="1" name="FindValueNumLine"/>
      </Skills>
    </Problem>
    <Problem selection_features="" problem_file="21mnm.brd" description="Haley just received a bag of MnMs from a friend, now she wishes to move them to some jars." student_interface="6_17.swf" label="Haley just received a bag of MnMs from a friend, now she wishes to move them to some jars." name="21 Candy Jar" student_interface_class="" tutor_flag="tutor" team_role="0">
      <Skills>
        <Skill category="6-17_Fraction_Identification" occurrences="1" name="DivNumLine"/>
        <Skill category="6-17_Fraction_Identification" occurrences="1" name="FracGreater1"/>
        <Skill category="6-17_Fraction_Identification" occurrences="1" name="IdenDenominator"/>
        <Skill category="6-17_Fraction_Identification" occurrences="1" name="IdenNumerator"/>
        <Skill category="6-17_Fraction_Identification" occurrences="1" name="FindValueNumLine"/>
      </Skills>
    </Problem>
    <Problem selection_features="" problem_file="22biscuit.brd" description="Andrew is still working on his biscuits and it is time for him to add salt." student_interface="6_17.swf" label="Andrew is still working on his biscuits and it is time for him to add salt." name="22 Biscuits" student_interface_class="" tutor_flag="tutor" team_role="0">
      <Skills>
        <Skill category="6-17_Fraction_Identification" occurrences="1" name="DivNumLine"/>
        <Skill category="6-17_Fraction_Identification" occurrences="1" name="FracGreater1"/>
        <Skill category="6-17_Fraction_Identification" occurrences="1" name="IdenDenominator"/>
        <Skill category="6-17_Fraction_Identification" occurrences="1" name="IdenNumerator"/>
        <Skill category="6-17_Fraction_Identification" occurrences="1" name="FindValueNumLine"/>
      </Skills>
    </Problem>
    <Problem selection_features="" problem_file="23textbookPack.brd" description="Leonard is packing 13 textbooks into some boxes." student_interface="6_17.swf" label="Leonard is packing 13 textbooks into some boxes." name="23 Textbook Packing" student_interface_class="" tutor_flag="tutor" team_role="0">
      <Skills>
        <Skill category="6-17_Fraction_Identification" occurrences="1" name="DivNumLine"/>
        <Skill category="6-17_Fraction_Identification" occurrences="1" name="FracGreater1"/>
        <Skill category="6-17_Fraction_Identification" occurrences="1" name="IdenDenominator"/>
        <Skill category="6-17_Fraction_Identification" occurrences="1" name="IdenNumerator"/>
        <Skill category="6-17_Fraction_Identification" occurrences="1" name="FindValueNumLine"/>
      </Skills>
    </Problem>
  </Problems>
  <Categories>
    <Collection category="" description="Released Problem Sets" parent_category="" label="Released Problem Sets" parent_name="" name="general"/>
    <Standard category="standard" description="PA Assessment Anchors" parent_category="" label="PA Assessment Anchors" parent_name="" name="PA"/>
    <Standard category="standard" description="NCTM Curriculum Focal Points" parent_category="" label="NCTM Curriculum Focal Points" parent_name="" name="NCTM"/>
    <Standard category="standard" description="Common Core Standards" parent_category="" label="Common Core Standards" parent_name="" name="CommonCore"/>
    <Standard category="standard" description="Student Standards" parent_category="" label="Problem Set Categories" parent_name="" name="Student"/>
    <Grade category="" description="6th Grade" parent_category="" label="6th Grade" parent_name="" name="6"/>
    <Grade category="" description="7th Grade" parent_category="" label="7th Grade" parent_name="" name="7"/>
    <Standard category="reporting_category" description="A. Numbers and Operations" parent_category="standard" label="A. Numbers and Operations" parent_name="PA" name="PA.A"/>
    <Standard category="assessment_anchor" description="A.1. Demonstrate an understanding of numbers, ways of representing numbers, relationships among numbers, and number systems." parent_category="reporting_category" label="A.1. Numbers: Representations, Relationships and Systems" parent_name="PA.A" name="PA.A.1"/>
    <Standard category="strand" description="A. Numbers and Operations" parent_category="standard" label="A. Numbers and Operations" parent_name="NCTM" name="NCTM.A"/>
    <Standard category="grade_level" description="6th Grade" parent_category="standard" label="6th Grade" parent_name="CommonCore" name="CommonCore.6"/>
    <Standard category="strand" description="6.NS. The Number System" parent_category="grade_level" label="6.NS. The Number System" parent_name="CommonCore.6" name="CommonCore.6.NS"/>
    <Standard category="strand" description="Working with Fractions" parent_category="standard" label="Working with Fractions" parent_name="Student" name="Student.WF"/>
  </Categories>
  <Skills>
    <Skill category="6-17_Fraction_Identification" pKnown="0.25" description="Divide the number line" pLearn="0.2" label="Divide the number line" name="DivNumLine" pGuess="0.2" pSlip="0.1"/>
    <Skill category="6-17_Fraction_Identification" pKnown="0.25" description="Find a value on the number line" pLearn="0.2" label="Find a value on the number line" name="FindValueNumLine" pGuess="0.2" pSlip="0.1"/>
    <Skill category="6-17_Fraction_Identification" pKnown="0.25" description="Identify the denominator" pLearn="0.2" label="Identify the denominator" name="IdenDenominator" pGuess="0.2" pSlip="0.1"/>
    <Skill category="6-17_Fraction_Identification" pKnown="0.25" description="Identify the numerator" pLearn="0.2" label="Identify the numerator" name="IdenNumerator" pGuess="0.2" pSlip="0.1"/>
    <Skill category="6-17_Fraction_Identification" pKnown="0.25" description="Work with fraction greater than 1" pLearn="0.2" label="Work with fraction greater than 1" name="FracGreater1" pGuess="0.2" pSlip="0.1"/>
    <Skill category="6-17_Fraction_Identification" pKnown="0.25" description="Work with fraction less than 1" pLearn="0.2" label="Work with fraction less than 1" name="FracLess1" pGuess="0.2" pSlip="0.1"/>
  </Skills>
  <Assets>
  </Assets>
</ProblemSet>
