<?xml version="1.0" encoding="UTF-8"?>
<ProblemSet initial_sequence="0" selection_algorithm="adaptive" max_count="1000" description="Uses an interactive number line to demonstrate decimals." max_repeat="1" label="6.04 Decimal Ordering" team_size="1" name="6.04" picture="">
  <Problems>
    <Problem selection_features="" problem_file="1.brd" description="0.2" student_interface="6_4.swf" label="0.2" name="Q1. 0.2" student_interface_class="" tutor_flag="tutor" team_role="0">
      <Skills>
        <Skill category="6-04_Fraction_Ordering" occurrences="1" name="1dgt"/>
        <Skill category="6-04_Fraction_Ordering" occurrences="1" name="zoomBtn"/>
      </Skills>
    </Problem>
    <Problem selection_features="" problem_file="2.brd" description="0.4" student_interface="6_4.swf" label="0.4" name="Q2. 0.4" student_interface_class="" tutor_flag="tutor" team_role="0">
      <Skills>
        <Skill category="6-04_Fraction_Ordering" occurrences="1" name="1dgt"/>
        <Skill category="6-04_Fraction_Ordering" occurrences="1" name="zoomBtn"/>
      </Skills>
    </Problem>
    <Problem selection_features="" problem_file="3.brd" description="0.04" student_interface="6_4.swf" label="0.04" name="Q3. 0.04" student_interface_class="" tutor_flag="tutor" team_role="0">
      <Skills>
        <Skill category="6-04_Fraction_Ordering" occurrences="1" name="2dgt-0tenth"/>
        <Skill category="6-04_Fraction_Ordering" occurrences="1" name="zoomBtn"/>
      </Skills>
    </Problem>
    <Problem selection_features="" problem_file="4.brd" description="0.1" student_interface="6_4.swf" label="0.1" name="Q4. 0.1" student_interface_class="" tutor_flag="tutor" team_role="0">
      <Skills>
        <Skill category="6-04_Fraction_Ordering" occurrences="1" name="1dgt"/>
        <Skill category="6-04_Fraction_Ordering" occurrences="1" name="zoomBtn"/>
      </Skills>
    </Problem>
    <Problem selection_features="" problem_file="5.brd" description="0.15" student_interface="6_4.swf" label="0.15" name="Q5. 0.15" student_interface_class="" tutor_flag="tutor" team_role="0">
      <Skills>
        <Skill category="6-04_Fraction_Ordering" occurrences="1" name="2dgt"/>
        <Skill category="6-04_Fraction_Ordering" occurrences="1" name="zoomBtn"/>
      </Skills>
    </Problem>
    <Problem selection_features="" problem_file="6.brd" description="0.24" student_interface="6_4.swf" label="0.24" name="Q6. 0.24" student_interface_class="" tutor_flag="tutor" team_role="0">
      <Skills>
        <Skill category="6-04_Fraction_Ordering" occurrences="1" name="2dgt"/>
        <Skill category="6-04_Fraction_Ordering" occurrences="1" name="zoomBtn"/>
      </Skills>
    </Problem>
    <Problem selection_features="" problem_file="7.brd" description="0.56" student_interface="6_4.swf" label="0.56" name="Q7. 0.56" student_interface_class="" tutor_flag="tutor" team_role="0">
      <Skills>
        <Skill category="6-04_Fraction_Ordering" occurrences="1" name="2dgt"/>
        <Skill category="6-04_Fraction_Ordering" occurrences="1" name="zoomBtn"/>
      </Skills>
    </Problem>
    <Problem selection_features="" problem_file="8.brd" description="0.568" student_interface="6_4.swf" label="0.568" name="Q8. 0.568" student_interface_class="" tutor_flag="tutor" team_role="0">
      <Skills>
        <Skill category="6-04_Fraction_Ordering" occurrences="1" name="3dgt"/>
        <Skill category="6-04_Fraction_Ordering" occurrences="1" name="zoomBtn"/>
      </Skills>
    </Problem>
    <Problem selection_features="" problem_file="9.brd" description="0.407" student_interface="6_4.swf" label="0.407" name="Q9. 0.407" student_interface_class="" tutor_flag="tutor" team_role="0">
      <Skills>
        <Skill category="6-04_Fraction_Ordering" occurrences="1" name="3dgt"/>
        <Skill category="6-04_Fraction_Ordering" occurrences="1" name="zoomBtn"/>
      </Skills>
    </Problem>
    <Problem selection_features="" problem_file="10.brd" description="0.054" student_interface="6_4.swf" label="0.054" name="Q10. 0.054" student_interface_class="" tutor_flag="tutor" team_role="0">
      <Skills>
        <Skill category="6-04_Fraction_Ordering" occurrences="1" name="3dgt-0tenth"/>
        <Skill category="6-04_Fraction_Ordering" occurrences="1" name="zoomBtn"/>
      </Skills>
    </Problem>
    <Problem selection_features="" problem_file="11.brd" description="0.57" student_interface="6_4.swf" label="0.57" name="Q11. 0.57" student_interface_class="" tutor_flag="tutor" team_role="0">
      <Skills>
        <Skill category="6-04_Fraction_Ordering" occurrences="1" name="2dgt"/>
        <Skill category="6-04_Fraction_Ordering" occurrences="1" name="zoomBtn"/>
      </Skills>
    </Problem>
    <Problem selection_features="" problem_file="12.brd" description="0.7431" student_interface="6_4.swf" label="0.7431" name="Q12. 0.7431" student_interface_class="" tutor_flag="tutor" team_role="0">
      <Skills>
        <Skill category="6-04_Fraction_Ordering" occurrences="1" name="4dgt"/>
        <Skill category="6-04_Fraction_Ordering" occurrences="1" name="zoomBtn"/>
      </Skills>
    </Problem>
    <Problem selection_features="" problem_file="13.brd" description="0.329" student_interface="6_4.swf" label="0.329" name="Q13. 0.329" student_interface_class="" tutor_flag="tutor" team_role="0">
      <Skills>
        <Skill category="6-04_Fraction_Ordering" occurrences="1" name="3dgt"/>
        <Skill category="6-04_Fraction_Ordering" occurrences="1" name="zoomBtn"/>
      </Skills>
    </Problem>
    <Problem selection_features="" problem_file="14.brd" description="0.08" student_interface="6_4.swf" label="0.08" name="Q14. 0.08" student_interface_class="" tutor_flag="tutor" team_role="0">
      <Skills>
        <Skill category="6-04_Fraction_Ordering" occurrences="1" name="2dgt-0tenth"/>
        <Skill category="6-04_Fraction_Ordering" occurrences="1" name="zoomBtn"/>
      </Skills>
    </Problem>
    <Problem selection_features="" problem_file="15.brd" description="0.093" student_interface="6_4.swf" label="0.093" name="Q15. 0.093" student_interface_class="" tutor_flag="tutor" team_role="0">
      <Skills>
        <Skill category="6-04_Fraction_Ordering" occurrences="1" name="3dgt-0tenth"/>
        <Skill category="6-04_Fraction_Ordering" occurrences="1" name="zoomBtn"/>
      </Skills>
    </Problem>
    <Problem selection_features="" problem_file="16.brd" description="0.8095" student_interface="6_4.swf" label="0.8095" name="Q16. 0.8095" student_interface_class="" tutor_flag="tutor" team_role="0">
      <Skills>
        <Skill category="6-04_Fraction_Ordering" occurrences="1" name="4dgt"/>
        <Skill category="6-04_Fraction_Ordering" occurrences="1" name="zoomBtn"/>
      </Skills>
    </Problem>
    <Problem selection_features="" problem_file="17.brd" description="0.1" student_interface="6_4.swf" label="0.1" name="Q17. 0.1" student_interface_class="" tutor_flag="tutor" team_role="0">
      <Skills>
        <Skill category="6-04_Fraction_Ordering" occurrences="1" name="1dgt"/>
        <Skill category="6-04_Fraction_Ordering" occurrences="1" name="zoomBtn"/>
      </Skills>
    </Problem>
    <Problem selection_features="" problem_file="18.brd" description="0.7" student_interface="6_4.swf" label="0.7" name="Q18. 0.7" student_interface_class="" tutor_flag="tutor" team_role="0">
      <Skills>
        <Skill category="6-04_Fraction_Ordering" occurrences="1" name="1dgt"/>
        <Skill category="6-04_Fraction_Ordering" occurrences="1" name="zoomBtn"/>
      </Skills>
    </Problem>
    <Problem selection_features="" problem_file="20.brd" description="0.02" student_interface="6_4.swf" label="0.02" name="Q20. 0.02" student_interface_class="" tutor_flag="tutor" team_role="0">
      <Skills>
        <Skill category="6-04_Fraction_Ordering" occurrences="1" name="2dgt-0tenth"/>
        <Skill category="6-04_Fraction_Ordering" occurrences="1" name="zoomBtn"/>
      </Skills>
    </Problem>
    <Problem selection_features="" problem_file="21.brd" description="0.16" student_interface="6_4.swf" label="0.16" name="Q21. 0.16" student_interface_class="" tutor_flag="tutor" team_role="0">
      <Skills>
        <Skill category="6-04_Fraction_Ordering" occurrences="1" name="2dgt"/>
        <Skill category="6-04_Fraction_Ordering" occurrences="1" name="zoomBtn"/>
      </Skills>
    </Problem>
    <Problem selection_features="" problem_file="22.brd" description="0.32" student_interface="6_4.swf" label="0.32" name="Q22. 0.32" student_interface_class="" tutor_flag="tutor" team_role="0">
      <Skills>
        <Skill category="6-04_Fraction_Ordering" occurrences="1" name="2dgt"/>
        <Skill category="6-04_Fraction_Ordering" occurrences="1" name="zoomBtn"/>
      </Skills>
    </Problem>
    <Problem selection_features="" problem_file="23.brd" description="0.755" student_interface="6_4.swf" label="0.755" name="Q23. 0.755" student_interface_class="" tutor_flag="tutor" team_role="0">
      <Skills>
        <Skill category="6-04_Fraction_Ordering" occurrences="1" name="3dgt"/>
        <Skill category="6-04_Fraction_Ordering" occurrences="1" name="zoomBtn"/>
      </Skills>
    </Problem>
    <Problem selection_features="" problem_file="24.brd" description="0.96" student_interface="6_4.swf" label="0.96" name="Q24. 0.96" student_interface_class="" tutor_flag="tutor" team_role="0">
      <Skills>
        <Skill category="6-04_Fraction_Ordering" occurrences="1" name="2dgt"/>
        <Skill category="6-04_Fraction_Ordering" occurrences="1" name="zoomBtn"/>
      </Skills>
    </Problem>
    <Problem selection_features="" problem_file="25.brd" description="25" student_interface="6_4.swf" label="25" name="25" student_interface_class="" tutor_flag="tutor" team_role="0">
      <Skills>
        <Skill category="6-04_Fraction_Ordering" occurrences="1" name="1dgt"/>
        <Skill category="6-04_Fraction_Ordering" occurrences="1" name="2dgt-0tenth"/>
        <Skill category="6-04_Fraction_Ordering" occurrences="1" name="compValue"/>
      </Skills>
    </Problem>
    <Problem selection_features="" problem_file="26.brd" description="26" student_interface="6_4.swf" label="26" name="26" student_interface_class="" tutor_flag="tutor" team_role="0">
      <Skills>
        <Skill category="6-04_Fraction_Ordering" occurrences="1" name="2dgt-0tenth"/>
        <Skill category="6-04_Fraction_Ordering" occurrences="1" name="3dgt-0tenth"/>
        <Skill category="6-04_Fraction_Ordering" occurrences="1" name="compValue"/>
      </Skills>
    </Problem>
    <Problem selection_features="" problem_file="27.brd" description="27" student_interface="6_4.swf" label="27" name="27" student_interface_class="" tutor_flag="tutor" team_role="0">
      <Skills>
        <Skill category="6-04_Fraction_Ordering" occurrences="1" name="3dgt"/>
        <Skill category="6-04_Fraction_Ordering" occurrences="1" name="2dgt"/>
        <Skill category="6-04_Fraction_Ordering" occurrences="1" name="compValue"/>
      </Skills>
    </Problem>
    <Problem selection_features="" problem_file="28.brd" description="28" student_interface="6_4.swf" label="28" name="28" student_interface_class="" tutor_flag="tutor" team_role="0">
      <Skills>
        <Skill category="6-04_Fraction_Ordering" occurrences="1" name="2dgt"/>
        <Skill category="6-04_Fraction_Ordering" occurrences="1" name="compValue"/>
      </Skills>
    </Problem>
    <Problem selection_features="" problem_file="29.brd" description="29" student_interface="6_4.swf" label="29" name="29" student_interface_class="" tutor_flag="tutor" team_role="0">
      <Skills>
        <Skill category="6-04_Fraction_Ordering" occurrences="1" name="3dgt"/>
        <Skill category="6-04_Fraction_Ordering" occurrences="1" name="1dgt"/>
        <Skill category="6-04_Fraction_Ordering" occurrences="1" name="compValue"/>
      </Skills>
    </Problem>
    <Problem selection_features="" problem_file="30.brd" description="30" student_interface="6_4.swf" label="30" name="30" student_interface_class="" tutor_flag="tutor" team_role="0">
      <Skills>
        <Skill category="6-04_Fraction_Ordering" occurrences="1" name="1dgt"/>
        <Skill category="6-04_Fraction_Ordering" occurrences="1" name="3dgt-0tenth"/>
        <Skill category="6-04_Fraction_Ordering" occurrences="1" name="compValue"/>
      </Skills>
    </Problem>
    <Problem selection_features="" problem_file="31.brd" description="31" student_interface="6_4.swf" label="31" name="31" student_interface_class="" tutor_flag="tutor" team_role="0">
      <Skills>
        <Skill category="6-04_Fraction_Ordering" occurrences="1" name="2dgt"/>
        <Skill category="6-04_Fraction_Ordering" occurrences="1" name="3dgt-0tenth"/>
        <Skill category="6-04_Fraction_Ordering" occurrences="1" name="compValue"/>
      </Skills>
    </Problem>
    <Problem selection_features="" problem_file="32.brd" description="32" student_interface="6_4.swf" label="32" name="32" student_interface_class="" tutor_flag="tutor" team_role="0">
      <Skills>
        <Skill category="6-04_Fraction_Ordering" occurrences="1" name="2dgt-0tenth"/>
        <Skill category="6-04_Fraction_Ordering" occurrences="1" name="1dgt"/>
        <Skill category="6-04_Fraction_Ordering" occurrences="1" name="compValue"/>
      </Skills>
    </Problem>
    <Problem selection_features="" problem_file="33.brd" description="33" student_interface="6_4.swf" label="33" name="33" student_interface_class="" tutor_flag="tutor" team_role="0">
      <Skills>
        <Skill category="6-04_Fraction_Ordering" occurrences="1" name="3dgt"/>
        <Skill category="6-04_Fraction_Ordering" occurrences="1" name="1dgt"/>
        <Skill category="6-04_Fraction_Ordering" occurrences="1" name="compValue"/>
      </Skills>
    </Problem>
    <Problem selection_features="" problem_file="34.brd" description="34" student_interface="6_4.swf" label="34" name="34" student_interface_class="" tutor_flag="tutor" team_role="0">
      <Skills>
        <Skill category="6-04_Fraction_Ordering" occurrences="1" name="3dgt"/>
        <Skill category="6-04_Fraction_Ordering" occurrences="1" name="2dgt"/>
        <Skill category="6-04_Fraction_Ordering" occurrences="1" name="compValue"/>
      </Skills>
    </Problem>
  </Problems>
  <Categories>
    <Collection category="" description="Released Problem Sets" parent_category="" label="Released Problem Sets" parent_name="" name="general"/>
    <Standard category="standard" description="PA Assessment Anchors" parent_category="" label="PA Assessment Anchors" parent_name="" name="PA"/>
    <Standard category="standard" description="NCTM Curriculum Focal Points" parent_category="" label="NCTM Curriculum Focal Points" parent_name="" name="NCTM"/>
    <Standard category="standard" description="Common Core Standards" parent_category="" label="Common Core Standards" parent_name="" name="CommonCore"/>
    <Standard category="standard" description="Student Standards" parent_category="" label="Problem Set Categories" parent_name="" name="Student"/>
    <Grade category="" description="6th Grade" parent_category="" label="6th Grade" parent_name="" name="6"/>
    <Standard category="reporting_category" description="A. Numbers and Operations" parent_category="standard" label="A. Numbers and Operations" parent_name="PA" name="PA.A"/>
    <Standard category="assessment_anchor" description="A.1. Demonstrate an understanding of numbers, ways of representing numbers, relationships among numbers, and number systems." parent_category="reporting_category" label="A.1. Numbers: Representations, Relationships and Systems" parent_name="PA.A" name="PA.A.1"/>
    <Standard category="reporting_category" description="B. Measurement" parent_category="standard" label="B. Measurement" parent_name="PA" name="PA.B"/>
    <Standard category="assessment_anchor" description="B.2. Apply appropriate techniques, tools and formulas to determine measurements." parent_category="reporting_category" label="B.2. Techniques, Tools and Formulas" parent_name="PA.B" name="PA.B.2"/>
    <Standard category="strand" description="A. Numbers and Operations" parent_category="standard" label="A. Numbers and Operations" parent_name="NCTM" name="NCTM.A"/>
    <Standard category="strand" description="C. Geometry" parent_category="standard" label="C. Geometry" parent_name="NCTM" name="NCTM.C"/>
    <Standard category="grade_level" description="6th Grade" parent_category="standard" label="6th Grade" parent_name="CommonCore" name="CommonCore.6"/>
    <Standard category="strand" description="6.NS. The Number System" parent_category="grade_level" label="6.NS. The Number System" parent_name="CommonCore.6" name="CommonCore.6.NS"/>
    <Standard category="strand" description="Working with Decimals" parent_category="standard" label="Working with Decimals" parent_name="Student" name="Student.WD"/>
  </Categories>
  <Skills>
    <Skill category="6-04_Fraction_Ordering" pKnown="0.25" description="Compare values of numbers" pLearn="0.2" label="Compare values of numbers" name="compValue" pGuess="0.2" pSlip="0.1"/>
    <Skill category="6-04_Fraction_Ordering" pKnown="0.25" description="Enter 1 digit decimal" pLearn="0.2" label="Enter 1 digit decimal" name="1dgt" pGuess="0.2" pSlip="0.1"/>
    <Skill category="6-04_Fraction_Ordering" pKnown="0.25" description="Enter 2 digit decimal" pLearn="0.2" label="Enter 2 digit decimal" name="2dgt" pGuess="0.2" pSlip="0.1"/>
    <Skill category="6-04_Fraction_Ordering" pKnown="0.25" description="Enter 2 digit decimal with zero tenth" pLearn="0.2" label="Enter 2 digit decimal with zero tenth" name="2dgt-0tenth" pGuess="0.2" pSlip="0.1"/>
    <Skill category="6-04_Fraction_Ordering" pKnown="0.25" description="Enter 3 digit decimal" pLearn="0.2" label="Enter 3 digit decimal" name="3dgt" pGuess="0.2" pSlip="0.1"/>
    <Skill category="6-04_Fraction_Ordering" pKnown="0.25" description="Enter 3 digit decimal with zero tenth" pLearn="0.2" label="Enter 3 digit decimal with zero tenth" name="3dgt-0tenth" pGuess="0.2" pSlip="0.1"/>
    <Skill category="6-04_Fraction_Ordering" pKnown="0.25" description="Enter 4 digit decimal" pLearn="0.2" label="Enter 4 digit decimal" name="4dgt" pGuess="0.2" pSlip="0.1"/>
    <Skill category="6-04_Fraction_Ordering" pKnown="0.25" description="Zoom into the correct tenth" pLearn="0.2" label="Zoom into the correct tenth" name="zoomBtn" pGuess="0.2" pSlip="0.1"/>
  </Skills>
  <Assets>
  </Assets>
</ProblemSet>
