<?xml version="1.0" encoding="UTF-8"?>
<ProblemSet initial_sequence="0" selection_algorithm="sequential" max_count="1000" description="Student solves two-step equations (may contain negative numbers)." max_repeat="1" label="7.51 Solving Two-Step Linear Equations" team_size="1" name="7.51" picture="">
  <Problems>
    <Problem selection_features="" problem_file="two_2.brd" description="problem1" student_interface="int_two_steps_1.swf" label="problem1" name="01" student_interface_class="" tutor_flag="tutor" team_role="0">
      <Skills>
      </Skills>
    </Problem>
    <Problem selection_features="" problem_file="two_3.brd" description="problem2" student_interface="int_two_steps_2.swf" label="problem2" name="02" student_interface_class="" tutor_flag="tutor" team_role="0">
      <Skills>
      </Skills>
    </Problem>
    <Problem selection_features="" problem_file="two_4.brd" description="problem3" student_interface="int_two_steps_1.swf" label="problem3" name="03" student_interface_class="" tutor_flag="tutor" team_role="0">
      <Skills>
      </Skills>
    </Problem>
    <Problem selection_features="" problem_file="one_7.brd" description="problem4" student_interface="int_one_step_2.swf" label="problem4" name="04" student_interface_class="" tutor_flag="tutor" team_role="0">
      <Skills>
      </Skills>
    </Problem>
    <Problem selection_features="" problem_file="two_6.brd" description="problem5" student_interface="int_two_steps_1.swf" label="problem5" name="05" student_interface_class="" tutor_flag="tutor" team_role="0">
      <Skills>
      </Skills>
    </Problem>
    <Problem selection_features="" problem_file="two_7.brd" description="problem6" student_interface="int_two_steps_2.swf" label="problem6" name="06" student_interface_class="" tutor_flag="tutor" team_role="0">
      <Skills>
      </Skills>
    </Problem>
  </Problems>
  <Categories>
    <Collection category="" description="Released Problem Sets" parent_category="" label="Released Problem Sets" parent_name="" name="general"/>
    <Standard category="standard" description="PA Assessment Anchors" parent_category="" label="PA Assessment Anchors" parent_name="" name="PA"/>
    <Standard category="standard" description="NCTM Curriculum Focal Points" parent_category="" label="NCTM Curriculum Focal Points" parent_name="" name="NCTM"/>
    <Standard category="standard" description="Common Core Standards" parent_category="" label="Common Core Standards" parent_name="" name="CommonCore"/>
    <Standard category="standard" description="Student Standards" parent_category="" label="Problem Set Categories" parent_name="" name="Student"/>
    <Grade category="" description="7th Grade" parent_category="" label="7th Grade" parent_name="" name="7"/>
    <Grade category="" description="8th Grade" parent_category="" label="8th Grade" parent_name="" name="8"/>
    <Standard category="reporting_category" description="D. Algebraic Concepts" parent_category="standard" label="D. Algebraic Concepts" parent_name="PA" name="PA.D"/>
    <Standard category="assessment_anchor" description="D.2. Represent and/or analyze mathematical situations and structures using algebraic symbols, words, tables, and graphs." parent_category="reporting_category" label="D.2. Represent Situations and Structures" parent_name="PA.D" name="PA.D.2"/>
    <Standard category="strand" description="B. Algebra" parent_category="standard" label="B. Algebra" parent_name="NCTM" name="NCTM.B"/>
    <Standard category="grade_level" description="7th Grade" parent_category="standard" label="7th Grade" parent_name="CommonCore" name="CommonCore.7"/>
    <Standard category="strand" description="7.EE. Expressions and Equations" parent_category="grade_level" label="7.EE. Expressions and Equations" parent_name="CommonCore.7" name="CommonCore.7.EE"/>
    <Standard category="strand" description="Solving Equations" parent_category="standard" label="Solving Equations" parent_name="Student" name="Student.SE"/>
  </Categories>
  <Skills>
  </Skills>
  <Assets>
  </Assets>
</ProblemSet>
