<?xml version="1.0" encoding="UTF-8"?>
<ProblemSet initial_sequence="0" selection_algorithm="sequential" max_count="1000" description="Uses images and graphs to help student visualize probability." max_repeat="1" label="8.15 Simple Probability Review" team_size="1" name="8.15" picture="">
  <Problems>
    <Problem selection_features="" problem_file="01sports.brd" description="01 Sport Balls" student_interface="8-15.swf" label="01 Sport Balls" name="01 Sport Balls" student_interface_class="" tutor_flag="tutor" team_role="0">
      <Skills>
        <Skill category="Probability" occurrences="7" name="Enter-Probability"/>
        <Skill category="Probability" occurrences="7" name="Enter-Simplified-Probability"/>
        <Skill category="Probability" occurrences="7" name="Count-Total-Items"/>
        <Skill category="Probability" occurrences="7" name="Identify-GCF"/>
        <Skill category="Probability" occurrences="7" name="Count-Target-Items"/>
      </Skills>
    </Problem>
    <Problem selection_features="" problem_file="02bottletops.brd" description="02 Bottle Tops" student_interface="8-15.swf" label="02 Bottle Tops" name="02 Bottle Tops" student_interface_class="" tutor_flag="tutor" team_role="0">
      <Skills>
        <Skill category="Probability" occurrences="7" name="Enter-Probability"/>
        <Skill category="Probability" occurrences="7" name="Enter-Simplified-Probability"/>
        <Skill category="Probability" occurrences="7" name="Count-Total-Items"/>
        <Skill category="Probability" occurrences="7" name="Identify-GCF"/>
        <Skill category="Probability" occurrences="7" name="Count-Target-Items"/>
      </Skills>
    </Problem>
    <Problem selection_features="" problem_file="03fastfood.brd" description="03 Fast Food" student_interface="8-15.swf" label="03 Fast Food" name="03 Fast Food" student_interface_class="" tutor_flag="tutor" team_role="0">
      <Skills>
        <Skill category="Probability" occurrences="7" name="Enter-Probability"/>
        <Skill category="Probability" occurrences="7" name="Enter-Simplified-Probability"/>
        <Skill category="Probability" occurrences="7" name="Count-Total-Items"/>
        <Skill category="Probability" occurrences="7" name="Identify-GCF"/>
        <Skill category="Probability" occurrences="7" name="Count-Target-Items"/>
      </Skills>
    </Problem>
    <Problem selection_features="" problem_file="04flowers.brd" description="04 Picking Flowers" student_interface="8-15.swf" label="04 Picking Flowers" name="04 Picking Flowers" student_interface_class="" tutor_flag="tutor" team_role="0">
      <Skills>
        <Skill category="Probability" occurrences="7" name="Enter-Probability"/>
        <Skill category="Probability" occurrences="7" name="Enter-Simplified-Probability"/>
        <Skill category="Probability" occurrences="7" name="Count-Total-Items"/>
        <Skill category="Probability" occurrences="7" name="Identify-GCF"/>
        <Skill category="Probability" occurrences="7" name="Count-Target-Items"/>
      </Skills>
    </Problem>
    <Problem selection_features="" problem_file="05gumball.brd" description="05 Gumball Machine" student_interface="8-15.swf" label="05 Gumball Machine" name="05 Gumball Machine" student_interface_class="" tutor_flag="tutor" team_role="0">
      <Skills>
        <Skill category="Probability" occurrences="7" name="Enter-Probability"/>
        <Skill category="Probability" occurrences="7" name="Enter-Simplified-Probability"/>
        <Skill category="Probability" occurrences="7" name="Count-Total-Items"/>
        <Skill category="Probability" occurrences="7" name="Identify-GCF"/>
        <Skill category="Probability" occurrences="7" name="Count-Target-Items"/>
      </Skills>
    </Problem>
  </Problems>
  <Categories>
    <Collection category="" description="Released Problem Sets" parent_category="" label="Released Problem Sets" parent_name="" name="general"/>
    <Standard category="standard" description="PA Assessment Anchors" parent_category="" label="PA Assessment Anchors" parent_name="" name="PA"/>
    <Standard category="standard" description="NCTM Curriculum Focal Points" parent_category="" label="NCTM Curriculum Focal Points" parent_name="" name="NCTM"/>
    <Standard category="standard" description="Common Core Standards" parent_category="" label="Common Core Standards" parent_name="" name="CommonCore"/>
    <Standard category="standard" description="Student Standards" parent_category="" label="Problem Set Categories" parent_name="" name="Student"/>
    <Grade category="" description="7th Grade" parent_category="" label="7th Grade" parent_name="" name="7"/>
    <Grade category="" description="8th Grade" parent_category="" label="8th Grade" parent_name="" name="8"/>
    <Standard category="reporting_category" description="E. Data Analysis and Probability" parent_category="standard" label="E. Data Analysis and Probability" parent_name="PA" name="PA.E"/>
    <Standard category="assessment_anchor" description="E.3. Understand and apply basic concepts of probability." parent_category="reporting_category" label="E.3. Concepts of Probability" parent_name="PA.E" name="PA.E.3"/>
    <Standard category="strand" description="A. Numbers and Operations" parent_category="standard" label="A. Numbers and Operations" parent_name="NCTM" name="NCTM.A"/>
    <Standard category="grade_level" description="7th Grade" parent_category="standard" label="7th Grade" parent_name="CommonCore" name="CommonCore.7"/>
    <Standard category="strand" description="7.SP. Statistics and Probability" parent_category="grade_level" label="7.SP. Statistics and Probability" parent_name="CommonCore.7" name="CommonCore.7.SP"/>
    <Standard category="strand" description="Student.Fdpp" parent_category="standard" label="Student.Fdpp" parent_name="Student" name="Student.FDPP"/>
  </Categories>
  <Skills>
    <Skill category="Probability" pKnown="0.25" description="Count target items" pLearn="0.2" label="Count target items" name="Count-Target-Items" pGuess="0.2" pSlip="0.1"/>
    <Skill category="Probability" pKnown="0.25" description="Count total items" pLearn="0.2" label="Count total items" name="Count-Total-Items" pGuess="0.2" pSlip="0.1"/>
    <Skill category="Probability" pKnown="0.25" description="Enter probability" pLearn="0.2" label="Enter probability" name="Enter-Probability" pGuess="0.2" pSlip="0.1"/>
    <Skill category="Probability" pKnown="0.25" description="Enter simplified probability" pLearn="0.2" label="Enter simplified probability" name="Enter-Simplified-Probability" pGuess="0.2" pSlip="0.1"/>
    <Skill category="Probability" pKnown="0.25" description="Identify GCF" pLearn="0.2" label="Identify GCF" name="Identify-GCF" pGuess="0.2" pSlip="0.1"/>
  </Skills>
  <Assets>
  </Assets>
</ProblemSet>
