<?xml version="1.0" encoding="UTF-8"?>
<ProblemSet initial_sequence="0" selection_algorithm="sequential" max_count="1000" description="Requires student to solve a problem using ratios with specified scaffolded steps." max_repeat="1" label="6.24 Ratios" team_size="1" name="6.24" picture="">
  <Problems>
    <Problem selection_features="" problem_file="Problem 2.brd" description="Andrew" student_interface="6.24_5-rows-new.swf" label="Andrew" name="Problem 2" student_interface_class="" tutor_flag="tutor" team_role="0">
      <Skills>
        <Skill category="Ratios" occurrences="1" name="Write_expression_for_one_part"/>
        <Skill category="Ratios" occurrences="1" name="Write_expression_for_remaining"/>
        <Skill category="Ratios" occurrences="1" name="Write_expression_for_total"/>
        <Skill category="Ratios" occurrences="1" name="Solve_for_total"/>
        <Skill category="Ratios" occurrences="1" name="Solve_for_one_part"/>
        <Skill category="Ratios" occurrences="1" name="Enter_given_ratio"/>
        <Skill category="Ratios" occurrences="1" name="Solve_for_remaining"/>
        <Skill category="Ratios" occurrences="1" name="Enter_given_part"/>
      </Skills>
    </Problem>
    <Problem selection_features="" problem_file="Problem 3.brd" description="Max" student_interface="6.24_5-rows-new.swf" label="Max" name="Problem 3" student_interface_class="" tutor_flag="tutor" team_role="0">
      <Skills>
        <Skill category="Ratios" occurrences="1" name="Write_expression_for_one_part"/>
        <Skill category="Ratios" occurrences="1" name="Write_expression_for_remaining"/>
        <Skill category="Ratios" occurrences="1" name="Write_expression_for_total"/>
        <Skill category="Ratios" occurrences="1" name="Solve_for_total"/>
        <Skill category="Ratios" occurrences="1" name="Solve_for_one_part"/>
        <Skill category="Ratios" occurrences="1" name="Enter_given_ratio"/>
        <Skill category="Ratios" occurrences="1" name="Solve_for_remaining"/>
        <Skill category="Ratios" occurrences="1" name="Enter_given_part"/>
      </Skills>
    </Problem>
    <Problem selection_features="" problem_file="Problem 8.brd" description="Amy" student_interface="6.24_5-rows-new.swf" label="Amy" name="Problem 8" student_interface_class="" tutor_flag="tutor" team_role="0">
      <Skills>
        <Skill category="Ratios" occurrences="1" name="Write_expression_for_one_part"/>
        <Skill category="Ratios" occurrences="1" name="Write_expression_for_remaining"/>
        <Skill category="Ratios" occurrences="1" name="Write_expression_for_part"/>
        <Skill category="Ratios" occurrences="1" name="Solve_for_part"/>
        <Skill category="Ratios" occurrences="1" name="Solve_for_one_part"/>
        <Skill category="Ratios" occurrences="1" name="Enter_given_ratio"/>
        <Skill category="Ratios" occurrences="1" name="Solve_for_remaining"/>
        <Skill category="Ratios" occurrences="1" name="Enter_given_total"/>
      </Skills>
    </Problem>
    <Problem selection_features="" problem_file="Problem 9.brd" description="Sarah" student_interface="6.24_5-rows-new.swf" label="Sarah" name="Problem 9" student_interface_class="" tutor_flag="tutor" team_role="0">
      <Skills>
        <Skill category="Ratios" occurrences="1" name="Write_expression_for_one_part"/>
        <Skill category="Ratios" occurrences="1" name="Write_expression_for_remaining"/>
        <Skill category="Ratios" occurrences="1" name="Write_expression_for_part"/>
        <Skill category="Ratios" occurrences="1" name="Solve_for_part"/>
        <Skill category="Ratios" occurrences="1" name="Solve_for_one_part"/>
        <Skill category="Ratios" occurrences="1" name="Enter_given_ratio"/>
        <Skill category="Ratios" occurrences="1" name="Solve_for_remaining"/>
        <Skill category="Ratios" occurrences="1" name="Enter_given_total"/>
      </Skills>
    </Problem>
    <Problem selection_features="" problem_file="Problem 10.brd" description="Harold" student_interface="6.24_5-rows-new.swf" label="Harold" name="Problem 10" student_interface_class="" tutor_flag="tutor" team_role="0">
      <Skills>
        <Skill category="Ratios" occurrences="1" name="Write_expression_for_one_part"/>
        <Skill category="Ratios" occurrences="1" name="Write_expression_for_remaining"/>
        <Skill category="Ratios" occurrences="1" name="Write_expression_for_part"/>
        <Skill category="Ratios" occurrences="1" name="Solve_for_part"/>
        <Skill category="Ratios" occurrences="1" name="Solve_for_one_part"/>
        <Skill category="Ratios" occurrences="1" name="Enter_given_ratio"/>
        <Skill category="Ratios" occurrences="1" name="Solve_for_remaining"/>
        <Skill category="Ratios" occurrences="1" name="Enter_given_total"/>
      </Skills>
    </Problem>
    <Problem selection_features="" problem_file="Problem 12.brd" description="Bruce" student_interface="6.24_5-rows-new.swf" label="Bruce" name="Problem 12" student_interface_class="" tutor_flag="tutor" team_role="0">
      <Skills>
        <Skill category="Ratios" occurrences="1" name="Write_expression_for_one_part"/>
        <Skill category="Ratios" occurrences="1" name="Write_expression_for_remaining"/>
        <Skill category="Ratios" occurrences="1" name="Write_expression_for_total"/>
        <Skill category="Ratios" occurrences="1" name="Solve_for_total"/>
        <Skill category="Ratios" occurrences="1" name="Solve_for_one_part"/>
        <Skill category="Ratios" occurrences="1" name="Enter_given_ratio"/>
        <Skill category="Ratios" occurrences="1" name="Solve_for_remaining"/>
        <Skill category="Ratios" occurrences="1" name="Enter_given_part"/>
      </Skills>
    </Problem>
    <Problem selection_features="" problem_file="Problem 13.brd" description="Kristina" student_interface="6.24_5-rows-new.swf" label="Kristina" name="Problem 13" student_interface_class="" tutor_flag="tutor" team_role="0">
      <Skills>
        <Skill category="Ratios" occurrences="1" name="Write_expression_for_one_part"/>
        <Skill category="Ratios" occurrences="1" name="Write_expression_for_remaining"/>
        <Skill category="Ratios" occurrences="1" name="Write_expression_for_total"/>
        <Skill category="Ratios" occurrences="1" name="Solve_for_total"/>
        <Skill category="Ratios" occurrences="1" name="Solve_for_one_part"/>
        <Skill category="Ratios" occurrences="1" name="Enter_given_ratio"/>
        <Skill category="Ratios" occurrences="1" name="Solve_for_remaining"/>
        <Skill category="Ratios" occurrences="1" name="Enter_given_part"/>
      </Skills>
    </Problem>
    <Problem selection_features="" problem_file="Problem 11.brd" description="Huck" student_interface="6.24_5-rows-new.swf" label="Huck" name="Problem 11" student_interface_class="" tutor_flag="tutor" team_role="0">
      <Skills>
        <Skill category="Ratios" occurrences="1" name="Write_expression_for_one_part"/>
        <Skill category="Ratios" occurrences="1" name="Write_expression_for_remaining"/>
        <Skill category="Ratios" occurrences="1" name="Write_expression_for_part"/>
        <Skill category="Ratios" occurrences="1" name="Solve_for_part"/>
        <Skill category="Ratios" occurrences="1" name="Solve_for_one_part"/>
        <Skill category="Ratios" occurrences="1" name="Enter_given_ratio"/>
        <Skill category="Ratios" occurrences="1" name="Solve_for_remaining"/>
        <Skill category="Ratios" occurrences="1" name="Enter_given_total"/>
      </Skills>
    </Problem>
    <Problem selection_features="" problem_file="Problem 16.brd" description="Leah" student_interface="6.24_5-rows-new.swf" label="Leah" name="Problem 16" student_interface_class="" tutor_flag="tutor" team_role="0">
      <Skills>
        <Skill category="Ratios" occurrences="1" name="Write_expression_for_one_part"/>
        <Skill category="Ratios" occurrences="1" name="Write_expression_for_remaining"/>
        <Skill category="Ratios" occurrences="1" name="Write_expression_for_part"/>
        <Skill category="Ratios" occurrences="1" name="Solve_for_part"/>
        <Skill category="Ratios" occurrences="1" name="Solve_for_one_part"/>
        <Skill category="Ratios" occurrences="1" name="Enter_given_ratio"/>
        <Skill category="Ratios" occurrences="1" name="Solve_for_remaining"/>
        <Skill category="Ratios" occurrences="1" name="Enter_given_total"/>
      </Skills>
    </Problem>
    <Problem selection_features="" problem_file="Problem 17.brd" description="Joey" student_interface="6.24_5-rows-new.swf" label="Joey" name="Problem 17" student_interface_class="" tutor_flag="tutor" team_role="0">
      <Skills>
        <Skill category="Ratios" occurrences="1" name="Write_expression_for_one_part"/>
        <Skill category="Ratios" occurrences="1" name="Write_expression_for_remaining"/>
        <Skill category="Ratios" occurrences="1" name="Write_expression_for_part"/>
        <Skill category="Ratios" occurrences="1" name="Solve_for_part"/>
        <Skill category="Ratios" occurrences="1" name="Solve_for_one_part"/>
        <Skill category="Ratios" occurrences="1" name="Enter_given_ratio"/>
        <Skill category="Ratios" occurrences="1" name="Solve_for_remaining"/>
        <Skill category="Ratios" occurrences="1" name="Enter_given_total"/>
      </Skills>
    </Problem>
    <Problem selection_features="" problem_file="Problem 14.brd" description="Jessica" student_interface="6.24_5-rows-new.swf" label="Jessica" name="Problem 14" student_interface_class="" tutor_flag="tutor" team_role="0">
      <Skills>
        <Skill category="Ratios" occurrences="1" name="Write_expression_for_one_part"/>
        <Skill category="Ratios" occurrences="1" name="Write_expression_for_remaining"/>
        <Skill category="Ratios" occurrences="1" name="Write_expression_for_total"/>
        <Skill category="Ratios" occurrences="1" name="Solve_for_total"/>
        <Skill category="Ratios" occurrences="1" name="Solve_for_one_part"/>
        <Skill category="Ratios" occurrences="1" name="Enter_given_ratio"/>
        <Skill category="Ratios" occurrences="1" name="Solve_for_remaining"/>
        <Skill category="Ratios" occurrences="1" name="Enter_given_part"/>
      </Skills>
    </Problem>
    <Problem selection_features="" problem_file="Problem 15.brd" description="Johnny" student_interface="6.24_5-rows-new.swf" label="Johnny" name="Problem 15" student_interface_class="" tutor_flag="tutor" team_role="0">
      <Skills>
        <Skill category="Ratios" occurrences="1" name="Write_expression_for_one_part"/>
        <Skill category="Ratios" occurrences="1" name="Write_expression_for_remaining"/>
        <Skill category="Ratios" occurrences="1" name="Write_expression_for_total"/>
        <Skill category="Ratios" occurrences="1" name="Solve_for_total"/>
        <Skill category="Ratios" occurrences="1" name="Solve_for_one_part"/>
        <Skill category="Ratios" occurrences="1" name="Enter_given_ratio"/>
        <Skill category="Ratios" occurrences="1" name="Solve_for_remaining"/>
        <Skill category="Ratios" occurrences="1" name="Enter_given_part"/>
      </Skills>
    </Problem>
    <Problem selection_features="" problem_file="Problem 18.brd" description="Kristopher" student_interface="6.24_5-rows-new.swf" label="Kristopher" name="Problem 18" student_interface_class="" tutor_flag="tutor" team_role="0">
      <Skills>
        <Skill category="Ratios" occurrences="1" name="Write_expression_for_one_part"/>
        <Skill category="Ratios" occurrences="1" name="Write_expression_for_remaining"/>
        <Skill category="Ratios" occurrences="1" name="Write_expression_for_part"/>
        <Skill category="Ratios" occurrences="1" name="Solve_for_part"/>
        <Skill category="Ratios" occurrences="1" name="Solve_for_one_part"/>
        <Skill category="Ratios" occurrences="1" name="Enter_given_ratio"/>
        <Skill category="Ratios" occurrences="1" name="Solve_for_remaining"/>
        <Skill category="Ratios" occurrences="1" name="Enter_given_total"/>
      </Skills>
    </Problem>
    <Problem selection_features="" problem_file="Problem 19.brd" description="Tom" student_interface="6.24_5-rows-new.swf" label="Tom" name="Problem 19" student_interface_class="" tutor_flag="tutor" team_role="0">
      <Skills>
        <Skill category="Ratios" occurrences="1" name="Write_expression_for_one_part"/>
        <Skill category="Ratios" occurrences="1" name="Write_expression_for_remaining"/>
        <Skill category="Ratios" occurrences="1" name="Write_expression_for_part"/>
        <Skill category="Ratios" occurrences="1" name="Solve_for_part"/>
        <Skill category="Ratios" occurrences="1" name="Solve_for_one_part"/>
        <Skill category="Ratios" occurrences="1" name="Enter_given_ratio"/>
        <Skill category="Ratios" occurrences="1" name="Solve_for_remaining"/>
        <Skill category="Ratios" occurrences="1" name="Enter_given_total"/>
      </Skills>
    </Problem>
    <Problem selection_features="" problem_file="Problem 21.brd" description="Annie" student_interface="6.24_5-rows-new.swf" label="Annie" name="Problem 21" student_interface_class="" tutor_flag="tutor" team_role="0">
      <Skills>
        <Skill category="Ratios" occurrences="1" name="Write_expression_for_one_part"/>
        <Skill category="Ratios" occurrences="1" name="Write_expression_for_remaining"/>
        <Skill category="Ratios" occurrences="1" name="Write_expression_for_total"/>
        <Skill category="Ratios" occurrences="1" name="Solve_for_total"/>
        <Skill category="Ratios" occurrences="1" name="Solve_for_one_part"/>
        <Skill category="Ratios" occurrences="1" name="Enter_given_ratio"/>
        <Skill category="Ratios" occurrences="1" name="Solve_for_remaining"/>
        <Skill category="Ratios" occurrences="1" name="Enter_given_part"/>
      </Skills>
    </Problem>
    <Problem selection_features="" problem_file="Problem 20.brd" description="Jerome" student_interface="6.24_5-rows-new.swf" label="Jerome" name="Problem 20" student_interface_class="" tutor_flag="tutor" team_role="0">
      <Skills>
        <Skill category="Ratios" occurrences="1" name="Write_expression_for_one_part"/>
        <Skill category="Ratios" occurrences="1" name="Write_expression_for_remaining"/>
        <Skill category="Ratios" occurrences="1" name="Write_expression_for_part"/>
        <Skill category="Ratios" occurrences="1" name="Solve_for_part"/>
        <Skill category="Ratios" occurrences="1" name="Solve_for_one_part"/>
        <Skill category="Ratios" occurrences="1" name="Enter_given_ratio"/>
        <Skill category="Ratios" occurrences="1" name="Solve_for_remaining"/>
        <Skill category="Ratios" occurrences="1" name="Enter_given_total"/>
      </Skills>
    </Problem>
  </Problems>
  <Categories>
    <Collection category="" description="Released Problem Sets" parent_category="" label="Released Problem Sets" parent_name="" name="general"/>
    <Standard category="standard" description="PA Assessment Anchors" parent_category="" label="PA Assessment Anchors" parent_name="" name="PA"/>
    <Standard category="standard" description="NCTM Curriculum Focal Points" parent_category="" label="NCTM Curriculum Focal Points" parent_name="" name="NCTM"/>
    <Standard category="standard" description="Common Core Standards" parent_category="" label="Common Core Standards" parent_name="" name="CommonCore"/>
    <Standard category="standard" description="Student Standards" parent_category="" label="Problem Set Categories" parent_name="" name="Student"/>
    <Grade category="" description="6th Grade" parent_category="" label="6th Grade" parent_name="" name="6"/>
    <Grade category="" description="7th Grade" parent_category="" label="7th Grade" parent_name="" name="7"/>
    <Standard category="reporting_category" description="A. Numbers and Operations" parent_category="standard" label="A. Numbers and Operations" parent_name="PA" name="PA.A"/>
    <Standard category="assessment_anchor" description="A.2. Understand the meanings of operations, use operations and understand how they relate to each other." parent_category="reporting_category" label="A.2. Operations: Meanings, Uses and Relationships" parent_name="PA.A" name="PA.A.2"/>
    <Standard category="strand" description="A. Numbers and Operations" parent_category="standard" label="A. Numbers and Operations" parent_name="NCTM" name="NCTM.A"/>
    <Standard category="grade_level" description="7th Grade" parent_category="standard" label="7th Grade" parent_name="CommonCore" name="CommonCore.7"/>
    <Standard category="strand" description="7.RP. Ratios and Proportional Relationships" parent_category="grade_level" label="7.RP. Ratios and Proportional Relationships" parent_name="CommonCore.7" name="CommonCore.7.RP"/>
    <Standard category="strand" description="Working with Fractions" parent_category="standard" label="Working with Fractions" parent_name="Student" name="Student.WF"/>
  </Categories>
  <Skills>
    <Skill category="Ratios" pKnown="0.25" description="Enter given part" pLearn="0.2" label="Enter given part" name="Enter_given_part" pGuess="0.2" pSlip="0.1"/>
    <Skill category="Ratios" pKnown="0.25" description="Enter given ratio" pLearn="0.2" label="Enter given ratio" name="Enter_given_ratio" pGuess="0.2" pSlip="0.1"/>
    <Skill category="Ratios" pKnown="0.25" description="Enter given total" pLearn="0.2" label="Enter given total" name="Enter_given_total" pGuess="0.2" pSlip="0.1"/>
    <Skill category="Ratios" pKnown="0.25" description="Show work for given part" pLearn="0.2" label="Show work for given part" name="Write_expression_for_part" pGuess="0.2" pSlip="0.1"/>
    <Skill category="Ratios" pKnown="0.25" description="Show work for part" pLearn="0.2" label="Show work for part" name="Write_expression_for_one_part" pGuess="0.2" pSlip="0.1"/>
    <Skill category="Ratios" pKnown="0.25" description="Show work for remaining part" pLearn="0.2" label="Show work for remaining part" name="Write_expression_for_remaining" pGuess="0.2" pSlip="0.1"/>
    <Skill category="Ratios" pKnown="0.25" description="Show work for total" pLearn="0.2" label="Show work for total" name="Write_expression_for_total" pGuess="0.2" pSlip="0.1"/>
    <Skill category="Ratios" pKnown="0.25" description="Solve for given part" pLearn="0.2" label="Solve for given part" name="Solve_for_part" pGuess="0.2" pSlip="0.1"/>
    <Skill category="Ratios" pKnown="0.25" description="Solve for part" pLearn="0.2" label="Solve for part" name="Solve_for_one_part" pGuess="0.2" pSlip="0.1"/>
    <Skill category="Ratios" pKnown="0.25" description="Solve for remaining part" pLearn="0.2" label="Solve for remaining part" name="Solve_for_remaining" pGuess="0.2" pSlip="0.1"/>
    <Skill category="Ratios" pKnown="0.25" description="Solve for total" pLearn="0.2" label="Solve for total" name="Solve_for_total" pGuess="0.2" pSlip="0.1"/>
  </Skills>
  <Assets>
  </Assets>
</ProblemSet>
