<?xml version="1.0" encoding="UTF-8"?>
<ProblemSet initial_sequence="0" selection_algorithm="sequential" max_count="1000" description="Student must identify addition or subtraction, align addends or minuends and subtrahends, and complete the addition or subtraction." max_repeat="1" label="6.07 Decimal Addition and Subtraction I" team_size="1" name="6.07" picture="screenshot_full.png">
  <Problems>
    <Problem selection_features="" problem_file="bank-account.brd" description="Jordan opened a new bank account. He made the following deposits into his account: $25 and $4.70." student_interface="6.7_interface_new.swf" label="Jordan opened a new bank account. He made the following deposits into his account: $25 and $4.70." name="bank-account" student_interface_class="" tutor_flag="tutor" team_role="0">
      <Skills>
        <Skill category="Decimal-Addition-and-Subtraction" occurrences="5" name="Enter_addends"/>
        <Skill category="Decimal-Addition-and-Subtraction" occurrences="4" name="Add_column_no_carry"/>
        <Skill category="Decimal-Addition-and-Subtraction" occurrences="2" name="Enter_decimal_point"/>
        <Skill category="Decimal-Addition-and-Subtraction" occurrences="1" name="Choose_operation"/>
      </Skills>
    </Problem>
    <Problem selection_features="" problem_file="entertainment.brd" description="In 1999, the average American spent $893.51 a year on entertainment. In 2000, the average American spent $955.29 a year on entertainment." student_interface="6.7_interface_new.swf" label="In 1999, the average American spent $893.51 a year on entertainment. In 2000, the average American spent $955.29 a year on entertainment." name="entertainment" student_interface_class="" tutor_flag="tutor" team_role="0">
      <Skills>
        <Skill category="Decimal-Addition-and-Subtraction" occurrences="3" name="Sub_column_with_borrow"/>
        <Skill category="Decimal-Addition-and-Subtraction" occurrences="10" name="Enter_addends"/>
        <Skill category="Decimal-Addition-and-Subtraction" occurrences="3" name="Enter_decimal_point"/>
        <Skill category="Decimal-Addition-and-Subtraction" occurrences="2" name="Sub_column_with_no_borrow"/>
        <Skill category="Decimal-Addition-and-Subtraction" occurrences="1" name="Choose_operation"/>
      </Skills>
    </Problem>
    <Problem selection_features="" problem_file="fleece.brd" description="James saved up $50.09 to buy a fleece. He finally found one he liked for $46.27." student_interface="6.7_interface_new.swf" label="James saved up $50.09 to buy a fleece. He finally found one he liked for $46.27." name="fleece" student_interface_class="" tutor_flag="tutor" team_role="0">
      <Skills>
        <Skill category="Decimal-Addition-and-Subtraction" occurrences="4" name="Sub_column_with_borrow"/>
        <Skill category="Decimal-Addition-and-Subtraction" occurrences="8" name="Enter_addends"/>
        <Skill category="Decimal-Addition-and-Subtraction" occurrences="3" name="Enter_decimal_point"/>
        <Skill category="Decimal-Addition-and-Subtraction" occurrences="1" name="Choose_operation"/>
        <Skill category="Decimal-Addition-and-Subtraction" occurrences="3" name="Sub_column_with_no_borrow"/>
      </Skills>
    </Problem>
    <Problem selection_features="" problem_file="gardening.brd" description="Kelly, the local gardener, wants to buy a small shovel and weed remover from Discount Gardening Supplies. When the cashier ran up her items, the prices showed up as $46.83 and $9.52." student_interface="6.7_interface_new.swf" label="Kelly, the local gardener, wants to buy a small shovel and weed remover from Discount Gardening Supplies. When the cashier ran up her items, the prices showed up as $46.83 and $9.52." name="gardening" student_interface_class="" tutor_flag="tutor" team_role="0">
      <Skills>
        <Skill category="Decimal-Addition-and-Subtraction" occurrences="2" name="Add_column_with_carry_prev"/>
        <Skill category="Decimal-Addition-and-Subtraction" occurrences="7" name="Enter_addends"/>
        <Skill category="Decimal-Addition-and-Subtraction" occurrences="1" name="Add_column_no_carry"/>
        <Skill category="Decimal-Addition-and-Subtraction" occurrences="1" name="Add_column_with_carry"/>
        <Skill category="Decimal-Addition-and-Subtraction" occurrences="2" name="Enter_decimal_point"/>
        <Skill category="Decimal-Addition-and-Subtraction" occurrences="1" name="Choose_operation"/>
      </Skills>
    </Problem>
    <Problem selection_features="" problem_file="post-office.brd" description="Lindsey works at the post office. A customer has two packages to mail. One package costs $28.14 to ship and the other package costs $57.73 to ship." student_interface="6.7_interface_new.swf" label="Lindsey works at the post office. A customer has two packages to mail. One package costs $28.14 to ship and the other package costs $57.73 to ship." name="post-office" student_interface_class="" tutor_flag="tutor" team_role="0">
      <Skills>
        <Skill category="Decimal-Addition-and-Subtraction" occurrences="2" name="Add_column_with_carry_prev"/>
        <Skill category="Decimal-Addition-and-Subtraction" occurrences="8" name="Enter_addends"/>
        <Skill category="Decimal-Addition-and-Subtraction" occurrences="2" name="Add_column_no_carry"/>
        <Skill category="Decimal-Addition-and-Subtraction" occurrences="1" name="Add_column_with_carry"/>
        <Skill category="Decimal-Addition-and-Subtraction" occurrences="3" name="Enter_decimal_point"/>
        <Skill category="Decimal-Addition-and-Subtraction" occurrences="1" name="Choose_operation"/>
      </Skills>
    </Problem>
    <Problem selection_features="" problem_file="softball.brd" description="Roberto's softball team had to buy soap and brushes for their annual car wash. They spend $14.67 on brushes and clothes and $2.99 on soap." student_interface="6.7_interface_new.swf" label="Roberto's softball team had to buy soap and brushes for their annual car wash. They spend $14.67 on brushes and clothes and $2.99 on soap." name="softball" student_interface_class="" tutor_flag="tutor" team_role="0">
      <Skills>
        <Skill category="Decimal-Addition-and-Subtraction" occurrences="3" name="Add_column_with_carry_prev"/>
        <Skill category="Decimal-Addition-and-Subtraction" occurrences="7" name="Enter_addends"/>
        <Skill category="Decimal-Addition-and-Subtraction" occurrences="1" name="Add_column_no_carry"/>
        <Skill category="Decimal-Addition-and-Subtraction" occurrences="1" name="Add_column_with_carry"/>
        <Skill category="Decimal-Addition-and-Subtraction" occurrences="3" name="Enter_decimal_point"/>
        <Skill category="Decimal-Addition-and-Subtraction" occurrences="1" name="Choose_operation"/>
      </Skills>
    </Problem>
    <Problem selection_features="" problem_file="vacation.brd" description="Amy and Shawna went on a vacation together and agreed to pay for certain expenses. Amy paid $180.26 for food and lodging. Shawna paid $79.43 for gas and entertainment." student_interface="6.7_interface_new.swf" label="Amy and Shawna went on a vacation together and agreed to pay for certain expenses. Amy paid $180.26 for food and lodging. Shawna paid $79.43 for gas and entertainment." name="vacation" student_interface_class="" tutor_flag="tutor" team_role="0">
      <Skills>
        <Skill category="Decimal-Addition-and-Subtraction" occurrences="6" name="Sub_column_with_borrow"/>
        <Skill category="Decimal-Addition-and-Subtraction" occurrences="9" name="Enter_addends"/>
        <Skill category="Decimal-Addition-and-Subtraction" occurrences="3" name="Enter_decimal_point"/>
        <Skill category="Decimal-Addition-and-Subtraction" occurrences="1" name="Choose_operation"/>
        <Skill category="Decimal-Addition-and-Subtraction" occurrences="2" name="Sub_column_with_no_borrow"/>
      </Skills>
    </Problem>
  </Problems>
  <Categories>
    <Collection category="" description="Released Problem Sets" parent_category="" label="Released Problem Sets" parent_name="" name="general"/>
    <Standard category="standard" description="PA Assessment Anchors" parent_category="" label="PA Assessment Anchors" parent_name="" name="PA"/>
    <Standard category="standard" description="NCTM Curriculum Focal Points" parent_category="" label="NCTM Curriculum Focal Points" parent_name="" name="NCTM"/>
    <Standard category="standard" description="Common Core Standards" parent_category="" label="Common Core Standards" parent_name="" name="CommonCore"/>
    <Standard category="standard" description="Student Standards" parent_category="" label="Problem Set Categories" parent_name="" name="Student"/>
    <Grade category="" description="5th Grade" parent_category="" label="5th Grade" parent_name="" name="5"/>
    <Grade category="" description="6th Grade" parent_category="" label="6th Grade" parent_name="" name="6"/>
    <Standard category="reporting_category" description="A. Numbers and Operations" parent_category="standard" label="A. Numbers and Operations" parent_name="PA" name="PA.A"/>
    <Standard category="assessment_anchor" description="A.3. Compute accurately and fluently and make reasonable estimates." parent_category="reporting_category" label="A.3. Computation and Estimation" parent_name="PA.A" name="PA.A.3"/>
    <Standard category="strand" description="A. Numbers and Operations" parent_category="standard" label="A. Numbers and Operations" parent_name="NCTM" name="NCTM.A"/>
    <Standard category="grade_level" description="5th grade" parent_category="standard" label="5th Grade" parent_name="CommonCore" name="CommonCore.5"/>
    <Standard category="strand" description="5.NBT. Numbers and Operations in Base Ten" parent_category="grade_level" label="5.NBT. Numbers and Operations in Base Ten" parent_name="CommonCore.5" name="CommonCore.5.NBT"/>
    <Standard category="grade_level" description="6th Grade" parent_category="standard" label="6th Grade" parent_name="CommonCore" name="CommonCore.6"/>
    <Standard category="strand" description="6.NS. The Number System" parent_category="grade_level" label="6.NS. The Number System" parent_name="CommonCore.6" name="CommonCore.6.NS"/>
    <Standard category="strand" description="Working with Decimals" parent_category="standard" label="Working with Decimals" parent_name="Student" name="Student.WD"/>
  </Categories>
  <Skills>
    <Skill category="Decimal-Addition-and-Subtraction" pKnown="0.25" description="Add column no carry" pLearn="0.2" label="Add column no carry" name="Add_column_no_carry" pGuess="0.2" pSlip="0.1"/>
    <Skill category="Decimal-Addition-and-Subtraction" pKnown="0.25" description="Add column with carry" pLearn="0.2" label="Add column with carry" name="Add_column_with_carry" pGuess="0.2" pSlip="0.1"/>
    <Skill category="Decimal-Addition-and-Subtraction" pKnown="0.25" description="Add column with carry prev" pLearn="0.2" label="Add column with carry prev" name="Add_column_with_carry_prev" pGuess="0.2" pSlip="0.1"/>
    <Skill category="Decimal-Addition-and-Subtraction" pKnown="0.25" description="Choose operation" pLearn="0.2" label="Choose operation" name="Choose_operation" pGuess="0.2" pSlip="0.1"/>
    <Skill category="Decimal-Addition-and-Subtraction" pKnown="0.25" description="Enter addends" pLearn="0.2" label="Enter addends" name="Enter_addends" pGuess="0.2" pSlip="0.1"/>
    <Skill category="Decimal-Addition-and-Subtraction" pKnown="0.25" description="Enter decimal point" pLearn="0.2" label="Enter decimal point" name="Enter_decimal_point" pGuess="0.2" pSlip="0.1"/>
    <Skill category="Decimal-Addition-and-Subtraction" pKnown="0.25" description="Sub column with borrow" pLearn="0.2" label="Sub column with borrow" name="Sub_column_with_borrow" pGuess="0.2" pSlip="0.1"/>
    <Skill category="Decimal-Addition-and-Subtraction" pKnown="0.25" description="Sub column with no borrow" pLearn="0.2" label="Sub column with no borrow" name="Sub_column_with_no_borrow" pGuess="0.2" pSlip="0.1"/>
  </Skills>
  <Assets>
  </Assets>
</ProblemSet>
