<?xml version="1.0" encoding="UTF-8"?>
<ProblemSet initial_sequence="0" selection_algorithm="sequential" max_count="1000" description="Student will use number lines to compare equivalent fractions." max_repeat="1" label="6.18 Equivalent Fractions" team_size="1" name="6.18" picture="">
  <Problems>
    <Problem selection_features="" problem_file="01_1.brd" description="1/4 is marked on line 1." student_interface="6_18.swf" label="1/4 is marked on line 1." name="01_1" student_interface_class="" tutor_flag="tutor" team_role="0">
      <Skills>
        <Skill category="6-18_Equivalent_Fractions" occurrences="1" name="IdenEquivFrac"/>
        <Skill category="6-17_Fraction_Identification" occurrences="1" name="DivNumLine"/>
        <Skill category="6-17_Fraction_Identification" occurrences="1" name="FracLess1"/>
        <Skill category="6-18_Equivalent_Fractions" occurrences="1" name="DivNumLine"/>
        <Skill category="6-17_Fraction_Identification" occurrences="1" name="FindValueNumLine"/>
      </Skills>
    </Problem>
    <Problem selection_features="" problem_file="02_2.brd" description="Are 1/3 and 4/12 equivalent fractions?" student_interface="6_18.swf" label="Are 1/3 and 4/12 equivalent fractions?" name="02_2" student_interface_class="" tutor_flag="tutor" team_role="0">
      <Skills>
        <Skill category="6-18_Equivalent_Fractions" occurrences="1" name="IdenEquivFrac"/>
        <Skill category="6-17_Fraction_Identification" occurrences="1" name="DivNumLine"/>
        <Skill category="6-17_Fraction_Identification" occurrences="1" name="FracLess1"/>
        <Skill category="6-17_Fraction_Identification" occurrences="1" name="FindValueNumLine"/>
      </Skills>
    </Problem>
    <Problem selection_features="" problem_file="03_1.brd" description="1/2 is marked on line 1." student_interface="6_18.swf" label="1/2 is marked on line 1." name="03_1" student_interface_class="" tutor_flag="tutor" team_role="0">
      <Skills>
        <Skill category="6-18_Equivalent_Fractions" occurrences="1" name="IdenEquivFrac"/>
        <Skill category="6-17_Fraction_Identification" occurrences="1" name="DivNumLine"/>
        <Skill category="6-17_Fraction_Identification" occurrences="1" name="FracLess1"/>
        <Skill category="6-18_Equivalent_Fractions" occurrences="1" name="IdenNoneEquivFrac"/>
        <Skill category="6-17_Fraction_Identification" occurrences="1" name="FindValueNumLine"/>
      </Skills>
    </Problem>
    <Problem selection_features="" problem_file="04_2.brd" description="Are 4/6 and 1/3 equivalent fractions?" student_interface="6_18.swf" label="Are 4/6 and 1/3 equivalent fractions?" name="04_2" student_interface_class="" tutor_flag="tutor" team_role="0">
      <Skills>
        <Skill category="6-18_Equivalent_Fractions" occurrences="1" name="IdenEquivFrac"/>
        <Skill category="6-17_Fraction_Identification" occurrences="1" name="DivNumLine"/>
        <Skill category="6-17_Fraction_Identification" occurrences="1" name="FracLess1"/>
        <Skill category="6-18_Equivalent_Fractions" occurrences="1" name="DivNumLine"/>
        <Skill category="6-17_Fraction_Identification" occurrences="1" name="FindValueNumLine"/>
      </Skills>
    </Problem>
    <Problem selection_features="" problem_file="05_1.brd" description="8/8 is marked on line 1." student_interface="6_18.swf" label="8/8 is marked on line 1." name="05_1" student_interface_class="" tutor_flag="tutor" team_role="0">
      <Skills>
        <Skill category="6-18_Equivalent_Fractions" occurrences="1" name="IdenEquivFrac"/>
        <Skill category="6-17_Fraction_Identification" occurrences="1" name="DivNumLine"/>
        <Skill category="6-17_Fraction_Identification" occurrences="1" name="FracLess1"/>
        <Skill category="6-18_Equivalent_Fractions" occurrences="1" name="DivNumLine"/>
        <Skill category="6-17_Fraction_Identification" occurrences="1" name="FindValueNumLine"/>
      </Skills>
    </Problem>
    <Problem selection_features="" problem_file="06_1.brd" description="5/10 is marked on line 1." student_interface="6_18.swf" label="5/10 is marked on line 1." name="06_1" student_interface_class="" tutor_flag="tutor" team_role="0">
      <Skills>
        <Skill category="6-18_Equivalent_Fractions" occurrences="1" name="IdenEquivFrac"/>
        <Skill category="6-17_Fraction_Identification" occurrences="1" name="DivNumLine"/>
        <Skill category="6-17_Fraction_Identification" occurrences="1" name="FracLess1"/>
        <Skill category="6-18_Equivalent_Fractions" occurrences="1" name="DivNumLine"/>
        <Skill category="6-17_Fraction_Identification" occurrences="1" name="FindValueNumLine"/>
      </Skills>
    </Problem>
    <Problem selection_features="" problem_file="07_2.brd" description="Are 5/6 and 6/7 equivalent?" student_interface="6_18.swf" label="Are 5/6 and 6/7 equivalent?" name="07_2" student_interface_class="" tutor_flag="tutor" team_role="0">
      <Skills>
        <Skill category="6-18_Equivalent_Fractions" occurrences="1" name="IdenEquivFrac"/>
        <Skill category="6-17_Fraction_Identification" occurrences="1" name="DivNumLine"/>
        <Skill category="6-17_Fraction_Identification" occurrences="1" name="FracLess1"/>
        <Skill category="6-18_Equivalent_Fractions" occurrences="1" name="IdenNoneEquivFrac"/>
        <Skill category="6-17_Fraction_Identification" occurrences="1" name="FindValueNumLine"/>
      </Skills>
    </Problem>
    <Problem selection_features="" problem_file="08_2.brd" description="Are 6/10 and 4/5 equivalent?" student_interface="6_18.swf" label="Are 6/10 and 4/5 equivalent?" name="08_2" student_interface_class="" tutor_flag="tutor" team_role="0">
      <Skills>
        <Skill category="6-18_Equivalent_Fractions" occurrences="1" name="IdenEquivFrac"/>
        <Skill category="6-17_Fraction_Identification" occurrences="1" name="DivNumLine"/>
        <Skill category="6-17_Fraction_Identification" occurrences="1" name="FracLess1"/>
        <Skill category="6-18_Equivalent_Fractions" occurrences="1" name="IdenNoneEquivFrac"/>
        <Skill category="6-17_Fraction_Identification" occurrences="1" name="FindValueNumLine"/>
      </Skills>
    </Problem>
    <Problem selection_features="" problem_file="09_1.brd" description="6/18 is marked on line 1." student_interface="6_18.swf" label="6/18 is marked on line 1." name="09_1" student_interface_class="" tutor_flag="tutor" team_role="0">
      <Skills>
        <Skill category="6-18_Equivalent_Fractions" occurrences="1" name="IdenEquivFrac"/>
        <Skill category="6-17_Fraction_Identification" occurrences="1" name="DivNumLine"/>
        <Skill category="6-17_Fraction_Identification" occurrences="1" name="FracLess1"/>
        <Skill category="6-18_Equivalent_Fractions" occurrences="1" name="DivNumLine"/>
        <Skill category="6-17_Fraction_Identification" occurrences="1" name="FindValueNumLine"/>
      </Skills>
    </Problem>
    <Problem selection_features="" problem_file="10_2.brd" description="Are 3/9 and 2/6 equivalent?" student_interface="6_18.swf" label="Are 3/9 and 2/6 equivalent?" name="10_2" student_interface_class="" tutor_flag="tutor" team_role="0">
      <Skills>
        <Skill category="6-18_Equivalent_Fractions" occurrences="1" name="IdenEquivFrac"/>
        <Skill category="6-17_Fraction_Identification" occurrences="1" name="DivNumLine"/>
        <Skill category="6-17_Fraction_Identification" occurrences="1" name="FracLess1"/>
        <Skill category="6-17_Fraction_Identification" occurrences="1" name="FindValueNumLine"/>
      </Skills>
    </Problem>
    <Problem selection_features="" problem_file="11_1.brd" description="20/10 is marked on line 1." student_interface="6_18.swf" label="20/10 is marked on line 1." name="11_1" student_interface_class="" tutor_flag="tutor" team_role="0">
      <Skills>
        <Skill category="6-18_Equivalent_Fractions" occurrences="1" name="IdenEquivFrac"/>
        <Skill category="6-17_Fraction_Identification" occurrences="1" name="DivNumLine"/>
        <Skill category="6-17_Fraction_Identification" occurrences="1" name="FracGreater1"/>
        <Skill category="6-18_Equivalent_Fractions" occurrences="1" name="DivNumLine"/>
        <Skill category="6-17_Fraction_Identification" occurrences="1" name="FindValueNumLine"/>
      </Skills>
    </Problem>
    <Problem selection_features="" problem_file="12_1.brd" description="3/2 is marked on line 1." student_interface="6_18.swf" label="3/2 is marked on line 1." name="12_1" student_interface_class="" tutor_flag="tutor" team_role="0">
      <Skills>
        <Skill category="6-18_Equivalent_Fractions" occurrences="1" name="IdenEquivFrac"/>
        <Skill category="6-17_Fraction_Identification" occurrences="1" name="DivNumLine"/>
        <Skill category="6-17_Fraction_Identification" occurrences="1" name="FracGreater1"/>
        <Skill category="6-18_Equivalent_Fractions" occurrences="1" name="DivNumLine"/>
        <Skill category="6-17_Fraction_Identification" occurrences="1" name="FindValueNumLine"/>
      </Skills>
    </Problem>
    <Problem selection_features="" problem_file="13_2.brd" description="Are 3/4 and 12/16 equivalent?" student_interface="6_18.swf" label="Are 3/4 and 12/16 equivalent?" name="13_2" student_interface_class="" tutor_flag="tutor" team_role="0">
      <Skills>
        <Skill category="6-18_Equivalent_Fractions" occurrences="1" name="IdenEquivFrac"/>
        <Skill category="6-17_Fraction_Identification" occurrences="1" name="DivNumLine"/>
        <Skill category="6-17_Fraction_Identification" occurrences="1" name="FracGreater1"/>
        <Skill category="6-17_Fraction_Identification" occurrences="1" name="FindValueNumLine"/>
      </Skills>
    </Problem>
    <Problem selection_features="" problem_file="14_2.brd" description="Are 14/8 and 7/4 equivalent?" student_interface="6_18.swf" label="Are 14/8 and 7/4 equivalent?" name="14_2" student_interface_class="" tutor_flag="tutor" team_role="0">
      <Skills>
        <Skill category="6-18_Equivalent_Fractions" occurrences="1" name="IdenEquivFrac"/>
        <Skill category="6-17_Fraction_Identification" occurrences="1" name="DivNumLine"/>
        <Skill category="6-17_Fraction_Identification" occurrences="1" name="FracGreater1"/>
        <Skill category="6-18_Equivalent_Fractions" occurrences="1" name="IdenNoneEquivFrac"/>
        <Skill category="6-17_Fraction_Identification" occurrences="1" name="FindValueNumLine"/>
      </Skills>
    </Problem>
    <Problem selection_features="" problem_file="15_1.brd" description="8/6 is marked on line 1." student_interface="6_18.swf" label="8/6 is marked on line 1." name="15_1" student_interface_class="" tutor_flag="tutor" team_role="0">
      <Skills>
        <Skill category="6-18_Equivalent_Fractions" occurrences="1" name="IdenEquivFrac"/>
        <Skill category="6-17_Fraction_Identification" occurrences="1" name="DivNumLine"/>
        <Skill category="6-17_Fraction_Identification" occurrences="1" name="FracGreater1"/>
        <Skill category="6-18_Equivalent_Fractions" occurrences="1" name="DivNumLine"/>
        <Skill category="6-17_Fraction_Identification" occurrences="1" name="FindValueNumLine"/>
      </Skills>
    </Problem>
    <Problem selection_features="" problem_file="16_1.brd" description="8/6 is marked on line 1 again." student_interface="6_18.swf" label="8/6 is marked on line 1 again." name="16_1" student_interface_class="" tutor_flag="tutor" team_role="0">
      <Skills>
        <Skill category="6-18_Equivalent_Fractions" occurrences="1" name="IdenEquivFrac"/>
        <Skill category="6-17_Fraction_Identification" occurrences="1" name="DivNumLine"/>
        <Skill category="6-17_Fraction_Identification" occurrences="1" name="FracGreater1"/>
        <Skill category="6-18_Equivalent_Fractions" occurrences="1" name="DivNumLine"/>
        <Skill category="6-17_Fraction_Identification" occurrences="1" name="FindValueNumLine"/>
      </Skills>
    </Problem>
    <Problem selection_features="" problem_file="17_2.brd" description="Are 12/8 and 3/2 equivalent?" student_interface="6_18.swf" label="Are 12/8 and 3/2 equivalent?" name="17_2" student_interface_class="" tutor_flag="tutor" team_role="0">
      <Skills>
        <Skill category="6-18_Equivalent_Fractions" occurrences="1" name="IdenEquivFrac"/>
        <Skill category="6-17_Fraction_Identification" occurrences="1" name="DivNumLine"/>
        <Skill category="6-17_Fraction_Identification" occurrences="1" name="FracGreater1"/>
        <Skill category="6-17_Fraction_Identification" occurrences="1" name="FindValueNumLine"/>
      </Skills>
    </Problem>
    <Problem selection_features="" problem_file="18_2.brd" description="Are 7/4 and 21/12 equivalent?" student_interface="6_18.swf" label="Are 7/4 and 21/12 equivalent?" name="18_2" student_interface_class="" tutor_flag="tutor" team_role="0">
      <Skills>
        <Skill category="6-18_Equivalent_Fractions" occurrences="1" name="IdenEquivFrac"/>
        <Skill category="6-17_Fraction_Identification" occurrences="1" name="DivNumLine"/>
        <Skill category="6-17_Fraction_Identification" occurrences="1" name="FracGreater1"/>
        <Skill category="6-17_Fraction_Identification" occurrences="1" name="FindValueNumLine"/>
      </Skills>
    </Problem>
    <Problem selection_features="" problem_file="19_1.brd" description="9/6 is marked on line 1." student_interface="6_18.swf" label="9/6 is marked on line 1." name="19_1" student_interface_class="" tutor_flag="tutor" team_role="0">
      <Skills>
        <Skill category="6-18_Equivalent_Fractions" occurrences="1" name="IdenEquivFrac"/>
        <Skill category="6-17_Fraction_Identification" occurrences="1" name="DivNumLine"/>
        <Skill category="6-17_Fraction_Identification" occurrences="1" name="FracGreater1"/>
        <Skill category="6-18_Equivalent_Fractions" occurrences="1" name="DivNumLine"/>
        <Skill category="6-17_Fraction_Identification" occurrences="1" name="FindValueNumLine"/>
      </Skills>
    </Problem>
    <Problem selection_features="" problem_file="20_2.brd" description="Are 12/9 and 10/6 equivalent?" student_interface="6_18.swf" label="Are 12/9 and 10/6 equivalent?" name="20_2" student_interface_class="" tutor_flag="tutor" team_role="0">
      <Skills>
        <Skill category="6-18_Equivalent_Fractions" occurrences="1" name="IdenEquivFrac"/>
        <Skill category="6-17_Fraction_Identification" occurrences="1" name="DivNumLine"/>
        <Skill category="6-17_Fraction_Identification" occurrences="1" name="FracGreater1"/>
        <Skill category="6-18_Equivalent_Fractions" occurrences="1" name="IdenNoneEquivFrac"/>
        <Skill category="6-17_Fraction_Identification" occurrences="1" name="FindValueNumLine"/>
      </Skills>
    </Problem>
  </Problems>
  <Categories>
    <Collection category="" description="Released Problem Sets" parent_category="" label="Released Problem Sets" parent_name="" name="general"/>
    <Standard category="standard" description="PA Assessment Anchors" parent_category="" label="PA Assessment Anchors" parent_name="" name="PA"/>
    <Standard category="standard" description="NCTM Curriculum Focal Points" parent_category="" label="NCTM Curriculum Focal Points" parent_name="" name="NCTM"/>
    <Standard category="standard" description="Common Core Standards" parent_category="" label="Common Core Standards" parent_name="" name="CommonCore"/>
    <Standard category="standard" description="Student Standards" parent_category="" label="Problem Set Categories" parent_name="" name="Student"/>
    <Grade category="" description="6th Grade" parent_category="" label="6th Grade" parent_name="" name="6"/>
    <Grade category="" description="7th Grade" parent_category="" label="7th Grade" parent_name="" name="7"/>
    <Standard category="reporting_category" description="A. Numbers and Operations" parent_category="standard" label="A. Numbers and Operations" parent_name="PA" name="PA.A"/>
    <Standard category="assessment_anchor" description="A.1. Demonstrate an understanding of numbers, ways of representing numbers, relationships among numbers, and number systems." parent_category="reporting_category" label="A.1. Numbers: Representations, Relationships and Systems" parent_name="PA.A" name="PA.A.1"/>
    <Standard category="strand" description="A. Numbers and Operations" parent_category="standard" label="A. Numbers and Operations" parent_name="NCTM" name="NCTM.A"/>
    <Standard category="grade_level" description="6th Grade" parent_category="standard" label="6th Grade" parent_name="CommonCore" name="CommonCore.6"/>
    <Standard category="strand" description="6.NS. The Number System" parent_category="grade_level" label="6.NS. The Number System" parent_name="CommonCore.6" name="CommonCore.6.NS"/>
    <Standard category="strand" description="Working with Fractions" parent_category="standard" label="Working with Fractions" parent_name="Student" name="Student.WF"/>
  </Categories>
  <Skills>
    <Skill category="6-17_Fraction_Identification" pKnown="0.25" description="Divide the number line" pLearn="0.2" label="Divide the number line" name="DivNumLine" pGuess="0.2" pSlip="0.1"/>
    <Skill category="6-18_Equivalent_Fractions" pKnown="0.25" description="Divide the number line" pLearn="0.2" label="Divide the number line" name="DivNumLine" pGuess="0.2" pSlip="0.1"/>
    <Skill category="6-17_Fraction_Identification" pKnown="0.25" description="Find a value on the number line" pLearn="0.2" label="Find a value on the number line" name="FindValueNumLine" pGuess="0.2" pSlip="0.1"/>
    <Skill category="6-18_Equivalent_Fractions" pKnown="0.25" description="Identify a none-equivalent fraction" pLearn="0.2" label="Identify a none-equivalent fraction" name="IdenNoneEquivFrac" pGuess="0.2" pSlip="0.1"/>
    <Skill category="6-18_Equivalent_Fractions" pKnown="0.25" description="Identify an equivalent fraction" pLearn="0.2" label="Identify an equivalent fraction" name="IdenEquivFrac" pGuess="0.2" pSlip="0.1"/>
    <Skill category="6-17_Fraction_Identification" pKnown="0.25" description="Work with fraction greater than 1" pLearn="0.2" label="Work with fraction greater than 1" name="FracGreater1" pGuess="0.2" pSlip="0.1"/>
    <Skill category="6-17_Fraction_Identification" pKnown="0.25" description="Work with fraction less than 1" pLearn="0.2" label="Work with fraction less than 1" name="FracLess1" pGuess="0.2" pSlip="0.1"/>
  </Skills>
  <Assets>
  </Assets>
</ProblemSet>
