<?xml version="1.0" encoding="UTF-8"?>
<ProblemSet initial_sequence="0" selection_algorithm="sequential" max_count="1000" description="Student must identify and define terms of an equation." max_repeat="1" label="8.05 Expressions, Variables, and Distributive Law" team_size="1" name="8.05" picture="">
  <Problems>
    <Problem selection_features="" problem_file="01shirt.brd" description="You are interested in buying some shirts from a mail order company." student_interface="8-05.swf" label="You are interested in buying some shirts from a mail order company." name="01 Buy Shirts" student_interface_class="" tutor_flag="tutor" team_role="0">
      <Skills>
        <Skill category="8-05-variables-expressions-distributive-law" occurrences="1" name="Identify-coefficient"/>
        <Skill category="8-05-variables-expressions-distributive-law" occurrences="1" name="Identify-product-of-coefficient-and-variable-expression"/>
        <Skill category="8-05-variables-expressions-distributive-law" occurrences="1" name="Identify-sum-of-two-terms"/>
        <Skill category="8-05-variables-expressions-distributive-law" occurrences="1" name="Identify-variable-expression"/>
        <Skill category="8-05-variables-expressions-distributive-law" occurrences="1" name="Identify-variable"/>
        <Skill category="8-05-variables-expressions-distributive-law" occurrences="1" name="Identify-constant-term"/>
      </Skills>
    </Problem>
    <Problem selection_features="" problem_file="02cd.brd" description="The National Music Club charges new members." student_interface="8-05.swf" label="The National Music Club charges new members." name="02 National Music Club" student_interface_class="" tutor_flag="tutor" team_role="0">
      <Skills>
        <Skill category="8-05-variables-expressions-distributive-law" occurrences="1" name="Identify-coefficient"/>
        <Skill category="8-05-variables-expressions-distributive-law" occurrences="1" name="Identify-product-of-coefficient-and-variable-expression"/>
        <Skill category="8-05-variables-expressions-distributive-law" occurrences="1" name="Identify-sum-of-two-terms"/>
        <Skill category="8-05-variables-expressions-distributive-law" occurrences="1" name="Identify-variable-expression"/>
        <Skill category="8-05-variables-expressions-distributive-law" occurrences="1" name="Identify-variable"/>
        <Skill category="8-05-variables-expressions-distributive-law" occurrences="1" name="Identify-constant-term"/>
      </Skills>
    </Problem>
    <Problem selection_features="" problem_file="03apartment.brd" description="Pauline is designing an apartment building. " student_interface="8-05.swf" label="Pauline is designing an apartment building. " name="03 Designing Apartment" student_interface_class="" tutor_flag="tutor" team_role="0">
      <Skills>
        <Skill category="8-05-variables-expressions-distributive-law" occurrences="1" name="Identify-coefficient"/>
        <Skill category="8-05-variables-expressions-distributive-law" occurrences="1" name="Identify-product-of-coefficient-and-variable-expression"/>
        <Skill category="8-05-variables-expressions-distributive-law" occurrences="1" name="Identify-sum-of-two-terms"/>
        <Skill category="8-05-variables-expressions-distributive-law" occurrences="1" name="Identify-variable-expression"/>
        <Skill category="8-05-variables-expressions-distributive-law" occurrences="1" name="Identify-variable"/>
        <Skill category="8-05-variables-expressions-distributive-law" occurrences="1" name="Identify-constant-term"/>
      </Skills>
    </Problem>
    <Problem selection_features="" problem_file="04internet.brd" description="Antoine has signed up with the GetConnected internet company." student_interface="8-05.swf" label="Antoine has signed up with the GetConnected internet company." name="04 Internet Company" student_interface_class="" tutor_flag="tutor" team_role="0">
      <Skills>
        <Skill category="8-05-variables-expressions-distributive-law" occurrences="1" name="Define-coefficient"/>
        <Skill category="8-05-variables-expressions-distributive-law" occurrences="1" name="Define-product-of-coefficient-and-variable-expression"/>
        <Skill category="8-05-variables-expressions-distributive-law" occurrences="1" name="Define-sum-of-two-terms"/>
        <Skill category="8-05-variables-expressions-distributive-law" occurrences="1" name="Define-variable-expression"/>
        <Skill category="8-05-variables-expressions-distributive-law" occurrences="1" name="Define-variable"/>
        <Skill category="8-05-variables-expressions-distributive-law" occurrences="1" name="Define-constant-term"/>
      </Skills>
    </Problem>
    <Problem selection_features="" problem_file="05resort.brd" description="The Pine Mountain resort is expanding." student_interface="8-05.swf" label="The Pine Mountain resort is expanding." name="05 Resort" student_interface_class="" tutor_flag="tutor" team_role="0">
      <Skills>
        <Skill category="8-05-variables-expressions-distributive-law" occurrences="1" name="Define-coefficient"/>
        <Skill category="8-05-variables-expressions-distributive-law" occurrences="1" name="Define-product-of-coefficient-and-variable-expression"/>
        <Skill category="8-05-variables-expressions-distributive-law" occurrences="1" name="Define-sum-of-two-terms"/>
        <Skill category="8-05-variables-expressions-distributive-law" occurrences="1" name="Define-variable-expression"/>
        <Skill category="8-05-variables-expressions-distributive-law" occurrences="1" name="Define-variable"/>
        <Skill category="8-05-variables-expressions-distributive-law" occurrences="1" name="Define-constant-term"/>
      </Skills>
    </Problem>
    <Problem selection_features="" problem_file="06carpet.brd" description="Hilda and Vern are carpeting their living room and the stairs leading up from the living room." student_interface="8-05.swf" label="Hilda and Vern are carpeting their living room and the stairs leading up from the living room." name="06 Carpeting" student_interface_class="" tutor_flag="tutor" team_role="0">
      <Skills>
        <Skill category="8-05-variables-expressions-distributive-law" occurrences="1" name="Identify-coefficient"/>
        <Skill category="8-05-variables-expressions-distributive-law" occurrences="1" name="Identify-product-of-coefficient-and-variable-expression"/>
        <Skill category="8-05-variables-expressions-distributive-law" occurrences="1" name="Identify-sum-of-two-terms"/>
        <Skill category="8-05-variables-expressions-distributive-law" occurrences="1" name="Identify-variable-expression"/>
        <Skill category="8-05-variables-expressions-distributive-law" occurrences="1" name="Identify-variable"/>
        <Skill category="8-05-variables-expressions-distributive-law" occurrences="1" name="Identify-constant-term"/>
      </Skills>
    </Problem>
    <Problem selection_features="" problem_file="07tennis.brd" description="On the Professional Women's Tennis Circuit, a player's rank is determined by a point system. " student_interface="8-05.swf" label="On the Professional Women's Tennis Circuit, a player's rank is determined by a point system. " name="07 Tennis Tournament" student_interface_class="" tutor_flag="tutor" team_role="0">
      <Skills>
        <Skill category="8-05-variables-expressions-distributive-law" occurrences="1" name="Define-coefficient"/>
        <Skill category="8-05-variables-expressions-distributive-law" occurrences="1" name="Define-product-of-coefficient-and-variable-expression"/>
        <Skill category="8-05-variables-expressions-distributive-law" occurrences="1" name="Define-sum-of-two-terms"/>
        <Skill category="8-05-variables-expressions-distributive-law" occurrences="1" name="Define-variable-expression"/>
        <Skill category="8-05-variables-expressions-distributive-law" occurrences="1" name="Define-variable"/>
        <Skill category="8-05-variables-expressions-distributive-law" occurrences="1" name="Define-constant-term"/>
      </Skills>
    </Problem>
    <Problem selection_features="" problem_file="08surfboard.brd" description="Chet took out a $25,000 loan to open a surfboard shop." student_interface="8-05.swf" label="Chet took out a $25,000 loan to open a surfboard shop." name="08 Surfboard Shop" student_interface_class="" tutor_flag="tutor" team_role="0">
      <Skills>
        <Skill category="8-05-variables-expressions-distributive-law" occurrences="1" name="Identify-coefficient"/>
        <Skill category="8-05-variables-expressions-distributive-law" occurrences="1" name="Identify-product-of-coefficient-and-variable-expression"/>
        <Skill category="8-05-variables-expressions-distributive-law" occurrences="1" name="Identify-sum-of-two-terms"/>
        <Skill category="8-05-variables-expressions-distributive-law" occurrences="1" name="Identify-variable-expression"/>
        <Skill category="8-05-variables-expressions-distributive-law" occurrences="1" name="Identify-variable"/>
        <Skill category="8-05-variables-expressions-distributive-law" occurrences="1" name="Identify-constant-term"/>
      </Skills>
    </Problem>
    <Problem selection_features="" problem_file="09pizza.brd" description="Julie is catering a big party and each guest will be served one mini-pizza for dinner." student_interface="8-05.swf" label="Julie is catering a big party and each guest will be served one mini-pizza for dinner." name="09 Pizza Party" student_interface_class="" tutor_flag="tutor" team_role="0">
      <Skills>
        <Skill category="8-05-variables-expressions-distributive-law" occurrences="1" name="Define-coefficient"/>
        <Skill category="8-05-variables-expressions-distributive-law" occurrences="1" name="Define-product-of-coefficient-and-variable-expression"/>
        <Skill category="8-05-variables-expressions-distributive-law" occurrences="1" name="Define-sum-of-two-terms"/>
        <Skill category="8-05-variables-expressions-distributive-law" occurrences="1" name="Define-variable-expression"/>
        <Skill category="8-05-variables-expressions-distributive-law" occurrences="1" name="Define-variable"/>
        <Skill category="8-05-variables-expressions-distributive-law" occurrences="1" name="Define-constant-term"/>
      </Skills>
    </Problem>
    <Problem selection_features="" problem_file="10butterfly.brd" description="Lizzy the butterfly scientists planted 5000 butterfly eggs in a park to help their survival." student_interface="8-05.swf" label="Lizzy the butterfly scientists planted 5000 butterfly eggs in a park to help their survival." name="10 Butterfly Eggs" student_interface_class="" tutor_flag="tutor" team_role="0">
      <Skills>
        <Skill category="8-05-variables-expressions-distributive-law" occurrences="1" name="Define-coefficient"/>
        <Skill category="8-05-variables-expressions-distributive-law" occurrences="1" name="Define-product-of-coefficient-and-variable-expression"/>
        <Skill category="8-05-variables-expressions-distributive-law" occurrences="1" name="Define-sum-of-two-terms"/>
        <Skill category="8-05-variables-expressions-distributive-law" occurrences="1" name="Define-variable-expression"/>
        <Skill category="8-05-variables-expressions-distributive-law" occurrences="1" name="Define-variable"/>
        <Skill category="8-05-variables-expressions-distributive-law" occurrences="1" name="Define-constant-term"/>
      </Skills>
    </Problem>
  </Problems>
  <Categories>
    <Collection category="" description="Released Problem Sets" parent_category="" label="Released Problem Sets" parent_name="" name="general"/>
    <Standard category="standard" description="PA Assessment Anchors" parent_category="" label="PA Assessment Anchors" parent_name="" name="PA"/>
    <Standard category="standard" description="NCTM Curriculum Focal Points" parent_category="" label="NCTM Curriculum Focal Points" parent_name="" name="NCTM"/>
    <Standard category="standard" description="Common Core Standards" parent_category="" label="Common Core Standards" parent_name="" name="CommonCore"/>
    <Standard category="standard" description="Student Standards" parent_category="" label="Problem Set Categories" parent_name="" name="Student"/>
    <Grade category="" description="7th Grade" parent_category="" label="7th Grade" parent_name="" name="7"/>
    <Grade category="" description="8th Grade" parent_category="" label="8th Grade" parent_name="" name="8"/>
    <Standard category="reporting_category" description="D. Algebraic Concepts" parent_category="standard" label="D. Algebraic Concepts" parent_name="PA" name="PA.D"/>
    <Standard category="assessment_anchor" description="D.2. Represent and/or analyze mathematical situations and structures using algebraic symbols, words, tables, and graphs." parent_category="reporting_category" label="D.2. Represent Situations and Structures" parent_name="PA.D" name="PA.D.2"/>
    <Standard category="strand" description="B. Algebra" parent_category="standard" label="B. Algebra" parent_name="NCTM" name="NCTM.B"/>
    <Standard category="grade_level" description="7th Grade" parent_category="standard" label="7th Grade" parent_name="CommonCore" name="CommonCore.7"/>
    <Standard category="strand" description="7.EE. Expressions and Equations" parent_category="grade_level" label="7.EE. Expressions and Equations" parent_name="CommonCore.7" name="CommonCore.7.EE"/>
    <Standard category="strand" description="Patterns and Expressions in Tables" parent_category="standard" label="Patterns and Expressions in Tables" parent_name="Student" name="Student.PET"/>
  </Categories>
  <Skills>
    <Skill category="8-05-variables-expressions-distributive-law" pKnown="0.25" description="Define coefficient" pLearn="0.2" label="Define coefficient" name="Define-coefficient" pGuess="0.2" pSlip="0.1"/>
    <Skill category="8-05-variables-expressions-distributive-law" pKnown="0.25" description="Define constant term" pLearn="0.2" label="Define constant term" name="Define-constant-term" pGuess="0.2" pSlip="0.1"/>
    <Skill category="8-05-variables-expressions-distributive-law" pKnown="0.25" description="Define product of coefficient and variable expression" pLearn="0.2" label="Define product of coefficient and variable expression" name="Define-product-of-coefficient-and-variable-expression" pGuess="0.2" pSlip="0.1"/>
    <Skill category="8-05-variables-expressions-distributive-law" pKnown="0.25" description="Define sum of two terms" pLearn="0.2" label="Define sum of two terms" name="Define-sum-of-two-terms" pGuess="0.2" pSlip="0.1"/>
    <Skill category="8-05-variables-expressions-distributive-law" pKnown="0.25" description="Define variable" pLearn="0.2" label="Define variable" name="Define-variable" pGuess="0.2" pSlip="0.1"/>
    <Skill category="8-05-variables-expressions-distributive-law" pKnown="0.25" description="Define variable expression" pLearn="0.2" label="Define variable expression" name="Define-variable-expression" pGuess="0.2" pSlip="0.1"/>
    <Skill category="8-05-variables-expressions-distributive-law" pKnown="0.25" description="Identify coefficient" pLearn="0.2" label="Identify coefficient" name="Identify-coefficient" pGuess="0.2" pSlip="0.1"/>
    <Skill category="8-05-variables-expressions-distributive-law" pKnown="0.25" description="Identify constant term" pLearn="0.2" label="Identify constant term" name="Identify-constant-term" pGuess="0.2" pSlip="0.1"/>
    <Skill category="8-05-variables-expressions-distributive-law" pKnown="0.25" description="Identify product of coefficient and variable expression" pLearn="0.2" label="Identify product of coefficient and variable expression" name="Identify-product-of-coefficient-and-variable-expression" pGuess="0.2" pSlip="0.1"/>
    <Skill category="8-05-variables-expressions-distributive-law" pKnown="0.25" description="Identify sum of two terms" pLearn="0.2" label="Identify sum of two terms" name="Identify-sum-of-two-terms" pGuess="0.2" pSlip="0.1"/>
    <Skill category="8-05-variables-expressions-distributive-law" pKnown="0.25" description="Identify variable" pLearn="0.2" label="Identify variable" name="Identify-variable" pGuess="0.2" pSlip="0.1"/>
    <Skill category="8-05-variables-expressions-distributive-law" pKnown="0.25" description="Identify variable expression" pLearn="0.2" label="Identify variable expression" name="Identify-variable-expression" pGuess="0.2" pSlip="0.1"/>
  </Skills>
  <Assets>
  </Assets>
</ProblemSet>
