<?xml version="1.0" encoding="UTF-8"?>
<ProblemSet initial_sequence="0" selection_algorithm="sequential" max_count="1000" description="Asks student to compute ratio conversion using scale factor multiplication or division." max_repeat="1" label="7.12 Conversion Factors" team_size="1" name="7.12" picture="">
  <Problems>
    <Problem selection_features="" problem_file="01Garden.brd" description="You're planting a vegetable garden in your backyard." student_interface="7_12.swf" label="You're planting a vegetable garden in your backyard." name="01 Garden" student_interface_class="" tutor_flag="tutor" team_role="0">
      <Skills>
        <Skill category="7-12-conversion-factors" occurrences="1" name="enter-given-to"/>
        <Skill category="7-12-conversion-factors" occurrences="2" name="enter-factor"/>
        <Skill category="7-12-conversion-factors" occurrences="1" name="enter-given-from"/>
        <Skill category="7-12-conversion-factors" occurrences="1" name="complete-sentence"/>
        <Skill category="7-12-conversion-factors" occurrences="1" name="scale-completed"/>
      </Skills>
    </Problem>
    <Problem selection_features="" problem_file="02Water.brd" description="Last week you purchased 12 bottles of water." student_interface="7_12.swf" label="Last week you purchased 12 bottles of water." name="02 Bottle of Water" student_interface_class="" tutor_flag="tutor" team_role="0">
      <Skills>
        <Skill category="7-12-conversion-factors" occurrences="1" name="enter-given-to"/>
        <Skill category="7-12-conversion-factors" occurrences="2" name="enter-factor"/>
        <Skill category="7-12-conversion-factors" occurrences="1" name="enter-given-from"/>
        <Skill category="7-12-conversion-factors" occurrences="1" name="complete-sentence"/>
        <Skill category="7-12-conversion-factors" occurrences="1" name="scale-completed"/>
      </Skills>
    </Problem>
    <Problem selection_features="" problem_file="03Cookies.brd" description="Henry and Lila are baking gingerbread cookies for their cousins birthday party." student_interface="7_12.swf" label="Henry and Lila are baking gingerbread cookies for their cousins birthday party." name="03 Cookies" student_interface_class="" tutor_flag="tutor" team_role="0">
      <Skills>
        <Skill category="7-12-conversion-factors" occurrences="1" name="enter-given-to"/>
        <Skill category="7-12-conversion-factors" occurrences="2" name="enter-factor"/>
        <Skill category="7-12-conversion-factors" occurrences="1" name="enter-given-from"/>
        <Skill category="7-12-conversion-factors" occurrences="1" name="complete-sentence"/>
        <Skill category="7-12-conversion-factors" occurrences="1" name="scale-completed"/>
      </Skills>
    </Problem>
    <Problem selection_features="" problem_file="04Bicyclist.brd" description="A bicyclist likes to practice for a race by riding at a speed of 30 miles in 50 minutes every morning." student_interface="7_12.swf" label="A bicyclist likes to practice for a race by riding at a speed of 30 miles in 50 minutes every morning." name="04 Bicyclist" student_interface_class="" tutor_flag="tutor" team_role="0">
      <Skills>
        <Skill category="7-12-conversion-factors" occurrences="1" name="enter-given-to"/>
        <Skill category="7-12-conversion-factors" occurrences="2" name="enter-factor"/>
        <Skill category="7-12-conversion-factors" occurrences="1" name="enter-given-from"/>
        <Skill category="7-12-conversion-factors" occurrences="1" name="complete-sentence"/>
        <Skill category="7-12-conversion-factors" occurrences="1" name="scale-completed"/>
      </Skills>
    </Problem>
    <Problem selection_features="" problem_file="05Map.brd" description="Bill is planning a car trip with a road map that has a scale on which every 2 inches represents 50.5 miles." student_interface="7_12.swf" label="Bill is planning a car trip with a road map that has a scale on which every 2 inches represents 50.5 miles." name="05 Road Map" student_interface_class="" tutor_flag="tutor" team_role="0">
      <Skills>
        <Skill category="7-12-conversion-factors" occurrences="1" name="enter-given-to"/>
        <Skill category="7-12-conversion-factors" occurrences="2" name="enter-factor"/>
        <Skill category="7-12-conversion-factors" occurrences="1" name="enter-given-from"/>
        <Skill category="7-12-conversion-factors" occurrences="1" name="complete-sentence"/>
        <Skill category="7-12-conversion-factors" occurrences="1" name="scale-completed"/>
      </Skills>
    </Problem>
    <Problem selection_features="" problem_file="06Lemonade.brd" description="Your little sister is running a lemonade stand outside your house." student_interface="7_12.swf" label="Your little sister is running a lemonade stand outside your house." name="06 Lemonade 1" student_interface_class="" tutor_flag="tutor" team_role="0">
      <Skills>
        <Skill category="7-12-conversion-factors" occurrences="1" name="enter-given-to"/>
        <Skill category="7-12-conversion-factors" occurrences="2" name="enter-factor"/>
        <Skill category="7-12-conversion-factors" occurrences="1" name="enter-given-from"/>
        <Skill category="7-12-conversion-factors" occurrences="1" name="complete-sentence"/>
        <Skill category="7-12-conversion-factors" occurrences="1" name="scale-completed"/>
      </Skills>
    </Problem>
    <Problem selection_features="" problem_file="07Driving.brd" description="Bill is driving 400 miles from Pittsburgh to New York City." student_interface="7_12.swf" label="Bill is driving 400 miles from Pittsburgh to New York City." name="07 Driving to NYC" student_interface_class="" tutor_flag="tutor" team_role="0">
      <Skills>
        <Skill category="7-12-conversion-factors" occurrences="1" name="enter-given-to"/>
        <Skill category="7-12-conversion-factors" occurrences="2" name="enter-factor"/>
        <Skill category="7-12-conversion-factors" occurrences="1" name="enter-given-from"/>
        <Skill category="7-12-conversion-factors" occurrences="1" name="enter-per1"/>
        <Skill category="7-12-conversion-factors" occurrences="1" name="complete-sentence"/>
        <Skill category="7-12-conversion-factors" occurrences="1" name="scale-completed"/>
      </Skills>
    </Problem>
    <Problem selection_features="" problem_file="08Saturn.brd" description="You visited a friend in Planet Saturn. Saturn rotates faster than planet Earth." student_interface="7_12.swf" label="You visited a friend in Planet Saturn. Saturn rotates faster than planet Earth." name="08 Friend of Saturn" student_interface_class="" tutor_flag="tutor" team_role="0">
      <Skills>
        <Skill category="7-12-conversion-factors" occurrences="1" name="enter-given-to"/>
        <Skill category="7-12-conversion-factors" occurrences="2" name="enter-factor"/>
        <Skill category="7-12-conversion-factors" occurrences="1" name="enter-given-from"/>
        <Skill category="7-12-conversion-factors" occurrences="1" name="complete-sentence"/>
        <Skill category="7-12-conversion-factors" occurrences="1" name="scale-completed"/>
      </Skills>
    </Problem>
    <Problem selection_features="" problem_file="09Donation.brd" description="The radio station KMDX is donating dog food to help a local pet shelter." student_interface="7_12.swf" label="The radio station KMDX is donating dog food to help a local pet shelter." name="09 Radio Station Donation" student_interface_class="" tutor_flag="tutor" team_role="0">
      <Skills>
        <Skill category="7-12-conversion-factors" occurrences="1" name="enter-given-to"/>
        <Skill category="7-12-conversion-factors" occurrences="2" name="enter-factor"/>
        <Skill category="7-12-conversion-factors" occurrences="1" name="enter-given-from"/>
        <Skill category="7-12-conversion-factors" occurrences="1" name="complete-sentence"/>
        <Skill category="7-12-conversion-factors" occurrences="1" name="scale-completed"/>
      </Skills>
    </Problem>
    <Problem selection_features="" problem_file="10Haircuts.brd" description="For every 6 haircuts that a customer pays for at Hair-Be-Gone Hair Salon, the customer will receive two free bottles of shampoo." student_interface="7_12.swf" label="For every 6 haircuts that a customer pays for at Hair-Be-Gone Hair Salon, the customer will receive two free bottles of shampoo." name="10 Haircuts" student_interface_class="" tutor_flag="tutor" team_role="0">
      <Skills>
        <Skill category="7-12-conversion-factors" occurrences="1" name="enter-given-to"/>
        <Skill category="7-12-conversion-factors" occurrences="2" name="enter-factor"/>
        <Skill category="7-12-conversion-factors" occurrences="1" name="enter-given-from"/>
        <Skill category="7-12-conversion-factors" occurrences="1" name="complete-sentence"/>
        <Skill category="7-12-conversion-factors" occurrences="1" name="scale-completed"/>
      </Skills>
    </Problem>
    <Problem selection_features="" problem_file="11Lemonade-2.brd" description="The recipe that they are using to make the lemonade requires 8 cups of sugar for every 5 pitchers of lemonade that is made." student_interface="7_12.swf" label="The recipe that they are using to make the lemonade requires 8 cups of sugar for every 5 pitchers of lemonade that is made." name="11 Lemonade 1" student_interface_class="" tutor_flag="tutor" team_role="0">
      <Skills>
        <Skill category="7-12-conversion-factors" occurrences="1" name="enter-given-to"/>
        <Skill category="7-12-conversion-factors" occurrences="2" name="enter-factor"/>
        <Skill category="7-12-conversion-factors" occurrences="1" name="enter-given-from"/>
        <Skill category="7-12-conversion-factors" occurrences="1" name="complete-sentence"/>
        <Skill category="7-12-conversion-factors" occurrences="1" name="scale-completed"/>
      </Skills>
    </Problem>
    <Problem selection_features="" problem_file="12Eggs.brd" description="The town of Eggsville is having its yearly Easter Egg Hunt." student_interface="7_12.swf" label="The town of Eggsville is having its yearly Easter Egg Hunt." name="12 Eggsville" student_interface_class="" tutor_flag="tutor" team_role="0">
      <Skills>
        <Skill category="7-12-conversion-factors" occurrences="1" name="enter-given-to"/>
        <Skill category="7-12-conversion-factors" occurrences="2" name="enter-factor"/>
        <Skill category="7-12-conversion-factors" occurrences="1" name="enter-given-from"/>
        <Skill category="7-12-conversion-factors" occurrences="1" name="complete-sentence"/>
        <Skill category="7-12-conversion-factors" occurrences="1" name="scale-completed"/>
      </Skills>
    </Problem>
    <Problem selection_features="" problem_file="13Running.brd" description="If Amelia can run around her schools track at a speed of 3 laps every 12.5 minutes." student_interface="7_12.swf" label="If Amelia can run around her schools track at a speed of 3 laps every 12.5 minutes." name="13 Running" student_interface_class="" tutor_flag="tutor" team_role="0">
      <Skills>
        <Skill category="7-12-conversion-factors" occurrences="1" name="enter-given-to"/>
        <Skill category="7-12-conversion-factors" occurrences="2" name="enter-factor"/>
        <Skill category="7-12-conversion-factors" occurrences="1" name="enter-given-from"/>
        <Skill category="7-12-conversion-factors" occurrences="1" name="complete-sentence"/>
        <Skill category="7-12-conversion-factors" occurrences="1" name="scale-completed"/>
      </Skills>
    </Problem>
    <Problem selection_features="" problem_file="14Snail.brd" description="The fastest snail ever recorded could travel at a speed of 13.2 inches in 2 minutes." student_interface="7_12.swf" label="The fastest snail ever recorded could travel at a speed of 13.2 inches in 2 minutes." name="14 Fastest Snail" student_interface_class="" tutor_flag="tutor" team_role="0">
      <Skills>
        <Skill category="7-12-conversion-factors" occurrences="1" name="enter-given-to"/>
        <Skill category="7-12-conversion-factors" occurrences="2" name="enter-factor"/>
        <Skill category="7-12-conversion-factors" occurrences="1" name="enter-given-from"/>
        <Skill category="7-12-conversion-factors" occurrences="1" name="complete-sentence"/>
        <Skill category="7-12-conversion-factors" occurrences="1" name="scale-completed"/>
      </Skills>
    </Problem>
    <Problem selection_features="" problem_file="15Lemonade-3.brd" description="Billy is in charge of providing ice chips for his town's lemonade stand." student_interface="7_12.swf" label="Billy is in charge of providing ice chips for his town's lemonade stand." name="15 Lemonade 3" student_interface_class="" tutor_flag="tutor" team_role="0">
      <Skills>
        <Skill category="7-12-conversion-factors" occurrences="1" name="enter-given-to"/>
        <Skill category="7-12-conversion-factors" occurrences="2" name="enter-factor"/>
        <Skill category="7-12-conversion-factors" occurrences="1" name="enter-given-from"/>
        <Skill category="7-12-conversion-factors" occurrences="1" name="complete-sentence"/>
        <Skill category="7-12-conversion-factors" occurrences="1" name="scale-completed"/>
      </Skills>
    </Problem>
    <Problem selection_features="" problem_file="16Clock.brd" description="Uncle Sam's clock is the weirdest clock." student_interface="7_12.swf" label="Uncle Sam's clock is the weirdest clock." name="16 Weird Clock" student_interface_class="" tutor_flag="tutor" team_role="0">
      <Skills>
        <Skill category="7-12-conversion-factors" occurrences="1" name="enter-given-to"/>
        <Skill category="7-12-conversion-factors" occurrences="2" name="enter-factor"/>
        <Skill category="7-12-conversion-factors" occurrences="1" name="enter-given-from"/>
        <Skill category="7-12-conversion-factors" occurrences="1" name="complete-sentence"/>
        <Skill category="7-12-conversion-factors" occurrences="1" name="scale-completed"/>
      </Skills>
    </Problem>
    <Problem selection_features="" problem_file="17Balloons.brd" description="Salma is buying balloons for her little brother's birthday party." student_interface="7_12.swf" label="Salma is buying balloons for her little brother's birthday party." name="17 Balloons" student_interface_class="" tutor_flag="tutor" team_role="0">
      <Skills>
        <Skill category="7-12-conversion-factors" occurrences="1" name="enter-given-to"/>
        <Skill category="7-12-conversion-factors" occurrences="2" name="enter-factor"/>
        <Skill category="7-12-conversion-factors" occurrences="1" name="enter-given-from"/>
        <Skill category="7-12-conversion-factors" occurrences="1" name="complete-sentence"/>
        <Skill category="7-12-conversion-factors" occurrences="1" name="scale-completed"/>
      </Skills>
    </Problem>
  </Problems>
  <Categories>
    <Collection category="" description="Released Problem Sets" parent_category="" label="Released Problem Sets" parent_name="" name="general"/>
    <Standard category="standard" description="PA Assessment Anchors" parent_category="" label="PA Assessment Anchors" parent_name="" name="PA"/>
    <Standard category="standard" description="NCTM Curriculum Focal Points" parent_category="" label="NCTM Curriculum Focal Points" parent_name="" name="NCTM"/>
    <Standard category="standard" description="Common Core Standards" parent_category="" label="Common Core Standards" parent_name="" name="CommonCore"/>
    <Standard category="standard" description="Student Standards" parent_category="" label="Problem Set Categories" parent_name="" name="Student"/>
    <Grade category="" description="7th Grade" parent_category="" label="7th Grade" parent_name="" name="7"/>
    <Standard category="reporting_category" description="A. Numbers and Operations" parent_category="standard" label="A. Numbers and Operations" parent_name="PA" name="PA.A"/>
    <Standard category="assessment_anchor" description="A.2. Understand the meanings of operations, use operations and understand how they relate to each other." parent_category="reporting_category" label="A.2. Operations: Meanings, Uses and Relationships" parent_name="PA.A" name="PA.A.2"/>
    <Standard category="strand" description="A. Numbers and Operations" parent_category="standard" label="A. Numbers and Operations" parent_name="NCTM" name="NCTM.A"/>
    <Standard category="grade_level" description="7th Grade" parent_category="standard" label="7th Grade" parent_name="CommonCore" name="CommonCore.7"/>
    <Standard category="strand" description="7.RP. Ratios and Proportional Relationships" parent_category="grade_level" label="7.RP. Ratios and Proportional Relationships" parent_name="CommonCore.7" name="CommonCore.7.RP"/>
    <Standard category="strand" description="Student.Usfr" parent_category="standard" label="Student.Usfr" parent_name="Student" name="Student.USFR"/>
  </Categories>
  <Skills>
    <Skill category="7-12-conversion-factors" pKnown="0.25" description="Complete scaling" pLearn="0.2" label="Complete scaling" name="scale-completed" pGuess="0.2" pSlip="0.1"/>
    <Skill category="7-12-conversion-factors" pKnown="0.25" description="Complete sentence" pLearn="0.2" label="Complete sentence" name="complete-sentence" pGuess="0.2" pSlip="0.1"/>
    <Skill category="7-12-conversion-factors" pKnown="0.25" description="Enter factor" pLearn="0.2" label="Enter factor" name="enter-factor" pGuess="0.2" pSlip="0.1"/>
    <Skill category="7-12-conversion-factors" pKnown="0.25" description="Enter given (from)" pLearn="0.2" label="Enter given (from)" name="enter-given-from" pGuess="0.2" pSlip="0.1"/>
    <Skill category="7-12-conversion-factors" pKnown="0.25" description="Enter given (to)" pLearn="0.2" label="Enter given (to)" name="enter-given-to" pGuess="0.2" pSlip="0.1"/>
    <Skill category="7-12-conversion-factors" pKnown="0.25" description="Recognize unit rate" pLearn="0.2" label="Recognize unit rate" name="enter-per1" pGuess="0.2" pSlip="0.1"/>
  </Skills>
  <Assets>
  </Assets>
</ProblemSet>
