<?xml version="1.0" encoding="UTF-8"?>
<ProblemSet initial_sequence="0" selection_algorithm="sequential" max_count="1000" description="Uses scale factors to relate parts of the whole and convert to percents." max_repeat="1" label="8.12 Factors, Scaling, and Percents" team_size="1" name="8.12" picture="">
  <Problems>
    <Problem selection_features="" problem_file="office picnic.brd" description="At the office picnic, your team tries to make a record-winning key lime pie that serves 400." student_interface="8-12Template.swf" label="At the office picnic, your team tries to make a record-winning key lime pie that serves 400." name="01office picnic" student_interface_class="" tutor_flag="tutor" team_role="0">
      <Skills>
        <Skill category="8-12-factors-scaling-and-percents" occurrences="3" name="identify-percent"/>
        <Skill category="8-12-factors-scaling-and-percents" occurrences="3" name="Apply-scale-factor-to-ratio"/>
        <Skill category="8-12-factors-scaling-and-percents" occurrences="6" name="Indentify-operation-needed"/>
        <Skill category="8-12-factors-scaling-and-percents" occurrences="3" name="Enter-given-quantities"/>
        <Skill category="8-12-factors-scaling-and-percents" occurrences="5" name="Identify-scale-factor"/>
      </Skills>
    </Problem>
    <Problem selection_features="" problem_file="widgets.brd" description="A factory makes 20,000 widgets every week.Part 1) If 150 of the widgets one week are defective, what is the rate of defects?Part 2) If the next week 100 of the widgets are defective, what percentage of the widgets are defective?" student_interface="8-12Template.swf" label="A factory makes 20,000 widgets every week.Part 1) If 150 of the widgets one week are defective, what is the rate of defects?Part 2) If the next week 100 of the widgets are defective, what percentage of the widgets are defective?" name="02widgets" student_interface_class="" tutor_flag="tutor" team_role="0">
      <Skills>
        <Skill category="8-12-factors-scaling-and-percents" occurrences="3" name="identify-percent"/>
        <Skill category="8-12-factors-scaling-and-percents" occurrences="3" name="Apply-scale-factor-to-ratio"/>
        <Skill category="8-12-factors-scaling-and-percents" occurrences="6" name="Indentify-operation-needed"/>
        <Skill category="8-12-factors-scaling-and-percents" occurrences="3" name="Enter-given-quantities"/>
        <Skill category="8-12-factors-scaling-and-percents" occurrences="5" name="Identify-scale-factor"/>
      </Skills>
    </Problem>
    <Problem selection_features="" problem_file="tree height.brd" description="Mr. Thompson is adding two more trees in his front yard.  He already has a tree that measures 10 feet tall.  Please help him figure out which trees he should buy.Part 1) He is considering a maple tree that is 30 feet tall. What percentage of  his tree's h" student_interface="8-12Template.swf" label="Mr. Thompson is adding two more trees in his front yard.  He already has a tree that measures 10 feet tall.  Please help him figure out which trees he should buy.Part 1) He is considering a maple tree that is 30 feet tall. What percentage of  his tree's h" name="03tree height" student_interface_class="" tutor_flag="tutor" team_role="0">
      <Skills>
        <Skill category="8-12-factors-scaling-and-percents" occurrences="3" name="identify-percent"/>
        <Skill category="8-12-factors-scaling-and-percents" occurrences="3" name="Apply-scale-factor-to-ratio"/>
        <Skill category="8-12-factors-scaling-and-percents" occurrences="6" name="Indentify-operation-needed"/>
        <Skill category="8-12-factors-scaling-and-percents" occurrences="3" name="Enter-given-quantities"/>
        <Skill category="8-12-factors-scaling-and-percents" occurrences="5" name="Identify-scale-factor"/>
      </Skills>
    </Problem>
    <Problem selection_features="" problem_file="animal shelter.brd" description="Juana volunteers at the local animal shelter where the room for cats holds 50 cages.Part 1) This week the shelter is overcrowded because of a recent rescue, so there is more than the usual single cat per cage.  What percentage of capacity is the room if t" student_interface="8-12Template.swf" label="Juana volunteers at the local animal shelter where the room for cats holds 50 cages.Part 1) This week the shelter is overcrowded because of a recent rescue, so there is more than the usual single cat per cage.  What percentage of capacity is the room if t" name="04animal shelter" student_interface_class="" tutor_flag="tutor" team_role="0">
      <Skills>
        <Skill category="8-12-factors-scaling-and-percents" occurrences="3" name="identify-percent"/>
        <Skill category="8-12-factors-scaling-and-percents" occurrences="3" name="Apply-scale-factor-to-ratio"/>
        <Skill category="8-12-factors-scaling-and-percents" occurrences="6" name="Indentify-operation-needed"/>
        <Skill category="8-12-factors-scaling-and-percents" occurrences="3" name="Enter-given-quantities"/>
        <Skill category="8-12-factors-scaling-and-percents" occurrences="5" name="Identify-scale-factor"/>
      </Skills>
    </Problem>
    <Problem selection_features="" problem_file="toy robot.brd" description="A toy robot has 230 functions of three types: movement styles, light patterns, and sounds.Part 1) If the robot has 69 different light patterns, what percentage of the functions is this?Part 2) If the robot has 30 different walks, what percentage of the fu" student_interface="8-12Template.swf" label="A toy robot has 230 functions of three types: movement styles, light patterns, and sounds.Part 1) If the robot has 69 different light patterns, what percentage of the functions is this?Part 2) If the robot has 30 different walks, what percentage of the fu" name="05toy robot" student_interface_class="" tutor_flag="tutor" team_role="0">
      <Skills>
        <Skill category="8-12-factors-scaling-and-percents" occurrences="3" name="identify-percent"/>
        <Skill category="8-12-factors-scaling-and-percents" occurrences="3" name="Apply-scale-factor-to-ratio"/>
        <Skill category="8-12-factors-scaling-and-percents" occurrences="6" name="Indentify-operation-needed"/>
        <Skill category="8-12-factors-scaling-and-percents" occurrences="3" name="Enter-given-quantities"/>
        <Skill category="8-12-factors-scaling-and-percents" occurrences="5" name="Identify-scale-factor"/>
      </Skills>
    </Problem>
    <Problem selection_features="" problem_file="kennel.brd" description="Abhi works at a kennel that has cages for 25 dogs, assuming one dog per cage.  Sometimes, it gets very busy and he has to put multiple dogs in the cages as needed.Part 1) If 28 dogs were dropped off, the kennel was filled to what percent capacity? Part 2)" student_interface="8-12Template.swf" label="Abhi works at a kennel that has cages for 25 dogs, assuming one dog per cage.  Sometimes, it gets very busy and he has to put multiple dogs in the cages as needed.Part 1) If 28 dogs were dropped off, the kennel was filled to what percent capacity? Part 2)" name="06kennel" student_interface_class="" tutor_flag="tutor" team_role="0">
      <Skills>
        <Skill category="8-12-factors-scaling-and-percents" occurrences="3" name="identify-percent"/>
        <Skill category="8-12-factors-scaling-and-percents" occurrences="3" name="Apply-scale-factor-to-ratio"/>
        <Skill category="8-12-factors-scaling-and-percents" occurrences="6" name="Indentify-operation-needed"/>
        <Skill category="8-12-factors-scaling-and-percents" occurrences="3" name="Enter-given-quantities"/>
        <Skill category="8-12-factors-scaling-and-percents" occurrences="5" name="Identify-scale-factor"/>
      </Skills>
    </Problem>
    <Problem selection_features="" problem_file="concert.brd" description="At the RockFest concert, there were 6000 screaming fans in the ampitheater.Part 1) If  30 lucky fans were given backstage passes, what percentage of the concert goers went backstage?Part 2) If 14 of those  fans were also given a free T-shirt, what percent" student_interface="8-12Template.swf" label="At the RockFest concert, there were 6000 screaming fans in the ampitheater.Part 1) If  30 lucky fans were given backstage passes, what percentage of the concert goers went backstage?Part 2) If 14 of those  fans were also given a free T-shirt, what percent" name="07concert" student_interface_class="" tutor_flag="tutor" team_role="0">
      <Skills>
        <Skill category="8-12-factors-scaling-and-percents" occurrences="3" name="identify-percent"/>
        <Skill category="8-12-factors-scaling-and-percents" occurrences="3" name="Apply-scale-factor-to-ratio"/>
        <Skill category="8-12-factors-scaling-and-percents" occurrences="6" name="Indentify-operation-needed"/>
        <Skill category="8-12-factors-scaling-and-percents" occurrences="3" name="Enter-given-quantities"/>
        <Skill category="8-12-factors-scaling-and-percents" occurrences="5" name="Identify-scale-factor"/>
      </Skills>
    </Problem>
    <Problem selection_features="" problem_file="stick house.brd" description="Malila is building a model house out of 4000 craft sticks.Part 1)If 8 of the sticks have a chip in them and cannot be used, what percentage of the craft sticks are chipped?Part 2) If she decides to add another floor, requiring  another 1000 sticks, what p" student_interface="8-12Template.swf" label="Malila is building a model house out of 4000 craft sticks.Part 1)If 8 of the sticks have a chip in them and cannot be used, what percentage of the craft sticks are chipped?Part 2) If she decides to add another floor, requiring  another 1000 sticks, what p" name="08stick house" student_interface_class="" tutor_flag="tutor" team_role="0">
      <Skills>
        <Skill category="8-12-factors-scaling-and-percents" occurrences="3" name="identify-percent"/>
        <Skill category="8-12-factors-scaling-and-percents" occurrences="3" name="Apply-scale-factor-to-ratio"/>
        <Skill category="8-12-factors-scaling-and-percents" occurrences="6" name="Indentify-operation-needed"/>
        <Skill category="8-12-factors-scaling-and-percents" occurrences="3" name="Enter-given-quantities"/>
        <Skill category="8-12-factors-scaling-and-percents" occurrences="5" name="Identify-scale-factor"/>
      </Skills>
    </Problem>
    <Problem selection_features="" problem_file="bracelets.brd" description="Angelique makes beaded friendship bracelets that she has decided to try to sell at the local craft show.  She hopes to be lucky enough to sell the 40 she has already made.Part 1) If 42 people want to buy her bracelets, that would represent what percentage" student_interface="8-12Template.swf" label="Angelique makes beaded friendship bracelets that she has decided to try to sell at the local craft show.  She hopes to be lucky enough to sell the 40 she has already made.Part 1) If 42 people want to buy her bracelets, that would represent what percentage" name="09bracelets" student_interface_class="" tutor_flag="tutor" team_role="0">
      <Skills>
        <Skill category="8-12-factors-scaling-and-percents" occurrences="3" name="identify-percent"/>
        <Skill category="8-12-factors-scaling-and-percents" occurrences="3" name="Apply-scale-factor-to-ratio"/>
        <Skill category="8-12-factors-scaling-and-percents" occurrences="6" name="Indentify-operation-needed"/>
        <Skill category="8-12-factors-scaling-and-percents" occurrences="3" name="Enter-given-quantities"/>
        <Skill category="8-12-factors-scaling-and-percents" occurrences="5" name="Identify-scale-factor"/>
      </Skills>
    </Problem>
    <Problem selection_features="" problem_file="CD sales.brd" description="Bruce Springtime has just released a new CD.  In the first hour, 5000 were sold. Part 1) If BuyMart sold out of all its 25 copies, what percentage of the sales did the store have in stock?Part 2) If Trina bought 4 of BuyMart's 25 CDs to share with her fri" student_interface="8-12Template.swf" label="Bruce Springtime has just released a new CD.  In the first hour, 5000 were sold. Part 1) If BuyMart sold out of all its 25 copies, what percentage of the sales did the store have in stock?Part 2) If Trina bought 4 of BuyMart's 25 CDs to share with her fri" name="10CD sales" student_interface_class="" tutor_flag="tutor" team_role="0">
      <Skills>
        <Skill category="8-12-factors-scaling-and-percents" occurrences="3" name="identify-percent"/>
        <Skill category="8-12-factors-scaling-and-percents" occurrences="3" name="Apply-scale-factor-to-ratio"/>
        <Skill category="8-12-factors-scaling-and-percents" occurrences="6" name="Indentify-operation-needed"/>
        <Skill category="8-12-factors-scaling-and-percents" occurrences="3" name="Enter-given-quantities"/>
        <Skill category="8-12-factors-scaling-and-percents" occurrences="5" name="Identify-scale-factor"/>
      </Skills>
    </Problem>
    <Problem selection_features="" problem_file="double-booked plane.brd" description="A Cheapo Airlines' plane can carry 150 passengers.Part 1) On Saturday the airline double-booked a number of seats, making  180 reservations.  What percentage of the plane's seats did the airline sell ?Part 2) On Tuesday, Cheapo Airlines repeated its shame" student_interface="8-12Template.swf" label="A Cheapo Airlines' plane can carry 150 passengers.Part 1) On Saturday the airline double-booked a number of seats, making  180 reservations.  What percentage of the plane's seats did the airline sell ?Part 2) On Tuesday, Cheapo Airlines repeated its shame" name="11double-booked plane" student_interface_class="" tutor_flag="tutor" team_role="0">
      <Skills>
        <Skill category="8-12-factors-scaling-and-percents" occurrences="3" name="identify-percent"/>
        <Skill category="8-12-factors-scaling-and-percents" occurrences="3" name="Apply-scale-factor-to-ratio"/>
        <Skill category="8-12-factors-scaling-and-percents" occurrences="6" name="Indentify-operation-needed"/>
        <Skill category="8-12-factors-scaling-and-percents" occurrences="3" name="Enter-given-quantities"/>
        <Skill category="8-12-factors-scaling-and-percents" occurrences="5" name="Identify-scale-factor"/>
      </Skills>
    </Problem>
    <Problem selection_features="" problem_file="shed.brd" description="Abdul is building a shed.  He buys 25 planks for the project.Part 1) If he later realizes he needs 30 planks, what percentage of his purchase does he need?Part 2) By what percentage is he short?" student_interface="8-12Template.swf" label="Abdul is building a shed.  He buys 25 planks for the project.Part 1) If he later realizes he needs 30 planks, what percentage of his purchase does he need?Part 2) By what percentage is he short?" name="12shed" student_interface_class="" tutor_flag="tutor" team_role="0">
      <Skills>
        <Skill category="8-12-factors-scaling-and-percents" occurrences="3" name="identify-percent"/>
        <Skill category="8-12-factors-scaling-and-percents" occurrences="3" name="Apply-scale-factor-to-ratio"/>
        <Skill category="8-12-factors-scaling-and-percents" occurrences="6" name="Indentify-operation-needed"/>
        <Skill category="8-12-factors-scaling-and-percents" occurrences="3" name="Enter-given-quantities"/>
        <Skill category="8-12-factors-scaling-and-percents" occurrences="5" name="Identify-scale-factor"/>
      </Skills>
    </Problem>
    <Problem selection_features="" problem_file="bands collection.brd" description="David loves to collect Funny Bands.  He currently has 175 bands in his collection.  He is trying to figure out what percentage of each kind he has.Part 1) Since blue is his favorite color, he has traded bands to obtain 84 blue bands.  What percentage of h" student_interface="8-12Template.swf" label="David loves to collect Funny Bands.  He currently has 175 bands in his collection.  He is trying to figure out what percentage of each kind he has.Part 1) Since blue is his favorite color, he has traded bands to obtain 84 blue bands.  What percentage of h" name="13bands collection" student_interface_class="" tutor_flag="tutor" team_role="0">
      <Skills>
        <Skill category="8-12-factors-scaling-and-percents" occurrences="3" name="identify-percent"/>
        <Skill category="8-12-factors-scaling-and-percents" occurrences="3" name="Apply-scale-factor-to-ratio"/>
        <Skill category="8-12-factors-scaling-and-percents" occurrences="6" name="Indentify-operation-needed"/>
        <Skill category="8-12-factors-scaling-and-percents" occurrences="3" name="Enter-given-quantities"/>
        <Skill category="8-12-factors-scaling-and-percents" occurrences="5" name="Identify-scale-factor"/>
      </Skills>
    </Problem>
    <Problem selection_features="" problem_file="mileage.brd" description="Ivan and Ada have decided to spend their summer driving 5000 miles from Florida to Alaska by car.  They periodically checked their odometer to see how far they traveled.  Please help them calculate the percent of their trip completed. Part 1) If they have" student_interface="8-12Template.swf" label="Ivan and Ada have decided to spend their summer driving 5000 miles from Florida to Alaska by car.  They periodically checked their odometer to see how far they traveled.  Please help them calculate the percent of their trip completed. Part 1) If they have" name="14mileage" student_interface_class="" tutor_flag="tutor" team_role="0">
      <Skills>
        <Skill category="8-12-factors-scaling-and-percents" occurrences="3" name="identify-percent"/>
        <Skill category="8-12-factors-scaling-and-percents" occurrences="3" name="Apply-scale-factor-to-ratio"/>
        <Skill category="8-12-factors-scaling-and-percents" occurrences="6" name="Indentify-operation-needed"/>
        <Skill category="8-12-factors-scaling-and-percents" occurrences="3" name="Enter-given-quantities"/>
        <Skill category="8-12-factors-scaling-and-percents" occurrences="5" name="Identify-scale-factor"/>
      </Skills>
    </Problem>
    <Problem selection_features="" problem_file="texting.brd" description="The world record for texting is about 6100 messages per day.  Miki decided she to see if she could beat that record.  Please help her figure out how close she came.Part 1) One day in July, Miki sent 2257 messages.  This is what percentage of the record? P" student_interface="8-12Template.swf" label="The world record for texting is about 6100 messages per day.  Miki decided she to see if she could beat that record.  Please help her figure out how close she came.Part 1) One day in July, Miki sent 2257 messages.  This is what percentage of the record? P" name="15texting" student_interface_class="" tutor_flag="tutor" team_role="0">
      <Skills>
        <Skill category="8-12-factors-scaling-and-percents" occurrences="3" name="identify-percent"/>
        <Skill category="8-12-factors-scaling-and-percents" occurrences="3" name="Apply-scale-factor-to-ratio"/>
        <Skill category="8-12-factors-scaling-and-percents" occurrences="6" name="Indentify-operation-needed"/>
        <Skill category="8-12-factors-scaling-and-percents" occurrences="3" name="Enter-given-quantities"/>
        <Skill category="8-12-factors-scaling-and-percents" occurrences="5" name="Identify-scale-factor"/>
      </Skills>
    </Problem>
    <Problem selection_features="" problem_file="pizza party.brd" description="You are throwing a pizza party for yourself and 19 friends.  You serve an extra large 20 slice chocolate pizza for dessert. Part 1) If John really pigs out and eats 6 slices all by himself, what percentage of the pizza has he eaten? Part 2) If Hayim eats " student_interface="8-12Template.swf" label="You are throwing a pizza party for yourself and 19 friends.  You serve an extra large 20 slice chocolate pizza for dessert. Part 1) If John really pigs out and eats 6 slices all by himself, what percentage of the pizza has he eaten? Part 2) If Hayim eats " name="16pizza party" student_interface_class="" tutor_flag="tutor" team_role="0">
      <Skills>
        <Skill category="8-12-factors-scaling-and-percents" occurrences="3" name="identify-percent"/>
        <Skill category="8-12-factors-scaling-and-percents" occurrences="3" name="Apply-scale-factor-to-ratio"/>
        <Skill category="8-12-factors-scaling-and-percents" occurrences="6" name="Indentify-operation-needed"/>
        <Skill category="8-12-factors-scaling-and-percents" occurrences="3" name="Enter-given-quantities"/>
        <Skill category="8-12-factors-scaling-and-percents" occurrences="5" name="Identify-scale-factor"/>
      </Skills>
    </Problem>
    <Problem selection_features="" problem_file="chemical solution.brd" description="18chemical Solution" student_interface="8-12Template.swf" label="18chemical Solution" name="18chemical solution" student_interface_class="" tutor_flag="tutor" team_role="0">
      <Skills>
        <Skill category="8-12-factors-scaling-and-percents" occurrences="3" name="identify-percent"/>
        <Skill category="8-12-factors-scaling-and-percents" occurrences="3" name="Apply-scale-factor-to-ratio"/>
        <Skill category="8-12-factors-scaling-and-percents" occurrences="6" name="Indentify-operation-needed"/>
        <Skill category="8-12-factors-scaling-and-percents" occurrences="3" name="Enter-given-quantities"/>
        <Skill category="8-12-factors-scaling-and-percents" occurrences="5" name="Identify-scale-factor"/>
      </Skills>
    </Problem>
  </Problems>
  <Categories>
    <Collection category="" description="Released Problem Sets" parent_category="" label="Released Problem Sets" parent_name="" name="general"/>
    <Standard category="standard" description="PA Assessment Anchors" parent_category="" label="PA Assessment Anchors" parent_name="" name="PA"/>
    <Standard category="standard" description="NCTM Curriculum Focal Points" parent_category="" label="NCTM Curriculum Focal Points" parent_name="" name="NCTM"/>
    <Standard category="standard" description="Common Core Standards" parent_category="" label="Common Core Standards" parent_name="" name="CommonCore"/>
    <Standard category="standard" description="Student Standards" parent_category="" label="Problem Set Categories" parent_name="" name="Student"/>
    <Grade category="" description="7th Grade" parent_category="" label="7th Grade" parent_name="" name="7"/>
    <Grade category="" description="8th Grade" parent_category="" label="8th Grade" parent_name="" name="8"/>
    <Standard category="reporting_category" description="A. Numbers and Operations" parent_category="standard" label="A. Numbers and Operations" parent_name="PA" name="PA.A"/>
    <Standard category="assessment_anchor" description="A.2. Understand the meanings of operations, use operations and understand how they relate to each other." parent_category="reporting_category" label="A.2. Operations: Meanings, Uses and Relationships" parent_name="PA.A" name="PA.A.2"/>
    <Standard category="strand" description="A. Numbers and Operations" parent_category="standard" label="A. Numbers and Operations" parent_name="NCTM" name="NCTM.A"/>
    <Standard category="grade_level" description="7th Grade" parent_category="standard" label="7th Grade" parent_name="CommonCore" name="CommonCore.7"/>
    <Standard category="strand" description="7.RP. Ratios and Proportional Relationships" parent_category="grade_level" label="7.RP. Ratios and Proportional Relationships" parent_name="CommonCore.7" name="CommonCore.7.RP"/>
    <Standard category="strand" description="Student.Usfr" parent_category="standard" label="Student.Usfr" parent_name="Student" name="Student.USFR"/>
  </Categories>
  <Skills>
    <Skill category="8-12-factors-scaling-and-percents" pKnown="0.25" description="Apply scale factor to ratio" pLearn="0.2" label="Apply scale factor to ratio" name="Apply-scale-factor-to-ratio" pGuess="0.2" pSlip="0.1"/>
    <Skill category="8-12-factors-scaling-and-percents" pKnown="0.25" description="Enter given quantities" pLearn="0.2" label="Enter given quantities" name="Enter-given-quantities" pGuess="0.2" pSlip="0.1"/>
    <Skill category="8-12-factors-scaling-and-percents" pKnown="0.25" description="Identify operation needed" pLearn="0.2" label="Identify operation needed" name="Indentify-operation-needed" pGuess="0.2" pSlip="0.1"/>
    <Skill category="8-12-factors-scaling-and-percents" pKnown="0.25" description="Identify percent" pLearn="0.2" label="Identify percent" name="identify-percent" pGuess="0.2" pSlip="0.1"/>
    <Skill category="8-12-factors-scaling-and-percents" pKnown="0.25" description="Identify scale factor" pLearn="0.2" label="Identify scale factor" name="Identify-scale-factor" pGuess="0.2" pSlip="0.1"/>
  </Skills>
  <Assets>
  </Assets>
</ProblemSet>
