<?xml version="1.0" encoding="UTF-8"?>
<ProblemSet initial_sequence="0" selection_algorithm="sequential" max_count="1000" description="Asks student to model mathematical situations." max_repeat="1" label="6.03 Algebra in Pictures I" team_size="1" name="6.03" picture="">
  <Problems>
    <Problem selection_features="" problem_file="01concert.brd" description="Concert" student_interface="6.03_2cats_sum.swf" label="Concert" name="01 Concert" student_interface_class="" tutor_flag="tutor" team_role="0">
      <Skills>
        <Skill category="algebra_in_pictures_I" occurrences="2" name="representations"/>
        <Skill category="algebra_in_pictures_I" occurrences="1" name="id_unknown"/>
        <Skill category="algebra_in_pictures_I" occurrences="1" name="find_sum_of_parts"/>
        <Skill category="algebra_in_pictures_I" occurrences="1" name="solve_equation"/>
        <Skill category="algebra_in_pictures_I" occurrences="2" name="setup_equation"/>
        <Skill category="algebra_in_pictures_I" occurrences="1" name="id_given"/>
      </Skills>
    </Problem>
    <Problem selection_features="" problem_file="02football.brd" description="Football" student_interface="6.03_2cats_sum.swf" label="Football" name="02 Football" student_interface_class="" tutor_flag="tutor" team_role="0">
      <Skills>
        <Skill category="algebra_in_pictures_I" occurrences="2" name="representations"/>
        <Skill category="algebra_in_pictures_I" occurrences="1" name="id_unknown"/>
        <Skill category="algebra_in_pictures_I" occurrences="1" name="find_sum_of_parts"/>
        <Skill category="algebra_in_pictures_I" occurrences="1" name="solve_equation"/>
        <Skill category="algebra_in_pictures_I" occurrences="2" name="setup_equation"/>
        <Skill category="algebra_in_pictures_I" occurrences="1" name="id_given"/>
      </Skills>
    </Problem>
    <Problem selection_features="" problem_file="03facepage.brd" description="Facepage" student_interface="6.03_2cats_sum.swf" label="Facepage" name="03 Facepage" student_interface_class="" tutor_flag="tutor" team_role="0">
      <Skills>
        <Skill category="algebra_in_pictures_I" occurrences="2" name="representations"/>
        <Skill category="algebra_in_pictures_I" occurrences="1" name="id_unknown"/>
        <Skill category="algebra_in_pictures_I" occurrences="1" name="find_sum_of_parts"/>
        <Skill category="algebra_in_pictures_I" occurrences="1" name="solve_equation"/>
        <Skill category="algebra_in_pictures_I" occurrences="2" name="setup_equation"/>
        <Skill category="algebra_in_pictures_I" occurrences="1" name="id_given"/>
      </Skills>
    </Problem>
    <Problem selection_features="" problem_file="04drinks.brd" description="Drinks" student_interface="6.03_2cats_sum.swf" label="Drinks" name="04 Drinks" student_interface_class="" tutor_flag="tutor" team_role="0">
      <Skills>
        <Skill category="algebra_in_pictures_I" occurrences="2" name="representations"/>
        <Skill category="algebra_in_pictures_I" occurrences="1" name="id_unknown"/>
        <Skill category="algebra_in_pictures_I" occurrences="1" name="find_sum_of_parts"/>
        <Skill category="algebra_in_pictures_I" occurrences="1" name="solve_equation"/>
        <Skill category="algebra_in_pictures_I" occurrences="2" name="setup_equation"/>
        <Skill category="algebra_in_pictures_I" occurrences="1" name="id_given"/>
      </Skills>
    </Problem>
    <Problem selection_features="" problem_file="05texts.brd" description="Text Messaging" student_interface="6.03_2cats_sum.swf" label="Text Messaging" name="05 Text Messaging" student_interface_class="" tutor_flag="tutor" team_role="0">
      <Skills>
        <Skill category="algebra_in_pictures_I" occurrences="2" name="representations"/>
        <Skill category="algebra_in_pictures_I" occurrences="1" name="id_unknown"/>
        <Skill category="algebra_in_pictures_I" occurrences="1" name="find_sum_of_parts"/>
        <Skill category="algebra_in_pictures_I" occurrences="1" name="solve_equation"/>
        <Skill category="algebra_in_pictures_I" occurrences="2" name="setup_equation"/>
        <Skill category="algebra_in_pictures_I" occurrences="1" name="id_given"/>
      </Skills>
    </Problem>
    <Problem selection_features="" problem_file="06strings.brd" description="Strings" student_interface="6.03_3cats_sum.swf" label="Strings" name="06 Strings" student_interface_class="" tutor_flag="tutor" team_role="0">
      <Skills>
        <Skill category="algebra_in_pictures_I" occurrences="3" name="representations"/>
        <Skill category="algebra_in_pictures_I" occurrences="1" name="id_unknown"/>
        <Skill category="algebra_in_pictures_I" occurrences="2" name="find_sum_of_parts"/>
        <Skill category="algebra_in_pictures_I" occurrences="1" name="solve_equation"/>
        <Skill category="algebra_in_pictures_I" occurrences="2" name="setup_equation"/>
        <Skill category="algebra_in_pictures_I" occurrences="1" name="id_given"/>
      </Skills>
    </Problem>
    <Problem selection_features="" problem_file="07cans.brd" description="Collecting Cans" student_interface="6.03_3cats_sum.swf" label="Collecting Cans" name="07 Collecting Cans" student_interface_class="" tutor_flag="tutor" team_role="0">
      <Skills>
        <Skill category="algebra_in_pictures_I" occurrences="3" name="representations"/>
        <Skill category="algebra_in_pictures_I" occurrences="1" name="id_unknown"/>
        <Skill category="algebra_in_pictures_I" occurrences="2" name="find_sum_of_parts"/>
        <Skill category="algebra_in_pictures_I" occurrences="1" name="solve_equation"/>
        <Skill category="algebra_in_pictures_I" occurrences="2" name="setup_equation"/>
        <Skill category="algebra_in_pictures_I" occurrences="1" name="id_given"/>
      </Skills>
    </Problem>
    <Problem selection_features="" problem_file="08president.brd" description="Class President" student_interface="6.03_3cats_sum.swf" label="Class President" name="08 Class President" student_interface_class="" tutor_flag="tutor" team_role="0">
      <Skills>
        <Skill category="algebra_in_pictures_I" occurrences="3" name="representations"/>
        <Skill category="algebra_in_pictures_I" occurrences="1" name="id_unknown"/>
        <Skill category="algebra_in_pictures_I" occurrences="2" name="find_sum_of_parts"/>
        <Skill category="algebra_in_pictures_I" occurrences="1" name="solve_equation"/>
        <Skill category="algebra_in_pictures_I" occurrences="2" name="setup_equation"/>
        <Skill category="algebra_in_pictures_I" occurrences="1" name="id_given"/>
      </Skills>
    </Problem>
    <Problem selection_features="" problem_file="09schoolbus.brd" description="Schoolbus" student_interface="6.03_2cats_sum.swf" label="Schoolbus" name="09 Schoolbus" student_interface_class="" tutor_flag="tutor" team_role="0">
      <Skills>
        <Skill category="algebra_in_pictures_I" occurrences="2" name="representations"/>
        <Skill category="algebra_in_pictures_I" occurrences="1" name="id_unknown"/>
        <Skill category="algebra_in_pictures_I" occurrences="1" name="find_sum_of_parts"/>
        <Skill category="algebra_in_pictures_I" occurrences="1" name="solve_equation"/>
        <Skill category="algebra_in_pictures_I" occurrences="2" name="setup_equation"/>
        <Skill category="algebra_in_pictures_I" occurrences="1" name="id_given"/>
      </Skills>
    </Problem>
    <Problem selection_features="" problem_file="10popstar.brd" description="Popstar Finalists" student_interface="6.03_3cats_sum.swf" label="Popstar Finalists" name="10 Popstar Finalists" student_interface_class="" tutor_flag="tutor" team_role="0">
      <Skills>
        <Skill category="algebra_in_pictures_I" occurrences="3" name="representations"/>
        <Skill category="algebra_in_pictures_I" occurrences="1" name="id_unknown"/>
        <Skill category="algebra_in_pictures_I" occurrences="2" name="find_sum_of_parts"/>
        <Skill category="algebra_in_pictures_I" occurrences="1" name="solve_equation"/>
        <Skill category="algebra_in_pictures_I" occurrences="2" name="setup_equation"/>
        <Skill category="algebra_in_pictures_I" occurrences="1" name="id_given"/>
      </Skills>
    </Problem>
  </Problems>
  <Categories>
    <Collection category="" description="Released Problem Sets" parent_category="" label="Released Problem Sets" parent_name="" name="general"/>
    <Standard category="standard" description="PA Assessment Anchors" parent_category="" label="PA Assessment Anchors" parent_name="" name="PA"/>
    <Standard category="standard" description="NCTM Curriculum Focal Points" parent_category="" label="NCTM Curriculum Focal Points" parent_name="" name="NCTM"/>
    <Standard category="standard" description="Common Core Standards" parent_category="" label="Common Core Standards" parent_name="" name="CommonCore"/>
    <Standard category="standard" description="Student Standards" parent_category="" label="Problem Set Categories" parent_name="" name="Student"/>
    <Grade category="" description="4th Grade" parent_category="" label="4th Grade" parent_name="" name="4"/>
    <Grade category="" description="5th Grade" parent_category="" label="5th Grade" parent_name="" name="5"/>
    <Grade category="" description="6th Grade" parent_category="" label="6th Grade" parent_name="" name="6"/>
    <Grade category="" description="7th Grade" parent_category="" label="7th Grade" parent_name="" name="7"/>
    <Standard category="reporting_category" description="D. Algebraic Concepts" parent_category="standard" label="D. Algebraic Concepts" parent_name="PA" name="PA.D"/>
    <Standard category="assessment_anchor" description="D.2. Represent and/or analyze mathematical situations and structures using algebraic symbols, words, tables, and graphs." parent_category="reporting_category" label="D.2. Represent Situations and Structures" parent_name="PA.D" name="PA.D.2"/>
    <Standard category="strand" description="B. Algebra" parent_category="standard" label="B. Algebra" parent_name="NCTM" name="NCTM.B"/>
    <Standard category="grade_level" description="4th grade" parent_category="standard" label="4th Grade" parent_name="CommonCore" name="CommonCore.4"/>
    <Standard category="strand" description="4.OA. Operations and Algebraic Thinking" parent_category="grade_level" label="4.OA. Operations and Algebraic Thinking" parent_name="CommonCore.4" name="CommonCore.4.OA"/>
    <Standard category="strand" description="Solving Word Problems with Pictures" parent_category="standard" label="Solving Word Problems with Pictures" parent_name="Student" name="Student.SWPP"/>
  </Categories>
  <Skills>
    <Skill category="algebra_in_pictures_I" pKnown="0.1" description="Student is able to sum the parts into the final answer." pLearn="0.15" label="Find Sum of Parts" name="find_sum_of_parts" pGuess="0.2" pSlip="0.1"/>
    <Skill category="algebra_in_pictures_I" pKnown="0.2" description="Student is able to show the total and differences given in the introduction in the bar representations." pLearn="0.1" label="Identify Given Values" name="id_given" pGuess="0.2" pSlip="0.1"/>
    <Skill category="algebra_in_pictures_I" pKnown="0.1" description="Student is able to identify the part of the bars with an unknown value." pLearn="0.15" label="Identify Unknown Part" name="id_unknown" pGuess="0.2" pSlip="0.1"/>
    <Skill category="algebra_in_pictures_I" pKnown="0.1" description="Student is able to map quantities given in the introduction to the length of bar representations." pLearn="0.1" label="Interpret Representations" name="representations" pGuess="0.2" pSlip="0.1"/>
    <Skill category="algebra_in_pictures_I" pKnown="0.1" description="Student is able to construct an equation with a pictorial variable." pLearn="0.1" label="Set-up Equation" name="setup_equation" pGuess="0.2" pSlip="0.1"/>
    <Skill category="algebra_in_pictures_I" pKnown="0.25" description="Student is able to solve an equation using division." pLearn="0.2" label="Solve Equation" name="solve_equation" pGuess="0.2" pSlip="0.1"/>
  </Skills>
  <Assets>
  </Assets>
</ProblemSet>
