<?xml version="1.0" encoding="UTF-8"?>
<ProblemSet initial_sequence="0" selection_algorithm="sequential" max_count="1000" description="Asks student to use a scale factor to find missing side lengths on similar triangles." max_repeat="1" label="6.34 Similar Triangles" team_size="1" name="6.34" picture="">
  <Problems>
    <Problem selection_features="" problem_file="fadedt2.brd" description="Similar triangles WBG and NVQ" student_interface="SimilarTriangles.swf" label="Similar triangles WBG and NVQ" name="Problem 2" student_interface_class="" tutor_flag="tutor" team_role="0">
      <Skills>
        <Skill category="SimilarTriangles" occurrences="2" name="Identify_similar_side"/>
        <Skill category="SimilarTriangles" occurrences="1" name="Apply_scale_factor_mult"/>
        <Skill category="SimilarTriangles" occurrences="3" name="Identify_scale_factor"/>
      </Skills>
    </Problem>
    <Problem selection_features="" problem_file="fadedt3.brd" description="Similar triangles HKM and ICE" student_interface="SimilarTriangles.swf" label="Similar triangles HKM and ICE" name="Problem 3" student_interface_class="" tutor_flag="tutor" team_role="0">
      <Skills>
        <Skill category="SimilarTriangles" occurrences="2" name="Identify_similar_side"/>
        <Skill category="SimilarTriangles" occurrences="1" name="Apply_scale_factor_mult"/>
        <Skill category="SimilarTriangles" occurrences="3" name="Identify_scale_factor"/>
      </Skills>
    </Problem>
    <Problem selection_features="" problem_file="fadedt4.brd" description="Similar triangles SIP and LUV" student_interface="SimilarTriangles.swf" label="Similar triangles SIP and LUV" name="Problem 4" student_interface_class="" tutor_flag="tutor" team_role="0">
      <Skills>
        <Skill category="SimilarTriangles" occurrences="2" name="Identify_similar_side"/>
        <Skill category="SimilarTriangles" occurrences="1" name="Apply_scale_factor_mult"/>
        <Skill category="SimilarTriangles" occurrences="3" name="Identify_scale_factor"/>
      </Skills>
    </Problem>
    <Problem selection_features="" problem_file="t5.brd" description="Similar triangles TRE and GMB" student_interface="SimilarTriangles.swf" label="Similar triangles TRE and GMB" name="Problem 5" student_interface_class="" tutor_flag="tutor" team_role="0">
      <Skills>
        <Skill category="SimilarTriangles" occurrences="2" name="Identify_similar_side"/>
        <Skill category="SimilarTriangles" occurrences="1" name="Apply_scale_factor_mult"/>
        <Skill category="SimilarTriangles" occurrences="3" name="Identify_scale_factor"/>
      </Skills>
    </Problem>
    <Problem selection_features="" problem_file="t6.brd" description="Similar triangles HPY and BAD" student_interface="SimilarTriangles.swf" label="Similar triangles HPY and BAD" name="Problem 6" student_interface_class="" tutor_flag="tutor" team_role="0">
      <Skills>
        <Skill category="SimilarTriangles" occurrences="2" name="Identify_similar_side"/>
        <Skill category="SimilarTriangles" occurrences="1" name="Apply_scale_factor_mult"/>
        <Skill category="SimilarTriangles" occurrences="3" name="Identify_scale_factor"/>
      </Skills>
    </Problem>
    <Problem selection_features="" problem_file="t7.brd" description="Similar triangles RPG and CJE" student_interface="SimilarTriangles.swf" label="Similar triangles RPG and CJE" name="Problem 7" student_interface_class="" tutor_flag="tutor" team_role="0">
      <Skills>
        <Skill category="SimilarTriangles" occurrences="2" name="Identify_similar_side"/>
        <Skill category="SimilarTriangles" occurrences="1" name="Apply_scale_factor_mult"/>
        <Skill category="SimilarTriangles" occurrences="3" name="Identify_scale_factor"/>
      </Skills>
    </Problem>
    <Problem selection_features="" problem_file="t8.brd" description="Similar triangles PNK and SRC" student_interface="SimilarTriangles.swf" label="Similar triangles PNK and SRC" name="Problem 8" student_interface_class="" tutor_flag="tutor" team_role="0">
      <Skills>
        <Skill category="SimilarTriangles" occurrences="2" name="Identify_similar_side"/>
        <Skill category="SimilarTriangles" occurrences="1" name="Apply_scale_factor_mult"/>
        <Skill category="SimilarTriangles" occurrences="3" name="Identify_scale_factor"/>
      </Skills>
    </Problem>
    <Problem selection_features="" problem_file="t9.brd" description="Similar triangles ABC and LRF" student_interface="SimilarTriangles.swf" label="Similar triangles ABC and LRF" name="Problem 9" student_interface_class="" tutor_flag="tutor" team_role="0">
      <Skills>
        <Skill category="SimilarTriangles" occurrences="2" name="Identify_similar_side"/>
        <Skill category="SimilarTriangles" occurrences="1" name="Apply_scale_factor_mult"/>
        <Skill category="SimilarTriangles" occurrences="3" name="Identify_scale_factor"/>
        <Skill category="SimilarTriangles" occurrences="1" name="Apply_scale_factor_div"/>
      </Skills>
    </Problem>
    <Problem selection_features="" problem_file="t10.brd" description="Similar triangles JLK and BAH" student_interface="SimilarTriangles.swf" label="Similar triangles JLK and BAH" name="Problem 10" student_interface_class="" tutor_flag="tutor" team_role="0">
      <Skills>
        <Skill category="SimilarTriangles" occurrences="2" name="Identify_similar_side"/>
        <Skill category="SimilarTriangles" occurrences="1" name="Apply_scale_factor_mult"/>
        <Skill category="SimilarTriangles" occurrences="3" name="Identify_scale_factor"/>
        <Skill category="SimilarTriangles" occurrences="1" name="Apply_scale_factor_div"/>
      </Skills>
    </Problem>
    <Problem selection_features="" problem_file="t11.brd" description="Similar triangles TAB and DOG" student_interface="SimilarTriangles.swf" label="Similar triangles TAB and DOG" name="Problem 11" student_interface_class="" tutor_flag="tutor" team_role="0">
      <Skills>
        <Skill category="SimilarTriangles" occurrences="2" name="Identify_similar_side"/>
        <Skill category="SimilarTriangles" occurrences="1" name="Apply_scale_factor_mult"/>
        <Skill category="SimilarTriangles" occurrences="3" name="Identify_scale_factor"/>
        <Skill category="SimilarTriangles" occurrences="1" name="Apply_scale_factor_div"/>
      </Skills>
    </Problem>
    <Problem selection_features="" problem_file="t12.brd" description="Similar triangles YIB and OAT" student_interface="SimilarTriangles.swf" label="Similar triangles YIB and OAT" name="Problem 12" student_interface_class="" tutor_flag="tutor" team_role="0">
      <Skills>
        <Skill category="SimilarTriangles" occurrences="2" name="Identify_similar_side"/>
        <Skill category="SimilarTriangles" occurrences="1" name="Apply_scale_factor_mult"/>
        <Skill category="SimilarTriangles" occurrences="3" name="Identify_scale_factor"/>
        <Skill category="SimilarTriangles" occurrences="1" name="Apply_scale_factor_div"/>
      </Skills>
    </Problem>
    <Problem selection_features="" problem_file="t13.brd" description="Similar triangles FOR and SUM" student_interface="SimilarTriangles.swf" label="Similar triangles FOR and SUM" name="Problem 13" student_interface_class="" tutor_flag="tutor" team_role="0">
      <Skills>
        <Skill category="SimilarTriangles" occurrences="2" name="Identify_similar_side"/>
        <Skill category="SimilarTriangles" occurrences="1" name="Apply_scale_factor_mult"/>
        <Skill category="SimilarTriangles" occurrences="3" name="Identify_scale_factor"/>
      </Skills>
    </Problem>
    <Problem selection_features="" problem_file="t14.brd" description="Similar triangles LIM and KWY" student_interface="SimilarTriangles.swf" label="Similar triangles LIM and KWY" name="Problem 14" student_interface_class="" tutor_flag="tutor" team_role="0">
      <Skills>
        <Skill category="SimilarTriangles" occurrences="2" name="Identify_similar_side"/>
        <Skill category="SimilarTriangles" occurrences="1" name="Apply_scale_factor_mult"/>
        <Skill category="SimilarTriangles" occurrences="3" name="Identify_scale_factor"/>
      </Skills>
    </Problem>
    <Problem selection_features="" problem_file="t15.brd" description="Similar triangles HOT and WRM" student_interface="SimilarTriangles.swf" label="Similar triangles HOT and WRM" name="Problem 15" student_interface_class="" tutor_flag="tutor" team_role="0">
      <Skills>
        <Skill category="SimilarTriangles" occurrences="2" name="Identify_similar_side"/>
        <Skill category="SimilarTriangles" occurrences="1" name="Apply_scale_factor_mult"/>
        <Skill category="SimilarTriangles" occurrences="3" name="Identify_scale_factor"/>
      </Skills>
    </Problem>
    <Problem selection_features="" problem_file="t16.brd" description="Similar triangles WAG and FLP" student_interface="SimilarTriangles.swf" label="Similar triangles WAG and FLP" name="Problem 16" student_interface_class="" tutor_flag="tutor" team_role="0">
      <Skills>
        <Skill category="SimilarTriangles" occurrences="2" name="Identify_similar_side"/>
        <Skill category="SimilarTriangles" occurrences="1" name="Apply_scale_factor_mult"/>
        <Skill category="SimilarTriangles" occurrences="3" name="Identify_scale_factor"/>
      </Skills>
    </Problem>
    <Problem selection_features="" problem_file="t17.brd" description="Similar triangles JMK and YER" student_interface="SimilarTriangles.swf" label="Similar triangles JMK and YER" name="Problem 17" student_interface_class="" tutor_flag="tutor" team_role="0">
      <Skills>
        <Skill category="SimilarTriangles" occurrences="2" name="Identify_similar_side"/>
        <Skill category="SimilarTriangles" occurrences="1" name="Apply_scale_factor_mult"/>
        <Skill category="SimilarTriangles" occurrences="3" name="Identify_scale_factor"/>
        <Skill category="SimilarTriangles" occurrences="1" name="Apply_scale_factor_div"/>
      </Skills>
    </Problem>
    <Problem selection_features="" problem_file="t18.brd" description="Similar triangles XVY and TWZ" student_interface="SimilarTriangles.swf" label="Similar triangles XVY and TWZ" name="Problem 18" student_interface_class="" tutor_flag="tutor" team_role="0">
      <Skills>
        <Skill category="SimilarTriangles" occurrences="2" name="Identify_similar_side"/>
        <Skill category="SimilarTriangles" occurrences="1" name="Apply_scale_factor_mult"/>
        <Skill category="SimilarTriangles" occurrences="3" name="Identify_scale_factor"/>
        <Skill category="SimilarTriangles" occurrences="1" name="Apply_scale_factor_div"/>
      </Skills>
    </Problem>
    <Problem selection_features="" problem_file="t19.brd" description="Similar triangles GEN and LHS" student_interface="SimilarTriangles.swf" label="Similar triangles GEN and LHS" name="Problem 19" student_interface_class="" tutor_flag="tutor" team_role="0">
      <Skills>
        <Skill category="SimilarTriangles" occurrences="2" name="Identify_similar_side"/>
        <Skill category="SimilarTriangles" occurrences="1" name="Apply_scale_factor_div"/>
        <Skill category="SimilarTriangles" occurrences="3" name="Identify_scale_factor"/>
        <Skill category="SimilarTriangles" occurrences="1" name="Apply_scale_factor_mult"/>
      </Skills>
    </Problem>
    <Problem selection_features="" problem_file="t20.brd" description="Similar triangles THD and PVC" student_interface="SimilarTriangles.swf" label="Similar triangles THD and PVC" name="Problem 20" student_interface_class="" tutor_flag="tutor" team_role="0">
      <Skills>
        <Skill category="SimilarTriangles" occurrences="2" name="Identify_similar_side"/>
        <Skill category="SimilarTriangles" occurrences="1" name="Apply_scale_factor_div"/>
        <Skill category="SimilarTriangles" occurrences="3" name="Identify_scale_factor"/>
        <Skill category="SimilarTriangles" occurrences="1" name="Apply_scale_factor_mult"/>
      </Skills>
    </Problem>
    <Problem selection_features="" problem_file="t21.brd" description="Similar triangles LAB and THY" student_interface="SimilarTriangles.swf" label="Similar triangles LAB and THY" name="Problem 21" student_interface_class="" tutor_flag="tutor" team_role="0">
      <Skills>
        <Skill category="SimilarTriangles" occurrences="2" name="Identify_similar_side"/>
        <Skill category="SimilarTriangles" occurrences="1" name="Apply_scale_factor_mult"/>
        <Skill category="SimilarTriangles" occurrences="3" name="Identify_scale_factor"/>
      </Skills>
    </Problem>
    <Problem selection_features="" problem_file="t22.brd" description="Similar triangles AIR and WND" student_interface="SimilarTriangles.swf" label="Similar triangles AIR and WND" name="Problem 22" student_interface_class="" tutor_flag="tutor" team_role="0">
      <Skills>
        <Skill category="SimilarTriangles" occurrences="2" name="Identify_similar_side"/>
        <Skill category="SimilarTriangles" occurrences="1" name="Apply_scale_factor_div"/>
        <Skill category="SimilarTriangles" occurrences="3" name="Identify_scale_factor"/>
      </Skills>
    </Problem>
    <Problem selection_features="" problem_file="t23.brd" description="Similar triangles SAT and ZRN" student_interface="SimilarTriangles.swf" label="Similar triangles SAT and ZRN" name="Problem 23" student_interface_class="" tutor_flag="tutor" team_role="0">
      <Skills>
        <Skill category="SimilarTriangles" occurrences="2" name="Identify_similar_side"/>
        <Skill category="SimilarTriangles" occurrences="1" name="Apply_scale_factor_div"/>
        <Skill category="SimilarTriangles" occurrences="3" name="Identify_scale_factor"/>
      </Skills>
    </Problem>
    <Problem selection_features="" problem_file="t24.brd" description="Similar triangles AEI and OUY" student_interface="SimilarTriangles.swf" label="Similar triangles AEI and OUY" name="Problem 24" student_interface_class="" tutor_flag="tutor" team_role="0">
      <Skills>
        <Skill category="SimilarTriangles" occurrences="2" name="Identify_similar_side"/>
        <Skill category="SimilarTriangles" occurrences="1" name="Apply_scale_factor_div"/>
        <Skill category="SimilarTriangles" occurrences="3" name="Identify_scale_factor"/>
      </Skills>
    </Problem>
    <Problem selection_features="" problem_file="t25.brd" description="Similar triangles TEA and SPN" student_interface="SimilarTriangles.swf" label="Similar triangles TEA and SPN" name="Problem 25" student_interface_class="" tutor_flag="tutor" team_role="0">
      <Skills>
        <Skill category="SimilarTriangles" occurrences="2" name="Identify_similar_side"/>
        <Skill category="SimilarTriangles" occurrences="1" name="Apply_scale_factor_mult"/>
        <Skill category="SimilarTriangles" occurrences="3" name="Identify_scale_factor"/>
      </Skills>
    </Problem>
    <Problem selection_features="" problem_file="t26.brd" description="Similar triangles ILY and BAH" student_interface="SimilarTriangles.swf" label="Similar triangles ILY and BAH" name="Problem 26" student_interface_class="" tutor_flag="tutor" team_role="0">
      <Skills>
        <Skill category="SimilarTriangles" occurrences="2" name="Identify_similar_side"/>
        <Skill category="SimilarTriangles" occurrences="1" name="Apply_scale_factor_mult"/>
        <Skill category="SimilarTriangles" occurrences="3" name="Identify_scale_factor"/>
      </Skills>
    </Problem>
    <Problem selection_features="" problem_file="t27.brd" description="Similar triangles VAI and ESP" student_interface="SimilarTriangles.swf" label="Similar triangles VAI and ESP" name="Problem 27" student_interface_class="" tutor_flag="tutor" team_role="0">
      <Skills>
        <Skill category="SimilarTriangles" occurrences="2" name="Identify_similar_side"/>
        <Skill category="SimilarTriangles" occurrences="1" name="Apply_scale_factor_mult"/>
        <Skill category="SimilarTriangles" occurrences="3" name="Identify_scale_factor"/>
      </Skills>
    </Problem>
    <Problem selection_features="" problem_file="t28.brd" description="Similar triangles SLO and TAI" student_interface="SimilarTriangles.swf" label="Similar triangles SLO and TAI" name="Problem 28" student_interface_class="" tutor_flag="tutor" team_role="0">
      <Skills>
        <Skill category="SimilarTriangles" occurrences="2" name="Identify_similar_side"/>
        <Skill category="SimilarTriangles" occurrences="1" name="Apply_scale_factor_mult"/>
        <Skill category="SimilarTriangles" occurrences="3" name="Identify_scale_factor"/>
      </Skills>
    </Problem>
    <Problem selection_features="" problem_file="t29.brd" description="Similar triangles SIM and PEL" student_interface="SimilarTriangles.swf" label="Similar triangles SIM and PEL" name="Problem 29" student_interface_class="" tutor_flag="tutor" team_role="0">
      <Skills>
        <Skill category="SimilarTriangles" occurrences="2" name="Identify_similar_side"/>
        <Skill category="SimilarTriangles" occurrences="1" name="Apply_scale_factor_div"/>
        <Skill category="SimilarTriangles" occurrences="3" name="Identify_scale_factor"/>
        <Skill category="SimilarTriangles" occurrences="1" name="Apply_scale_factor_mult"/>
      </Skills>
    </Problem>
    <Problem selection_features="" problem_file="t30.brd" description="Similar triangles GAR and YEC" student_interface="SimilarTriangles.swf" label="Similar triangles GAR and YEC" name="Problem 30" student_interface_class="" tutor_flag="tutor" team_role="0">
      <Skills>
        <Skill category="SimilarTriangles" occurrences="2" name="Identify_similar_side"/>
        <Skill category="SimilarTriangles" occurrences="1" name="Apply_scale_factor_mult"/>
        <Skill category="SimilarTriangles" occurrences="3" name="Identify_scale_factor"/>
      </Skills>
    </Problem>
    <Problem selection_features="" problem_file="t31.brd" description="Similar triangles DYL and ANS" student_interface="SimilarTriangles.swf" label="Similar triangles DYL and ANS" name="Problem 31" student_interface_class="" tutor_flag="tutor" team_role="0">
      <Skills>
        <Skill category="SimilarTriangles" occurrences="2" name="Identify_similar_side"/>
        <Skill category="SimilarTriangles" occurrences="1" name="Apply_scale_factor_mult"/>
        <Skill category="SimilarTriangles" occurrences="3" name="Identify_scale_factor"/>
      </Skills>
    </Problem>
    <Problem selection_features="" problem_file="t32.brd" description="Similar triangles BOW and LIN" student_interface="SimilarTriangles.swf" label="Similar triangles BOW and LIN" name="Problem 32" student_interface_class="" tutor_flag="tutor" team_role="0">
      <Skills>
        <Skill category="SimilarTriangles" occurrences="2" name="Identify_similar_side"/>
        <Skill category="SimilarTriangles" occurrences="1" name="Apply_scale_factor_mult"/>
        <Skill category="SimilarTriangles" occurrences="3" name="Identify_scale_factor"/>
      </Skills>
    </Problem>
  </Problems>
  <Categories>
    <Collection category="" description="Released Problem Sets" parent_category="" label="Released Problem Sets" parent_name="" name="general"/>
    <Standard category="standard" description="PA Assessment Anchors" parent_category="" label="PA Assessment Anchors" parent_name="" name="PA"/>
    <Standard category="standard" description="NCTM Curriculum Focal Points" parent_category="" label="NCTM Curriculum Focal Points" parent_name="" name="NCTM"/>
    <Standard category="standard" description="Common Core Standards" parent_category="" label="Common Core Standards" parent_name="" name="CommonCore"/>
    <Standard category="standard" description="Student Standards" parent_category="" label="Problem Set Categories" parent_name="" name="Student"/>
    <Grade category="" description="6th Grade" parent_category="" label="6th Grade" parent_name="" name="6"/>
    <Grade category="" description="7th Grade" parent_category="" label="7th Grade" parent_name="" name="7"/>
    <Standard category="reporting_category" description="B. Measurement" parent_category="standard" label="B. Measurement" parent_name="PA" name="PA.B"/>
    <Standard category="assessment_anchor" description="B.2. Apply appropriate techniques, tools and formulas to determine measurements." parent_category="reporting_category" label="B.2. Techniques, Tools and Formulas" parent_name="PA.B" name="PA.B.2"/>
    <Standard category="strand" description="C. Geometry" parent_category="standard" label="C. Geometry" parent_name="NCTM" name="NCTM.C"/>
    <Standard category="strand" description="D. Measurement" parent_category="standard" label="D. Measurement" parent_name="NCTM" name="NCTM.D"/>
    <Standard category="grade_level" description="7th Grade" parent_category="standard" label="7th Grade" parent_name="CommonCore" name="CommonCore.7"/>
    <Standard category="strand" description="7.RP. Ratios and Proportional Relationships" parent_category="grade_level" label="7.RP. Ratios and Proportional Relationships" parent_name="CommonCore.7" name="CommonCore.7.RP"/>
    <Standard category="strand" description="Student.Usfr" parent_category="standard" label="Student.Usfr" parent_name="Student" name="Student.USFR"/>
  </Categories>
  <Skills>
    <Skill category="SimilarTriangles" pKnown="0.2" description="Apply_scale_factor_div" pLearn="0.15" label="Apply_scale_factor_div" name="Apply_scale_factor_div" pGuess="0.2" pSlip="0.1"/>
    <Skill category="SimilarTriangles" pKnown="0.2" description="Apply_scale_factor_mult" pLearn="0.15" label="Apply_scale_factor_mult" name="Apply_scale_factor_mult" pGuess="0.2" pSlip="0.1"/>
    <Skill category="SimilarTriangles" pKnown="0.2" description="Identify_scale_factor" pLearn="0.15" label="Identify_scale_factor" name="Identify_scale_factor" pGuess="0.2" pSlip="0.1"/>
    <Skill category="SimilarTriangles" pKnown="0.2" description="Identify_similar_side" pLearn="0.15" label="Identify_similar_side" name="Identify_similar_side" pGuess="0.2" pSlip="0.1"/>
  </Skills>
  <Assets>
  </Assets>
</ProblemSet>
