<?xml version="1.0" encoding="UTF-8"?>
<ProblemSet initial_sequence="0" selection_algorithm="sequential" max_count="1000" description="Student must convert between exponent and expansion forms and then evaluate or simplify the expression." max_repeat="1" label="8.19 Converting Between Exponential Forms" team_size="1" name="8.19" picture="">
  <Problems>
    <Problem selection_features="" problem_file="1 Problem 2.brd" description="finding different forms (exponent/expansion) of variables" student_interface="exponent arithmetic interface section 1.swf" label="finding different forms (exponent/expansion) of variables" name="1 Problem 2" student_interface_class="" tutor_flag="tutor" team_role="0">
      <Skills>
      </Skills>
    </Problem>
    <Problem selection_features="" problem_file="2 Problem 1.brd" description="finding different forms (exponent/expansion) for expressions with two variables (values for some)" student_interface="exponent arithmetic interface section 2.swf" label="finding different forms (exponent/expansion) for expressions with two variables (values for some)" name="2 Problem 1" student_interface_class="" tutor_flag="tutor" team_role="0">
      <Skills>
      </Skills>
    </Problem>
    <Problem selection_features="" problem_file="1 Problem 3.brd" description="finding different forms (exponent/expansion) of variables with a constant attached" student_interface="exponent arithmetic interface section 1.swf" label="finding different forms (exponent/expansion) of variables with a constant attached" name="1 Problem 3" student_interface_class="" tutor_flag="tutor" team_role="0">
      <Skills>
      </Skills>
    </Problem>
    <Problem selection_features="" problem_file="1 Problem 4.brd" description="finding different forms (exponent/expansion) and some values of an expression (numbers/variables/mixed)" student_interface="exponent arithmetic interface section 1.swf" label="finding different forms (exponent/expansion) and some values of an expression (numbers/variables/mixed)" name="1 Problem 4" student_interface_class="" tutor_flag="tutor" team_role="0">
      <Skills>
      </Skills>
    </Problem>
    <Problem selection_features="" problem_file="1 Problem 5.brd" description="finding different forms (exponent/expansion) and some values of an expression (numbers/variables/mixed)" student_interface="exponent arithmetic interface section 1.swf" label="finding different forms (exponent/expansion) and some values of an expression (numbers/variables/mixed)" name="1 Problem 5" student_interface_class="" tutor_flag="tutor" team_role="0">
      <Skills>
      </Skills>
    </Problem>
    <Problem selection_features="" problem_file="1 Problem 6.brd" description="finding different forms (exponent/expansion) and some values of an expression (numbers/variables/mixed)" student_interface="exponent arithmetic interface section 1.swf" label="finding different forms (exponent/expansion) and some values of an expression (numbers/variables/mixed)" name="1 Problem 6" student_interface_class="" tutor_flag="tutor" team_role="0">
      <Skills>
      </Skills>
    </Problem>
    <Problem selection_features="" problem_file="1 Problem 7.brd" description="finding different forms (exponent/expansion) and some values of an expression (numbers/variables/mixed)" student_interface="exponent arithmetic interface section 1.swf" label="finding different forms (exponent/expansion) and some values of an expression (numbers/variables/mixed)" name="1 Problem 7" student_interface_class="" tutor_flag="tutor" team_role="0">
      <Skills>
      </Skills>
    </Problem>
    <Problem selection_features="" problem_file="2 Problem 2.brd" description="finding different forms (exponent/expansion) for expressions with two variables (values for some)" student_interface="exponent arithmetic interface section 2.swf" label="finding different forms (exponent/expansion) for expressions with two variables (values for some)" name="2 Problem 2" student_interface_class="" tutor_flag="tutor" team_role="0">
      <Skills>
      </Skills>
    </Problem>
    <Problem selection_features="" problem_file="2 Problem 3.brd" description="finding different forms (exponent/expansion) for expressions with two variables (values for some)" student_interface="exponent arithmetic interface section 2.swf" label="finding different forms (exponent/expansion) for expressions with two variables (values for some)" name="2 Problem 3" student_interface_class="" tutor_flag="tutor" team_role="0">
      <Skills>
      </Skills>
    </Problem>
    <Problem selection_features="" problem_file="2 Problem 4.brd" description="finding different forms (exponent/expansion) for expressions with two variables (values for some)" student_interface="exponent arithmetic interface section 2.swf" label="finding different forms (exponent/expansion) for expressions with two variables (values for some)" name="2 Problem 4" student_interface_class="" tutor_flag="tutor" team_role="0">
      <Skills>
      </Skills>
    </Problem>
    <Problem selection_features="" problem_file="2 Problem 5.brd" description="finding different forms (exponent/expansion) for expressions with two variables (values for some)" student_interface="exponent arithmetic interface section 2.swf" label="finding different forms (exponent/expansion) for expressions with two variables (values for some)" name="2 Problem 5" student_interface_class="" tutor_flag="tutor" team_role="0">
      <Skills>
      </Skills>
    </Problem>
    <Problem selection_features="" problem_file="2 Problem 6.brd" description="finding different forms (exponent/expansion) for expressions with two variables (values for some)" student_interface="exponent arithmetic interface section 2.swf" label="finding different forms (exponent/expansion) for expressions with two variables (values for some)" name="2 Problem 6" student_interface_class="" tutor_flag="tutor" team_role="0">
      <Skills>
      </Skills>
    </Problem>
    <Problem selection_features="" problem_file="2 Problem 7.brd" description="finding different forms (exponent/expansion) for expressions with two variables (values for some)" student_interface="exponent arithmetic interface section 2.swf" label="finding different forms (exponent/expansion) for expressions with two variables (values for some)" name="2 Problem 7" student_interface_class="" tutor_flag="tutor" team_role="0">
      <Skills>
      </Skills>
    </Problem>
    <Problem selection_features="" problem_file="2 Problem 8.brd" description="finding different forms (exponent/expansion) for expressions with two variables (values for some)" student_interface="exponent arithmetic interface section 2.swf" label="finding different forms (exponent/expansion) for expressions with two variables (values for some)" name="2 Problem 8" student_interface_class="" tutor_flag="tutor" team_role="0">
      <Skills>
      </Skills>
    </Problem>
  </Problems>
  <Categories>
    <Collection category="" description="Released Problem Sets" parent_category="" label="Released Problem Sets" parent_name="" name="general"/>
    <Standard category="standard" description="PA Assessment Anchors" parent_category="" label="PA Assessment Anchors" parent_name="" name="PA"/>
    <Standard category="standard" description="NCTM Curriculum Focal Points" parent_category="" label="NCTM Curriculum Focal Points" parent_name="" name="NCTM"/>
    <Standard category="standard" description="Common Core Standards" parent_category="" label="Common Core Standards" parent_name="" name="CommonCore"/>
    <Standard category="standard" description="Student Standards" parent_category="" label="Problem Set Categories" parent_name="" name="Student"/>
    <Grade category="" description="8th Grade" parent_category="" label="8th Grade" parent_name="" name="8"/>
    <Standard category="reporting_category" description="A. Numbers and Operations" parent_category="standard" label="A. Numbers and Operations" parent_name="PA" name="PA.A"/>
    <Standard category="assessment_anchor" description="A.1. Demonstrate an understanding of numbers, ways of representing numbers, relationships among numbers, and number systems." parent_category="reporting_category" label="A.1. Numbers: Representations, Relationships and Systems" parent_name="PA.A" name="PA.A.1"/>
    <Standard category="strand" description="A. Numbers and Operations" parent_category="standard" label="A. Numbers and Operations" parent_name="NCTM" name="NCTM.A"/>
    <Standard category="strand" description="B. Algebra" parent_category="standard" label="B. Algebra" parent_name="NCTM" name="NCTM.B"/>
    <Standard category="grade_level" description="8th Grade" parent_category="standard" label="8th Grade" parent_name="CommonCore" name="CommonCore.8"/>
    <Standard category="strand" description="8.EE. Expressions and Equations" parent_category="grade_level" label="8.EE. Expressions and Equations" parent_name="CommonCore.8" name="CommonCore.8.EE"/>
    <Standard category="strand" description="Working with Exponents" parent_category="standard" label="Working with Exponents" parent_name="Student" name="Student.WE"/>
  </Categories>
  <Skills>
  </Skills>
  <Assets>
  </Assets>
</ProblemSet>
