<?xml version="1.0" encoding="UTF-8"?>
<ProblemSet initial_sequence="0" selection_algorithm="sequential" max_count="1000" description="8.04" max_repeat="1" label="8.04 Finding the Point of Intersection" team_size="1" name="8.04" picture="">
  <Problems>
    <Problem selection_features="" problem_file="01balloons.brd" description="01balloons" student_interface="grapher_intersect.swf" label="01balloons" name="01 Filling Balloons" student_interface_class="" tutor_flag="tutor" team_role="0">
      <Skills>
        <Skill category="7_10_negative_slopes" occurrences="2" name="find_equation_with_negative_slope"/>
        <Skill category="7_10_negative_slopes" occurrences="1" name="calculate_y_given_x"/>
        <Skill category="7_10_negative_slopes" occurrences="5" name="name_units"/>
        <Skill category="7_10_negative_slopes" occurrences="1" name="plot_liniar_curve"/>
        <Skill category="7_10_negative_slopes" occurrences="1" name="plot_points_given_coords"/>
        <Skill category="7_10_negative_slopes" occurrences="5" name="name_quantities"/>
      </Skills>
    </Problem>
    <Problem selection_features="" problem_file="02tortoisehare.brd" description="02tortoisehare" student_interface="grapher_intersect.swf" label="02tortoisehare" name="02 The Tortoise and the Hare" student_interface_class="" tutor_flag="tutor" team_role="0">
      <Skills>
        <Skill category="7_10_negative_slopes" occurrences="2" name="find_equation_with_negative_slope"/>
        <Skill category="7_10_negative_slopes" occurrences="1" name="calculate_y_given_x"/>
        <Skill category="7_10_negative_slopes" occurrences="5" name="name_units"/>
        <Skill category="7_10_negative_slopes" occurrences="1" name="plot_liniar_curve"/>
        <Skill category="7_10_negative_slopes" occurrences="1" name="plot_points_given_coords"/>
        <Skill category="7_10_negative_slopes" occurrences="5" name="name_quantities"/>
      </Skills>
    </Problem>
  </Problems>
  <Categories>
    <Collection category="" description="Released Problem Sets" parent_category="" label="Released Problem Sets" parent_name="" name="general"/>
    <Standard category="standard" description="PA Assessment Anchors" parent_category="" label="PA Assessment Anchors" parent_name="" name="PA"/>
    <Standard category="standard" description="NCTM Curriculum Focal Points" parent_category="" label="NCTM Curriculum Focal Points" parent_name="" name="NCTM"/>
    <Standard category="standard" description="Common Core Standards" parent_category="" label="Common Core Standards" parent_name="" name="CommonCore"/>
    <Standard category="standard" description="Student Standards" parent_category="" label="Problem Set Categories" parent_name="" name="Student"/>
  </Categories>
  <Skills>
    <Skill category="7_10_negative_slopes" pKnown="0.2" description="The student is able to calculate the y-coordinate of a point, given the x-value" pLearn="0.1" label="Calculate y value" name="calculate_y_given_x" pGuess="0.8" pSlip="0.1"/>
    <Skill category="7_10_negative_slopes" pKnown="0.2" description="The student is able to plot a liniar curve between points on a graph" pLearn="0.2" label="Draw a line" name="plot_liniar_curve" pGuess="0.5" pSlip="0.1"/>
    <Skill category="7_10_negative_slopes" pKnown="0.2" description="The student is able to generate a liniar equation with a negative slope given a cover story and several plotted points" pLearn="0.25" label="Find equation" name="find_equation_with_negative_slope" pGuess="0.2" pSlip="0.1"/>
    <Skill category="7_10_negative_slopes" pKnown="0.05" description="The student is able to derive the dependant and independent quantities from a cover story" pLearn="0.2" label="Name quantities" name="name_quantities" pGuess="0.8" pSlip="0.1"/>
    <Skill category="7_10_negative_slopes" pKnown="0.2" description="The student is able to define units for the quantities" pLearn="0.05" label="Name units" name="name_units" pGuess="0.8" pSlip="0.1"/>
    <Skill category="7_10_negative_slopes" pKnown="0.2" description="The student is able to find a point on a 2D graph given the coordinates" pLearn="0.1" label="Plot point given coords" name="plot_points_given_coords" pGuess="0.5" pSlip="0.1"/>
  </Skills>
  <Assets>
  </Assets>
</ProblemSet>
