<?xml version="1.0" encoding="UTF-8"?>
<ProblemSet initial_sequence="0" selection_algorithm="sequential" max_count="1000" description="Application problems involving right triangles." max_repeat="1" label="8.21 Pythagorean Theorem" team_size="1" name="8.21" picture="">
  <Problems>
    <Problem selection_features="" problem_file="01triangle.brd" description="01" student_interface="8-21.swf" label="01" name="01" student_interface_class="" tutor_flag="tutor" team_role="0">
      <Skills>
        <Skill category="8-21_pythagorean-theorem" occurrences="1" name="idenLeg"/>
        <Skill category="8-21_pythagorean-theorem" occurrences="1" name="findHypotenuse"/>
        <Skill category="8-21_pythagorean-theorem" occurrences="1" name="squareSide"/>
        <Skill category="8-21_pythagorean-theorem" occurrences="1" name="solveTerm"/>
      </Skills>
    </Problem>
    <Problem selection_features="" problem_file="02soccer.brd" description="02" student_interface="8-21.swf" label="02" name="02" student_interface_class="" tutor_flag="tutor" team_role="0">
      <Skills>
        <Skill category="8-21_pythagorean-theorem" occurrences="1" name="idenLeg"/>
        <Skill category="8-21_pythagorean-theorem" occurrences="1" name="findHypotenuse"/>
        <Skill category="8-21_pythagorean-theorem" occurrences="1" name="squareSide"/>
        <Skill category="8-21_pythagorean-theorem" occurrences="1" name="solveTerm"/>
      </Skills>
    </Problem>
    <Problem selection_features="" problem_file="03map.brd" description="03" student_interface="8-21.swf" label="03" name="03" student_interface_class="" tutor_flag="tutor" team_role="0">
      <Skills>
        <Skill category="8-21_pythagorean-theorem" occurrences="1" name="idenLeg"/>
        <Skill category="8-21_pythagorean-theorem" occurrences="1" name="findHypotenuse"/>
        <Skill category="8-21_pythagorean-theorem" occurrences="1" name="squareSide"/>
        <Skill category="8-21_pythagorean-theorem" occurrences="1" name="solveTerm"/>
      </Skills>
    </Problem>
    <Problem selection_features="" problem_file="04triangle.brd" description="04" student_interface="8-21.swf" label="04" name="04" student_interface_class="" tutor_flag="tutor" team_role="0">
      <Skills>
        <Skill category="8-21_pythagorean-theorem" occurrences="1" name="findLeg"/>
        <Skill category="8-21_pythagorean-theorem" occurrences="1" name="idenLeg"/>
        <Skill category="8-21_pythagorean-theorem" occurrences="1" name="idenHypotenuse"/>
        <Skill category="8-21_pythagorean-theorem" occurrences="1" name="squareSide"/>
        <Skill category="8-21_pythagorean-theorem" occurrences="1" name="solveTerm"/>
      </Skills>
    </Problem>
    <Problem selection_features="" problem_file="05a_park.brd" description="05a" student_interface="8-21.swf" label="05a" name="05a" student_interface_class="" tutor_flag="tutor" team_role="0">
      <Skills>
        <Skill category="8-21_pythagorean-theorem" occurrences="1" name="idenLeg"/>
        <Skill category="8-21_pythagorean-theorem" occurrences="1" name="findHypotenuse"/>
        <Skill category="8-21_pythagorean-theorem" occurrences="1" name="squareSide"/>
        <Skill category="8-21_pythagorean-theorem" occurrences="1" name="solveTerm"/>
      </Skills>
    </Problem>
    <Problem selection_features="" problem_file="05b_park.brd" description="05b" student_interface="8-21.swf" label="05b" name="05b" student_interface_class="" tutor_flag="tutor" team_role="0">
      <Skills>
        <Skill category="8-21_pythagorean-theorem" occurrences="1" name="findLeg"/>
        <Skill category="8-21_pythagorean-theorem" occurrences="1" name="idenLeg"/>
        <Skill category="8-21_pythagorean-theorem" occurrences="1" name="idenHypotenuse"/>
        <Skill category="8-21_pythagorean-theorem" occurrences="1" name="squareSide"/>
        <Skill category="8-21_pythagorean-theorem" occurrences="1" name="solveTerm"/>
      </Skills>
    </Problem>
    <Problem selection_features="" problem_file="05c_park.brd" description="05c" student_interface="8-21.swf" label="05c" name="05c" student_interface_class="" tutor_flag="tutor" team_role="0">
      <Skills>
        <Skill category="8-21_pythagorean-theorem" occurrences="1" name="idenLeg"/>
        <Skill category="8-21_pythagorean-theorem" occurrences="1" name="findLeg"/>
        <Skill category="8-21_pythagorean-theorem" occurrences="1" name="idenHypotenuse"/>
        <Skill category="8-21_pythagorean-theorem" occurrences="1" name="solveTerm"/>
        <Skill category="8-21_pythagorean-theorem" occurrences="1" name="squareSide"/>
      </Skills>
    </Problem>
    <Problem selection_features="" problem_file="06triangle.brd" description="06" student_interface="8-21.swf" label="06" name="06" student_interface_class="" tutor_flag="tutor" team_role="0">
      <Skills>
        <Skill category="8-21_pythagorean-theorem" occurrences="1" name="idenLeg"/>
        <Skill category="8-21_pythagorean-theorem" occurrences="1" name="findHypotenuse"/>
        <Skill category="8-21_pythagorean-theorem" occurrences="1" name="squareSide"/>
        <Skill category="8-21_pythagorean-theorem" occurrences="1" name="solveTerm"/>
      </Skills>
    </Problem>
    <Problem selection_features="" problem_file="07triangle.brd" description="07" student_interface="8-21.swf" label="07" name="07" student_interface_class="" tutor_flag="tutor" team_role="0">
      <Skills>
        <Skill category="8-21_pythagorean-theorem" occurrences="1" name="idenLeg"/>
        <Skill category="8-21_pythagorean-theorem" occurrences="1" name="findLeg"/>
        <Skill category="8-21_pythagorean-theorem" occurrences="1" name="idenHypotenuse"/>
        <Skill category="8-21_pythagorean-theorem" occurrences="1" name="solveTerm"/>
        <Skill category="8-21_pythagorean-theorem" occurrences="1" name="squareSide"/>
      </Skills>
    </Problem>
    <Problem selection_features="" problem_file="08airplane.brd" description="08" student_interface="8-21.swf" label="08" name="08" student_interface_class="" tutor_flag="tutor" team_role="0">
      <Skills>
        <Skill category="8-21_pythagorean-theorem" occurrences="1" name="idenLeg"/>
        <Skill category="8-21_pythagorean-theorem" occurrences="1" name="findLeg"/>
        <Skill category="8-21_pythagorean-theorem" occurrences="1" name="idenHypotenuse"/>
        <Skill category="8-21_pythagorean-theorem" occurrences="1" name="solveTerm"/>
        <Skill category="8-21_pythagorean-theorem" occurrences="1" name="squareSide"/>
      </Skills>
    </Problem>
    <Problem selection_features="" problem_file="09boat.brd" description="09" student_interface="8-21.swf" label="09" name="09" student_interface_class="" tutor_flag="tutor" team_role="0">
      <Skills>
        <Skill category="8-21_pythagorean-theorem" occurrences="1" name="findLeg"/>
        <Skill category="8-21_pythagorean-theorem" occurrences="1" name="idenLeg"/>
        <Skill category="8-21_pythagorean-theorem" occurrences="1" name="idenHypotenuse"/>
        <Skill category="8-21_pythagorean-theorem" occurrences="1" name="squareSide"/>
        <Skill category="8-21_pythagorean-theorem" occurrences="1" name="solveTerm"/>
      </Skills>
    </Problem>
    <Problem selection_features="" problem_file="10a_city.brd" description="10a" student_interface="8-21.swf" label="10a" name="10a" student_interface_class="" tutor_flag="tutor" team_role="0">
      <Skills>
        <Skill category="8-21_pythagorean-theorem" occurrences="1" name="idenLeg"/>
        <Skill category="8-21_pythagorean-theorem" occurrences="1" name="findHypotenuse"/>
        <Skill category="8-21_pythagorean-theorem" occurrences="1" name="squareSide"/>
        <Skill category="8-21_pythagorean-theorem" occurrences="1" name="solveTerm"/>
      </Skills>
    </Problem>
    <Problem selection_features="" problem_file="10b_city.brd" description="10b" student_interface="8-21.swf" label="10b" name="10b" student_interface_class="" tutor_flag="tutor" team_role="0">
      <Skills>
        <Skill category="8-21_pythagorean-theorem" occurrences="1" name="findLeg"/>
        <Skill category="8-21_pythagorean-theorem" occurrences="1" name="idenLeg"/>
        <Skill category="8-21_pythagorean-theorem" occurrences="1" name="idenHypotenuse"/>
        <Skill category="8-21_pythagorean-theorem" occurrences="1" name="squareSide"/>
        <Skill category="8-21_pythagorean-theorem" occurrences="1" name="solveTerm"/>
      </Skills>
    </Problem>
    <Problem selection_features="" problem_file="10c_city.brd" description="10c" student_interface="8-21.swf" label="10c" name="10c" student_interface_class="" tutor_flag="tutor" team_role="0">
      <Skills>
        <Skill category="8-21_pythagorean-theorem" occurrences="1" name="idenLeg"/>
        <Skill category="8-21_pythagorean-theorem" occurrences="1" name="findLeg"/>
        <Skill category="8-21_pythagorean-theorem" occurrences="1" name="idenHypotenuse"/>
        <Skill category="8-21_pythagorean-theorem" occurrences="1" name="solveTerm"/>
        <Skill category="8-21_pythagorean-theorem" occurrences="1" name="squareSide"/>
      </Skills>
    </Problem>
    <Problem selection_features="" problem_file="11park.brd" description="11" student_interface="8-21.swf" label="11" name="11" student_interface_class="" tutor_flag="tutor" team_role="0">
      <Skills>
        <Skill category="8-21_pythagorean-theorem" occurrences="1" name="idenLeg"/>
        <Skill category="8-21_pythagorean-theorem" occurrences="1" name="findHypotenuse"/>
        <Skill category="8-21_pythagorean-theorem" occurrences="1" name="squareSide"/>
        <Skill category="8-21_pythagorean-theorem" occurrences="1" name="solveTerm"/>
      </Skills>
    </Problem>
  </Problems>
  <Categories>
    <Collection category="" description="Released Problem Sets" parent_category="" label="Released Problem Sets" parent_name="" name="general"/>
    <Standard category="standard" description="PA Assessment Anchors" parent_category="" label="PA Assessment Anchors" parent_name="" name="PA"/>
    <Standard category="standard" description="NCTM Curriculum Focal Points" parent_category="" label="NCTM Curriculum Focal Points" parent_name="" name="NCTM"/>
    <Standard category="standard" description="Common Core Standards" parent_category="" label="Common Core Standards" parent_name="" name="CommonCore"/>
    <Standard category="standard" description="Student Standards" parent_category="" label="Problem Set Categories" parent_name="" name="Student"/>
    <Grade category="" description="8th Grade" parent_category="" label="8th Grade" parent_name="" name="8"/>
    <Standard category="reporting_category" description="C. Geometry" parent_category="standard" label="C. Geometry" parent_name="PA" name="PA.C"/>
    <Standard category="assessment_anchor" description="C.1. Analyze characteristics and properties of two- and three- dimensional geometric shapes and demonstrate understanding of geometric relationships." parent_category="reporting_category" label="C.1. Shapes and Relationships" parent_name="PA.C" name="PA.C.1"/>
    <Standard category="strand" description="C. Geometry" parent_category="standard" label="C. Geometry" parent_name="NCTM" name="NCTM.C"/>
    <Standard category="grade_level" description="8th Grade" parent_category="standard" label="8th Grade" parent_name="CommonCore" name="CommonCore.8"/>
    <Standard category="strand" description="8.G. Geometry" parent_category="grade_level" label="8.G. Geometry" parent_name="CommonCore.8" name="CommonCore.8.G"/>
    <Standard category="strand" description="Pythagorean Theorem" parent_category="standard" label="Pythagorean Theorem" parent_name="Student" name="Student.PT"/>
  </Categories>
  <Skills>
    <Skill category="8-21_pythagorean-theorem" pKnown="0.25" description="Find hypotenuse using Pythagorean theorem" pLearn="0.2" label="Find hypotenuse using Pythagorean theorem" name="findHypotenuse" pGuess="0.2" pSlip="0.1"/>
    <Skill category="8-21_pythagorean-theorem" pKnown="0.25" description="Find unknown leg using Pythagorean theorem" pLearn="0.2" label="Find unknown leg using Pythagorean theorem" name="findLeg" pGuess="0.2" pSlip="0.1"/>
    <Skill category="8-21_pythagorean-theorem" pKnown="0.25" description="Identify hypotenuse" pLearn="0.2" label="Identify hypotenuse" name="idenHypotenuse" pGuess="0.2" pSlip="0.1"/>
    <Skill category="8-21_pythagorean-theorem" pKnown="0.25" description="Identify leg" pLearn="0.2" label="Identify leg" name="idenLeg" pGuess="0.2" pSlip="0.1"/>
    <Skill category="8-21_pythagorean-theorem" pKnown="0.25" description="Solve for unknown term in Pythagorean equation" pLearn="0.2" label="Solve for unknown term in Pythagorean equation" name="solveTerm" pGuess="0.2" pSlip="0.1"/>
    <Skill category="8-21_pythagorean-theorem" pKnown="0.25" description="Square length of a side" pLearn="0.2" label="Square length of a side" name="squareSide" pGuess="0.2" pSlip="0.1"/>
  </Skills>
  <Assets>
  </Assets>
</ProblemSet>
