<?xml version="1.0" encoding="UTF-8"?>
<ProblemSet initial_sequence="0" selection_algorithm="sequential" max_count="1000" description="Gives student a variable and an expression, and then asks student to apply that information to solve for different scenarios and values of the variable." max_repeat="1" label="8.06 Expressions, Values, and Distributive Law" team_size="1" name="8.06" picture="">
  <Problems>
    <Problem selection_features="" problem_file="8.6.1.brd" description="Danny and the Algebraics are recording their first demo album." student_interface="8.6.swf" label="Danny and the Algebraics are recording their first demo album." name="01" student_interface_class="" tutor_flag="tutor" team_role="0">
      <Skills>
        <Skill category="Problem_Solving_&amp;_Linear_Equations_I" occurrences="4" name="Calculate_Y_value_from_X_value"/>
        <Skill category="Problem_Solving_&amp;_Linear_Equations_I" occurrences="4" name="Enter_given_X_value"/>
      </Skills>
    </Problem>
    <Problem selection_features="" problem_file="8.6.2.brd" description="Marcus has a fireplace that he uses to build cheery fires on cold winter days." student_interface="8.6.swf" label="Marcus has a fireplace that he uses to build cheery fires on cold winter days." name="02" student_interface_class="" tutor_flag="tutor" team_role="0">
      <Skills>
        <Skill category="Problem_Solving_&amp;_Linear_Equations_I" occurrences="4" name="Calculate_Y_value_from_X_value"/>
        <Skill category="Problem_Solving_&amp;_Linear_Equations_I" occurrences="4" name="Enter_given_X_value"/>
      </Skills>
    </Problem>
    <Problem selection_features="" problem_file="8.6.3.brd" description="The best-selling novelist Cindy Shelton and her publishing company have made a generous offer to help out the World Famine Relief effort." student_interface="8.6.swf" label="The best-selling novelist Cindy Shelton and her publishing company have made a generous offer to help out the World Famine Relief effort." name="03" student_interface_class="" tutor_flag="tutor" team_role="0">
      <Skills>
        <Skill category="Problem_Solving_&amp;_Linear_Equations_I" occurrences="4" name="Calculate_Y_value_from_X_value"/>
        <Skill category="Problem_Solving_&amp;_Linear_Equations_I" occurrences="4" name="Enter_given_X_value"/>
      </Skills>
    </Problem>
    <Problem selection_features="" problem_file="8.6.4.brd" description="You're planting a vegetable garden in your backyard." student_interface="8.6.swf" label="You're planting a vegetable garden in your backyard." name="04" student_interface_class="" tutor_flag="tutor" team_role="0">
      <Skills>
        <Skill category="Problem_Solving_&amp;_Linear_Equations_I" occurrences="4" name="Calculate_Y_value_from_X_value"/>
        <Skill category="Problem_Solving_&amp;_Linear_Equations_I" occurrences="4" name="Enter_given_X_value"/>
      </Skills>
    </Problem>
    <Problem selection_features="" problem_file="8.6.5.brd" description="Scott drives a delivery truck. How much total time will he be working?" student_interface="8.6.swf" label="Scott drives a delivery truck. How much total time will he be working?" name="05" student_interface_class="" tutor_flag="tutor" team_role="0">
      <Skills>
        <Skill category="Problem_Solving_&amp;_Linear_Equations_I" occurrences="4" name="Calculate_Y_value_from_X_value"/>
        <Skill category="Problem_Solving_&amp;_Linear_Equations_I" occurrences="4" name="Enter_given_X_value"/>
      </Skills>
    </Problem>
    <Problem selection_features="" problem_file="8.6.6.brd" description="Reggie rented a beach umbrella from the Shady-Oasis stand on the boardwalk." student_interface="8.6.swf" label="Reggie rented a beach umbrella from the Shady-Oasis stand on the boardwalk." name="06" student_interface_class="" tutor_flag="tutor" team_role="0">
      <Skills>
        <Skill category="Problem_Solving_&amp;_Linear_Equations_I" occurrences="4" name="Calculate_Y_value_from_X_value"/>
        <Skill category="Problem_Solving_&amp;_Linear_Equations_I" occurrences="4" name="Enter_given_X_value"/>
      </Skills>
    </Problem>
    <Problem selection_features="" problem_file="8.6.7.brd" description="You're calculating the cost of joining a book club and buying books." student_interface="8.6.swf" label="You're calculating the cost of joining a book club and buying books." name="07" student_interface_class="" tutor_flag="tutor" team_role="0">
      <Skills>
        <Skill category="Problem_Solving_&amp;_Linear_Equations_I" occurrences="4" name="Calculate_Y_value_from_X_value"/>
        <Skill category="Problem_Solving_&amp;_Linear_Equations_I" occurrences="4" name="Enter_given_X_value"/>
      </Skills>
    </Problem>
    <Problem selection_features="" problem_file="8.6.8.brd" description="You're calculating Michael's income as a roustabout in the circus" student_interface="8.6.swf" label="You're calculating Michael's income as a roustabout in the circus" name="08" student_interface_class="" tutor_flag="tutor" team_role="0">
      <Skills>
        <Skill category="Problem_Solving_&amp;_Linear_Equations_I" occurrences="4" name="Calculate_Y_value_from_X_value"/>
        <Skill category="Problem_Solving_&amp;_Linear_Equations_I" occurrences="4" name="Enter_given_X_value"/>
      </Skills>
    </Problem>
  </Problems>
  <Categories>
    <Collection category="" description="Released Problem Sets" parent_category="" label="Released Problem Sets" parent_name="" name="general"/>
    <Standard category="standard" description="PA Assessment Anchors" parent_category="" label="PA Assessment Anchors" parent_name="" name="PA"/>
    <Standard category="standard" description="NCTM Curriculum Focal Points" parent_category="" label="NCTM Curriculum Focal Points" parent_name="" name="NCTM"/>
    <Standard category="standard" description="Common Core Standards" parent_category="" label="Common Core Standards" parent_name="" name="CommonCore"/>
    <Standard category="standard" description="Student Standards" parent_category="" label="Problem Set Categories" parent_name="" name="Student"/>
    <Grade category="" description="6th Grade" parent_category="" label="6th Grade" parent_name="" name="6"/>
    <Grade category="" description="7th Grade" parent_category="" label="7th Grade" parent_name="" name="7"/>
    <Grade category="" description="8th Grade" parent_category="" label="8th Grade" parent_name="" name="8"/>
    <Standard category="reporting_category" description="D. Algebraic Concepts" parent_category="standard" label="D. Algebraic Concepts" parent_name="PA" name="PA.D"/>
    <Standard category="assessment_anchor" description="D.2. Represent and/or analyze mathematical situations and structures using algebraic symbols, words, tables, and graphs." parent_category="reporting_category" label="D.2. Represent Situations and Structures" parent_name="PA.D" name="PA.D.2"/>
    <Standard category="strand" description="B. Algebra" parent_category="standard" label="B. Algebra" parent_name="NCTM" name="NCTM.B"/>
    <Standard category="grade_level" description="6th Grade" parent_category="standard" label="6th Grade" parent_name="CommonCore" name="CommonCore.6"/>
    <Standard category="strand" description="6.EE. Expressions and Equations" parent_category="grade_level" label="6.EE. Expressions and Equations" parent_name="CommonCore.6" name="CommonCore.6.EE"/>
    <Standard category="strand" description="6.NS. The Number System" parent_category="grade_level" label="6.NS. The Number System" parent_name="CommonCore.6" name="CommonCore.6.NS"/>
    <Standard category="strand" description="Patterns and Expressions in Tables" parent_category="standard" label="Patterns and Expressions in Tables" parent_name="Student" name="Student.PET"/>
  </Categories>
  <Skills>
    <Skill category="Problem_Solving_&amp;_Linear_Equations_I" pKnown="0.25" description="Calculate Y value from X value" pLearn="0.2" label="Calculate Y value from X value" name="Calculate_Y_value_from_X_value" pGuess="0.2" pSlip="0.1"/>
    <Skill category="Problem_Solving_&amp;_Linear_Equations_I" pKnown="0.25" description="Enter given X value" pLearn="0.2" label="Enter given X value" name="Enter_given_X_value" pGuess="0.2" pSlip="0.1"/>
  </Skills>
  <Assets>
  </Assets>
</ProblemSet>
