<?xml version="1.0" encoding="UTF-8"?>
<ProblemSet initial_sequence="0" selection_algorithm="sequential" max_count="1000" description="Asks student to identify patterns within a word problem and construct an expression to represent the pattern." max_repeat="1" label="7.01 Problem Solving and Linear Equations I" team_size="1" name="7.01" picture="">
  <Problems>
    <Problem selection_features="" problem_file="Problem1.brd" description="Ben's and Taneesha's age" student_interface="7.01.swf" label="Ben's and Taneesha's age" name="Problem 1" student_interface_class="" tutor_flag="tutor" team_role="0">
      <Skills>
        <Skill category="Problem_Solving_and_Linear_Equations_I" occurrences="2" name="Calculate_X_value_from_Y_value"/>
        <Skill category="Problem_Solving_and_Linear_Equations_I" occurrences="2" name="Calculate_Y_value_from_X_value"/>
        <Skill category="Problem_Solving_and_Linear_Equations_I" occurrences="2" name="Enter_given_Y_value"/>
        <Skill category="Problem_Solving_and_Linear_Equations_I" occurrences="4" name="Show_Your_Work"/>
        <Skill category="Problem_Solving_and_Linear_Equations_I" occurrences="2" name="Enter_given_X_value"/>
        <Skill category="Problem_Solving_and_Linear_Equations_I" occurrences="1" name="Enter_variable"/>
        <Skill category="Problem_Solving_and_Linear_Equations_I" occurrences="1" name="Enter_formula"/>
      </Skills>
    </Problem>
    <Problem selection_features="" problem_file="Problem2.brd" description="Distance between Chaz and Nikki" student_interface="7.01.swf" label="Distance between Chaz and Nikki" name="Problem 2" student_interface_class="" tutor_flag="tutor" team_role="0">
      <Skills>
        <Skill category="Problem_Solving_and_Linear_Equations_I" occurrences="2" name="Calculate_X_value_from_Y_value"/>
        <Skill category="Problem_Solving_and_Linear_Equations_I" occurrences="2" name="Calculate_Y_value_from_X_value"/>
        <Skill category="Problem_Solving_and_Linear_Equations_I" occurrences="2" name="Enter_given_Y_value"/>
        <Skill category="Problem_Solving_and_Linear_Equations_I" occurrences="4" name="Show_Your_Work"/>
        <Skill category="Problem_Solving_and_Linear_Equations_I" occurrences="2" name="Enter_given_X_value"/>
        <Skill category="Problem_Solving_and_Linear_Equations_I" occurrences="1" name="Enter_variable"/>
        <Skill category="Problem_Solving_and_Linear_Equations_I" occurrences="1" name="Enter_formula"/>
      </Skills>
    </Problem>
    <Problem selection_features="" problem_file="Problem3.brd" description="Cost of pizza" student_interface="7.01.swf" label="Cost of pizza" name="Problem 3" student_interface_class="" tutor_flag="tutor" team_role="0">
      <Skills>
        <Skill category="Problem_Solving_and_Linear_Equations_I" occurrences="2" name="Calculate_X_value_from_Y_value"/>
        <Skill category="Problem_Solving_and_Linear_Equations_I" occurrences="2" name="Calculate_Y_value_from_X_value"/>
        <Skill category="Problem_Solving_and_Linear_Equations_I" occurrences="2" name="Enter_given_Y_value"/>
        <Skill category="Problem_Solving_and_Linear_Equations_I" occurrences="4" name="Show_Your_Work"/>
        <Skill category="Problem_Solving_and_Linear_Equations_I" occurrences="2" name="Enter_given_X_value"/>
        <Skill category="Problem_Solving_and_Linear_Equations_I" occurrences="1" name="Enter_variable"/>
        <Skill category="Problem_Solving_and_Linear_Equations_I" occurrences="1" name="Enter_formula"/>
      </Skills>
    </Problem>
    <Problem selection_features="" problem_file="Problem4.brd" description="The two Pittsburgh skyscrapers" student_interface="7.01.swf" label="The two Pittsburgh skyscrapers" name="Problem 4" student_interface_class="" tutor_flag="tutor" team_role="0">
      <Skills>
        <Skill category="Problem_Solving_and_Linear_Equations_I" occurrences="2" name="Calculate_X_value_from_Y_value"/>
        <Skill category="Problem_Solving_and_Linear_Equations_I" occurrences="2" name="Calculate_Y_value_from_X_value"/>
        <Skill category="Problem_Solving_and_Linear_Equations_I" occurrences="2" name="Enter_given_Y_value"/>
        <Skill category="Problem_Solving_and_Linear_Equations_I" occurrences="4" name="Show_Your_Work"/>
        <Skill category="Problem_Solving_and_Linear_Equations_I" occurrences="2" name="Enter_given_X_value"/>
        <Skill category="Problem_Solving_and_Linear_Equations_I" occurrences="1" name="Enter_variable"/>
        <Skill category="Problem_Solving_and_Linear_Equations_I" occurrences="1" name="Enter_formula"/>
      </Skills>
    </Problem>
    <Problem selection_features="" problem_file="Problem5.brd" description="Amount painted by Tom and Huck" student_interface="7.01.swf" label="Amount painted by Tom and Huck" name="Problem 5" student_interface_class="" tutor_flag="tutor" team_role="0">
      <Skills>
        <Skill category="Problem_Solving_and_Linear_Equations_I" occurrences="2" name="Calculate_X_value_from_Y_value"/>
        <Skill category="Problem_Solving_and_Linear_Equations_I" occurrences="2" name="Calculate_Y_value_from_X_value"/>
        <Skill category="Problem_Solving_and_Linear_Equations_I" occurrences="2" name="Enter_given_Y_value"/>
        <Skill category="Problem_Solving_and_Linear_Equations_I" occurrences="4" name="Show_Your_Work"/>
        <Skill category="Problem_Solving_and_Linear_Equations_I" occurrences="2" name="Enter_given_X_value"/>
        <Skill category="Problem_Solving_and_Linear_Equations_I" occurrences="1" name="Enter_variable"/>
        <Skill category="Problem_Solving_and_Linear_Equations_I" occurrences="1" name="Enter_formula"/>
      </Skills>
    </Problem>
    <Problem selection_features="" problem_file="Problem6.brd" description="Eggs and cartons" student_interface="7.01.swf" label="Eggs and cartons" name="Problem 6" student_interface_class="" tutor_flag="tutor" team_role="0">
      <Skills>
        <Skill category="Problem_Solving_and_Linear_Equations_I" occurrences="2" name="Calculate_X_value_from_Y_value"/>
        <Skill category="Problem_Solving_and_Linear_Equations_I" occurrences="2" name="Calculate_Y_value_from_X_value"/>
        <Skill category="Problem_Solving_and_Linear_Equations_I" occurrences="2" name="Enter_given_Y_value"/>
        <Skill category="Problem_Solving_and_Linear_Equations_I" occurrences="4" name="Show_Your_Work"/>
        <Skill category="Problem_Solving_and_Linear_Equations_I" occurrences="2" name="Enter_given_X_value"/>
        <Skill category="Problem_Solving_and_Linear_Equations_I" occurrences="1" name="Enter_variable"/>
        <Skill category="Problem_Solving_and_Linear_Equations_I" occurrences="1" name="Enter_formula"/>
      </Skills>
    </Problem>
    <Problem selection_features="" problem_file="Problem7.brd" description="Raffle tickets" student_interface="7.01.swf" label="Raffle tickets" name="Problem 7" student_interface_class="" tutor_flag="tutor" team_role="0">
      <Skills>
        <Skill category="Problem_Solving_and_Linear_Equations_I" occurrences="2" name="Calculate_X_value_from_Y_value"/>
        <Skill category="Problem_Solving_and_Linear_Equations_I" occurrences="2" name="Calculate_Y_value_from_X_value"/>
        <Skill category="Problem_Solving_and_Linear_Equations_I" occurrences="2" name="Enter_given_Y_value"/>
        <Skill category="Problem_Solving_and_Linear_Equations_I" occurrences="4" name="Show_Your_Work"/>
        <Skill category="Problem_Solving_and_Linear_Equations_I" occurrences="2" name="Enter_given_X_value"/>
        <Skill category="Problem_Solving_and_Linear_Equations_I" occurrences="1" name="Enter_variable"/>
        <Skill category="Problem_Solving_and_Linear_Equations_I" occurrences="1" name="Enter_formula"/>
      </Skills>
    </Problem>
    <Problem selection_features="" problem_file="Problem8.brd" description="Temperature difference betweek Los Angeles and San Francisco" student_interface="7.01.swf" label="Temperature difference betweek Los Angeles and San Francisco" name="Problem 8" student_interface_class="" tutor_flag="tutor" team_role="0">
      <Skills>
        <Skill category="Problem_Solving_and_Linear_Equations_I" occurrences="2" name="Calculate_X_value_from_Y_value"/>
        <Skill category="Problem_Solving_and_Linear_Equations_I" occurrences="2" name="Calculate_Y_value_from_X_value"/>
        <Skill category="Problem_Solving_and_Linear_Equations_I" occurrences="2" name="Enter_given_Y_value"/>
        <Skill category="Problem_Solving_and_Linear_Equations_I" occurrences="4" name="Show_Your_Work"/>
        <Skill category="Problem_Solving_and_Linear_Equations_I" occurrences="2" name="Enter_given_X_value"/>
        <Skill category="Problem_Solving_and_Linear_Equations_I" occurrences="1" name="Enter_variable"/>
        <Skill category="Problem_Solving_and_Linear_Equations_I" occurrences="1" name="Enter_formula"/>
      </Skills>
    </Problem>
    <Problem selection_features="" problem_file="Problem9.brd" description="Distance travelled by bus and by plane" student_interface="7.01.swf" label="Distance travelled by bus and by plane" name="Problem 9" student_interface_class="" tutor_flag="tutor" team_role="0">
      <Skills>
        <Skill category="Problem_Solving_and_Linear_Equations_I" occurrences="2" name="Calculate_X_value_from_Y_value"/>
        <Skill category="Problem_Solving_and_Linear_Equations_I" occurrences="2" name="Calculate_Y_value_from_X_value"/>
        <Skill category="Problem_Solving_and_Linear_Equations_I" occurrences="2" name="Enter_given_Y_value"/>
        <Skill category="Problem_Solving_and_Linear_Equations_I" occurrences="4" name="Show_Your_Work"/>
        <Skill category="Problem_Solving_and_Linear_Equations_I" occurrences="2" name="Enter_given_X_value"/>
        <Skill category="Problem_Solving_and_Linear_Equations_I" occurrences="1" name="Enter_variable"/>
        <Skill category="Problem_Solving_and_Linear_Equations_I" occurrences="1" name="Enter_formula"/>
      </Skills>
    </Problem>
  </Problems>
  <Categories>
    <Collection category="" description="Released Problem Sets" parent_category="" label="Released Problem Sets" parent_name="" name="general"/>
    <Standard category="standard" description="PA Assessment Anchors" parent_category="" label="PA Assessment Anchors" parent_name="" name="PA"/>
    <Standard category="standard" description="NCTM Curriculum Focal Points" parent_category="" label="NCTM Curriculum Focal Points" parent_name="" name="NCTM"/>
    <Standard category="standard" description="Common Core Standards" parent_category="" label="Common Core Standards" parent_name="" name="CommonCore"/>
    <Standard category="standard" description="Student Standards" parent_category="" label="Problem Set Categories" parent_name="" name="Student"/>
    <Grade category="" description="6th Grade" parent_category="" label="6th Grade" parent_name="" name="6"/>
    <Grade category="" description="7th Grade" parent_category="" label="7th Grade" parent_name="" name="7"/>
    <Standard category="reporting_category" description="D. Algebraic Concepts" parent_category="standard" label="D. Algebraic Concepts" parent_name="PA" name="PA.D"/>
    <Standard category="assessment_anchor" description="D.2. Represent and/or analyze mathematical situations and structures using algebraic symbols, words, tables, and graphs." parent_category="reporting_category" label="D.2. Represent Situations and Structures" parent_name="PA.D" name="PA.D.2"/>
    <Standard category="strand" description="B. Algebra" parent_category="standard" label="B. Algebra" parent_name="NCTM" name="NCTM.B"/>
    <Standard category="grade_level" description="6th Grade" parent_category="standard" label="6th Grade" parent_name="CommonCore" name="CommonCore.6"/>
    <Standard category="strand" description="6.EE. Expressions and Equations" parent_category="grade_level" label="6.EE. Expressions and Equations" parent_name="CommonCore.6" name="CommonCore.6.EE"/>
    <Standard category="strand" description="Patterns and Expressions in Tables" parent_category="standard" label="Patterns and Expressions in Tables" parent_name="Student" name="Student.PET"/>
  </Categories>
  <Skills>
    <Skill category="Problem_Solving_and_Linear_Equations_I" pKnown="0.25" description="Calculate an X value from a Y value" pLearn="0.2" label="Calculate an X value from a Y value" name="Calculate_Y_value_from_X_value" pGuess="0.2" pSlip="0.1"/>
    <Skill category="Problem_Solving_and_Linear_Equations_I" pKnown="0.25" description="Calculate X value from a Y value" pLearn="0.2" label="Calculate X value from a Y value" name="Calculate_X_value_from_Y_value" pGuess="0.2" pSlip="0.1"/>
    <Skill category="Problem_Solving_and_Linear_Equations_I" pKnown="0.25" description="Enter a formula" pLearn="0.2" label="Enter a formula" name="Enter_formula" pGuess="0.2" pSlip="0.1"/>
    <Skill category="Problem_Solving_and_Linear_Equations_I" pKnown="0.25" description="Enter a given X value" pLearn="0.2" label="Enter a given X value" name="Enter_given_X_value" pGuess="0.2" pSlip="0.1"/>
    <Skill category="Problem_Solving_and_Linear_Equations_I" pKnown="0.25" description="Enter a given Y value" pLearn="0.2" label="Enter a given Y value" name="Enter_given_Y_value" pGuess="0.2" pSlip="0.1"/>
    <Skill category="Problem_Solving_and_Linear_Equations_I" pKnown="0.25" description="Enter a variable" pLearn="0.2" label="Enter a variable" name="Enter_variable" pGuess="0.2" pSlip="0.1"/>
    <Skill category="Problem_Solving_and_Linear_Equations_I" pKnown="0.25" description="Show Your Work" pLearn="0.2" label="Show Your Work" name="Show_Your_Work" pGuess="0.2" pSlip="0.1"/>
  </Skills>
  <Assets>
  </Assets>
</ProblemSet>
