<?xml version="1.0" encoding="UTF-8"?>
<ProblemSet max_count="1000" initial_sequence="0" max_repeat="1" description="Student must identify addition or subtraction, align addends or minuends and subtrahends, and complete the addition or subtraction." selection_algorithm="sequential" name="6.09" picture="" team_size="1" label="6.09 Decimal Addition and Subtraction II">
  <Problems>
    <Problem selection_features="" team_role="0" problem_file="comicstrip.brd" description="The longest running primetime TV show, the Simpsons, has been running 9.334 years. The longest running comic strip, The Dandy, has been running for 61.597 years." student_interface_class="" name="comicstrip" tutor_flag="tutor" student_interface="6.09.swf" label="The longest running primetime TV show, the Simpsons, has been running 9.334 years. The longest running comic strip, The Dandy, has been running for 61.597 years.">
      <Skills>
        <Skill name="Choose-Operation" category="Decimal-Addition-and-Subtraction" occurrences="1"/>
        <Skill name="Enter-Decimal-Point" category="Decimal-Addition-and-Subtraction" occurrences="3"/>
        <Skill name="Enter-addends" category="Decimal-Addition-and-Subtraction" occurrences="9"/>
        <Skill name="Sub-Column-With-No-Borrow" category="Decimal-Addition-and-Subtraction" occurrences="4"/>
        <Skill name="Sub-Column-With-Borrow" category="Decimal-Addition-and-Subtraction" occurrences="1"/>
      </Skills>
    </Problem>
    <Problem selection_features="" team_role="0" problem_file="gail.brd" description="Gail works at the post office. A customer has two packages to mail. One package weighs 2.381 pounds and the other package weighs 0.406 pounds." student_interface_class="" name="gail" tutor_flag="tutor" student_interface="6.09.swf" label="Gail works at the post office. A customer has two packages to mail. One package weighs 2.381 pounds and the other package weighs 0.406 pounds.">
      <Skills>
        <Skill name="Choose-Operation" category="Decimal-Addition-and-Subtraction" occurrences="1"/>
        <Skill name="Add-column-no-carry" category="Decimal-Addition-and-Subtraction" occurrences="4"/>
        <Skill name="Enter-Decimal-Point" category="Decimal-Addition-and-Subtraction" occurrences="3"/>
        <Skill name="Enter-addends" category="Decimal-Addition-and-Subtraction" occurrences="7"/>
      </Skills>
    </Problem>
    <Problem selection_features="" team_role="0" problem_file="groundhog.brd" description="Pennsylvania's Punxsutawney Phil, the famous weather-predicting groundhog, accurately reports the end of winter 45.3% of the time. New Jersey's Woodrow K. Chuck accurately predicts 54.18% of the time." student_interface_class="" name="groundhog" tutor_flag="tutor" student_interface="6.09.swf" label="Pennsylvania's Punxsutawney Phil, the famous weather-predicting groundhog, accurately reports the end of winter 45.3% of the time. New Jersey's Woodrow K. Chuck accurately predicts 54.18% of the time.">
      <Skills>
        <Skill name="Choose-Operation" category="Decimal-Addition-and-Subtraction" occurrences="1"/>
        <Skill name="Enter-Decimal-Point" category="Decimal-Addition-and-Subtraction" occurrences="2"/>
        <Skill name="Enter-addends" category="Decimal-Addition-and-Subtraction" occurrences="7"/>
        <Skill name="Sub-Column-With-No-Borrow" category="Decimal-Addition-and-Subtraction" occurrences="1"/>
        <Skill name="Sub-Column-With-Borrow" category="Decimal-Addition-and-Subtraction" occurrences="2"/>
      </Skills>
    </Problem>
    <Problem selection_features="" team_role="0" problem_file="roadtrip.brd" description="The distance from New Jersey to California is 2,925.17 miles. Lauren wants to take a roadtrip wit 2 of her other friends. They took a stop in Missouri, which is 1,056.429 miles from New Jersey." student_interface_class="" name="roadtrip" tutor_flag="tutor" student_interface="6.09.swf" label="The distance from New Jersey to California is 2,925.17 miles. Lauren wants to take a roadtrip wit 2 of her other friends. They took a stop in Missouri, which is 1,056.429 miles from New Jersey.">
      <Skills>
        <Skill name="Choose-Operation" category="Decimal-Addition-and-Subtraction" occurrences="1"/>
        <Skill name="Enter-Decimal-Point" category="Decimal-Addition-and-Subtraction" occurrences="3"/>
        <Skill name="Enter-addends" category="Decimal-Addition-and-Subtraction" occurrences="13"/>
        <Skill name="Sub-Column-With-Borrow-and-Loan" category="Decimal-Addition-and-Subtraction" occurrences="1"/>
        <Skill name="Sub-Column-With-No-Borrow" category="Decimal-Addition-and-Subtraction" occurrences="3"/>
        <Skill name="Sub-Column-With-Borrow" category="Decimal-Addition-and-Subtraction" occurrences="4"/>
      </Skills>
    </Problem>
  </Problems>
  <Categories>
    <Collection parent_name="" description="Released Problem Sets" name="general" label="Released Problem Sets" category="" parent_category=""/>
    <Standard parent_name="" description="PA Assessment Anchors" name="PA" label="PA Assessment Anchors" category="standard" parent_category=""/>
    <Standard parent_name="" description="NCTM Curriculum Focal Points" name="NCTM" label="NCTM Curriculum Focal Points" category="standard" parent_category=""/>
    <Standard parent_name="" description="Common Core Standards" name="CommonCore" label="Common Core Standards" category="standard" parent_category=""/>
    <Standard parent_name="" description="Student Standards" name="Student" label="Problem Set Categories" category="standard" parent_category=""/>
    <Grade parent_name="" description="5th Grade" name="5" label="5th Grade" category="" parent_category=""/>
    <Grade parent_name="" description="6th Grade" name="6" label="6th Grade" category="" parent_category=""/>
    <Standard parent_name="PA" description="A. Numbers and Operations" name="PA.A" label="A. Numbers and Operations" category="reporting_category" parent_category="standard"/>
    <Standard parent_name="PA.A" description="A.3. Compute accurately and fluently and make reasonable estimates." name="PA.A.3" label="A.3. Computation and Estimation" category="assessment_anchor" parent_category="reporting_category"/>
    <Standard parent_name="NCTM" description="A. Numbers and Operations" name="NCTM.A" label="A. Numbers and Operations" category="strand" parent_category="standard"/>
    <Standard parent_name="CommonCore" description="5th grade" name="CommonCore.5" label="5th Grade" category="grade_level" parent_category="standard"/>
    <Standard parent_name="CommonCore.5" description="5.NBT. Numbers and Operations in Base Ten" name="CommonCore.5.NBT" label="5.NBT. Numbers and Operations in Base Ten" category="strand" parent_category="grade_level"/>
    <Standard parent_name="CommonCore" description="6th Grade" name="CommonCore.6" label="6th Grade" category="grade_level" parent_category="standard"/>
    <Standard parent_name="CommonCore.6" description="6.NS. The Number System" name="CommonCore.6.NS" label="6.NS. The Number System" category="strand" parent_category="grade_level"/>
    <Standard parent_name="Student" description="Working with Decimals" name="Student.WD" label="Working with Decimals" category="strand" parent_category="standard"/>
  </Categories>
  <Skills>
    <Skill pLearn="0.2" pGuess="0.2" pSlip="0.1" description="Add Column No Carry" name="Add-column-no-carry" pKnown="0.25" category="Decimal-Addition-and-Subtraction" label="Add Column No Carry"/>
    <Skill pLearn="0.2" pGuess="0.2" pSlip="0.1" description="Choose Operation" name="Choose-Operation" pKnown="0.25" category="Decimal-Addition-and-Subtraction" label="Choose Operation"/>
    <Skill pLearn="0.2" pGuess="0.2" pSlip="0.1" description="Enter Addends" name="Enter-addends" pKnown="0.25" category="Decimal-Addition-and-Subtraction" label="Enter Addends"/>
    <Skill pLearn="0.2" pGuess="0.2" pSlip="0.1" description="Enter Decimal Point" name="Enter-Decimal-Point" pKnown="0.25" category="Decimal-Addition-and-Subtraction" label="Enter Decimal Point"/>
    <Skill pLearn="0.2" pGuess="0.2" pSlip="0.1" description="Sub Column With Borrow" name="Sub-Column-With-Borrow" pKnown="0.25" category="Decimal-Addition-and-Subtraction" label="Sub Column With Borrow"/>
    <Skill pLearn="0.2" pGuess="0.2" pSlip="0.1" description="Sub Column With Borrow And Loan" name="Sub-Column-With-Borrow-and-Loan" pKnown="0.25" category="Decimal-Addition-and-Subtraction" label="Sub Column With Borrow And Loan"/>
    <Skill pLearn="0.2" pGuess="0.2" pSlip="0.1" description="Sub Column With No Borrow" name="Sub-Column-With-No-Borrow" pKnown="0.25" category="Decimal-Addition-and-Subtraction" label="Sub Column With No Borrow"/>
  </Skills>
  <Assets>
  </Assets>
</ProblemSet>
