<?xml version="1.0" encoding="UTF-8"?>
<ProblemSet initial_sequence="0" selection_algorithm="sequential" max_count="1000" description="Student works with negative integers by continuously adding and subtracting different amounts from a starting value." max_repeat="1" label="7.09 Negative Integers" team_size="1" name="7.09" picture="">
  <Problems>
    <Problem selection_features="" problem_file="Problem 2.brd" description="Gerald began playing a board game. Money is earned if someone lands on your space and lost if you land on someone else's. Spaces can be bought. Gerald started the game off with $200. Help him keep track of his balance as the game starts." student_interface="7.9 interface.swf" label="Gerald began playing a board game. Money is earned if someone lands on your space and lost if you land on someone else's. Spaces can be bought. Gerald started the game off with $200. Help him keep track of his balance as the game starts." name="Board Game" student_interface_class="" tutor_flag="tutor" team_role="0">
      <Skills>
      </Skills>
    </Problem>
    <Problem selection_features="" problem_file="Problem 3.brd" description="Tanya got a new credit card with an initial balance of $0. Help Tanya keep track of her running balance as she shops." student_interface="7.9 interface.swf" label="Tanya got a new credit card with an initial balance of $0. Help Tanya keep track of her running balance as she shops." name="Credit Card" student_interface_class="" tutor_flag="tutor" team_role="0">
      <Skills>
      </Skills>
    </Problem>
    <Problem selection_features="" problem_file="Problem 5.brd" description="Death Valley, California holds the lowest point in the United States at 282 ft. below sea level. Elevations around the park rise to 11,049 ft. above sea level. A part ranger travels around the park, starting 2700 ft. Help keep track of his altitude throug" student_interface="7.9 interface.swf" label="Death Valley, California holds the lowest point in the United States at 282 ft. below sea level. Elevations around the park rise to 11,049 ft. above sea level. A part ranger travels around the park, starting 2700 ft. Help keep track of his altitude throug" name="Death Valley" student_interface_class="" tutor_flag="tutor" team_role="0">
      <Skills>
      </Skills>
    </Problem>
    <Problem selection_features="" problem_file="Problem 6.brd" description="A wacky inventor has just come up with an idea he thinks he can sell: a flying submarine. Starting on the surface of the ocean (0 ft.) he tests his prototype by moving to different heights and depths. Calculate how high and low the submarine went." student_interface="7.9 interface.swf" label="A wacky inventor has just come up with an idea he thinks he can sell: a flying submarine. Starting on the surface of the ocean (0 ft.) he tests his prototype by moving to different heights and depths. Calculate how high and low the submarine went." name="Flying Submarine" student_interface_class="" tutor_flag="tutor" team_role="0">
      <Skills>
      </Skills>
    </Problem>
    <Problem selection_features="" problem_file="Problem 7.brd" description="The Bears received the opening kickoff of their football game against the Crows. The yards they gained and lost on each of the first 6 plays are shown below. compute the total number of yards gained by the Bears." student_interface="7.9 interface.swf" label="The Bears received the opening kickoff of their football game against the Crows. The yards they gained and lost on each of the first 6 plays are shown below. compute the total number of yards gained by the Bears." name="BearsCrows" student_interface_class="" tutor_flag="tutor" team_role="0">
      <Skills>
      </Skills>
    </Problem>
    <Problem selection_features="" problem_file="Problem 8.brd" description="The Lions received the 2nd half kickoff in their game with the Falcons. They were penalized 5 yards for delay of game before their first play. The yards they gained or lost in the next six plays is shown. compute total yards gained by the Lions." student_interface="7.9 interface.swf" label="The Lions received the 2nd half kickoff in their game with the Falcons. They were penalized 5 yards for delay of game before their first play. The yards they gained or lost in the next six plays is shown. compute total yards gained by the Lions." name="LionsFalcons" student_interface_class="" tutor_flag="tutor" team_role="0">
      <Skills>
      </Skills>
    </Problem>
    <Problem selection_features="" problem_file="Problem 9.brd" description="Jeopardy2" student_interface="7.9 interface.swf" label="Jeopardy2" name="Jeopardy2" student_interface_class="" tutor_flag="tutor" team_role="0">
      <Skills>
      </Skills>
    </Problem>
  </Problems>
  <Categories>
    <Collection category="" description="Released Problem Sets" parent_category="" label="Released Problem Sets" parent_name="" name="general"/>
    <Standard category="standard" description="PA Assessment Anchors" parent_category="" label="PA Assessment Anchors" parent_name="" name="PA"/>
    <Standard category="standard" description="NCTM Curriculum Focal Points" parent_category="" label="NCTM Curriculum Focal Points" parent_name="" name="NCTM"/>
    <Standard category="standard" description="Common Core Standards" parent_category="" label="Common Core Standards" parent_name="" name="CommonCore"/>
    <Standard category="standard" description="Student Standards" parent_category="" label="Problem Set Categories" parent_name="" name="Student"/>
    <Grade category="" description="7th Grade" parent_category="" label="7th Grade" parent_name="" name="7"/>
    <Standard category="reporting_category" description="A. Numbers and Operations" parent_category="standard" label="A. Numbers and Operations" parent_name="PA" name="PA.A"/>
    <Standard category="assessment_anchor" description="A.2. Understand the meanings of operations, use operations and understand how they relate to each other." parent_category="reporting_category" label="A.2. Operations: Meanings, Uses and Relationships" parent_name="PA.A" name="PA.A.2"/>
    <Standard category="strand" description="A. Numbers and Operations" parent_category="standard" label="A. Numbers and Operations" parent_name="NCTM" name="NCTM.A"/>
    <Standard category="grade_level" description="7th Grade" parent_category="standard" label="7th Grade" parent_name="CommonCore" name="CommonCore.7"/>
    <Standard category="strand" description="7.NS. The Number System" parent_category="grade_level" label="7.NS. The Number System" parent_name="CommonCore.7" name="CommonCore.7.NS"/>
    <Standard category="strand" description="Working with Integers" parent_category="standard" label="Working with Integers" parent_name="Student" name="Student.WI"/>
  </Categories>
  <Skills>
  </Skills>
  <Assets>
  </Assets>
</ProblemSet>
