<?xml version="1.0" encoding="UTF-8"?>
<ProblemSet initial_sequence="0" selection_algorithm="sequential" max_count="1000" description="Student will locate fractions on a number line that has been calibrated with whole numbers only." max_repeat="1" label="6.19 Fractions and Estimates" team_size="1" name="6.19" picture="">
  <Problems>
    <Problem selection_features="" problem_file="01tv.brd" description="A TV ratings company is trying to determine who is watching a certain TV show. " student_interface="6_19.swf" label="A TV ratings company is trying to determine who is watching a certain TV show. " name="01 TV Show" student_interface_class="" tutor_flag="tutor" team_role="0">
      <Skills>
        <Skill category="6-17_Fraction_Identification" occurrences="1" name="EstFractionNumLine"/>
        <Skill category="6-19_Fraction_And_Estimates" occurrences="1" name="convertToMixedNum"/>
        <Skill category="6-17_Fraction_Identification" occurrences="1" name="FracLess1"/>
        <Skill category="6-17_Fraction_Identification" occurrences="1" name="IdenDenominator"/>
        <Skill category="6-17_Fraction_Identification" occurrences="1" name="IdenNumerator"/>
      </Skills>
    </Problem>
    <Problem selection_features="" problem_file="02tv.brd" description="Recall the previous problem; a TV ratings company determined that 1/5 of the people watching the show is less than 18 years old. " student_interface="6_19.swf" label="Recall the previous problem; a TV ratings company determined that 1/5 of the people watching the show is less than 18 years old. " name="02 TV Show 2" student_interface_class="" tutor_flag="tutor" team_role="0">
      <Skills>
        <Skill category="6-17_Fraction_Identification" occurrences="1" name="EstFractionNumLine"/>
        <Skill category="6-19_Fraction_And_Estimates" occurrences="1" name="convertToMixedNum"/>
        <Skill category="6-17_Fraction_Identification" occurrences="1" name="FracLess1"/>
        <Skill category="6-17_Fraction_Identification" occurrences="1" name="IdenDenominator"/>
        <Skill category="6-17_Fraction_Identification" occurrences="1" name="IdenNumerator"/>
      </Skills>
    </Problem>
    <Problem selection_features="" problem_file="03football.brd" description="Brad is the quarterback of his school's football team. " student_interface="6_19.swf" label="Brad is the quarterback of his school's football team. " name="03 Football Team" student_interface_class="" tutor_flag="tutor" team_role="0">
      <Skills>
        <Skill category="6-17_Fraction_Identification" occurrences="1" name="EstFractionNumLine"/>
        <Skill category="6-19_Fraction_And_Estimates" occurrences="1" name="convertToMixedNum"/>
        <Skill category="6-17_Fraction_Identification" occurrences="1" name="FracLess1"/>
        <Skill category="6-17_Fraction_Identification" occurrences="1" name="IdenDenominator"/>
        <Skill category="6-17_Fraction_Identification" occurrences="1" name="IdenNumerator"/>
      </Skills>
    </Problem>
    <Problem selection_features="" problem_file="04president.brd" description="Jason became the next class president because 7/10 of the school's student voted for him!" student_interface="6_19.swf" label="Jason became the next class president because 7/10 of the school's student voted for him!" name="04 Class President" student_interface_class="" tutor_flag="tutor" team_role="0">
      <Skills>
        <Skill category="6-17_Fraction_Identification" occurrences="1" name="EstFractionNumLine"/>
        <Skill category="6-19_Fraction_And_Estimates" occurrences="1" name="convertToMixedNum"/>
        <Skill category="6-17_Fraction_Identification" occurrences="1" name="FracLess1"/>
        <Skill category="6-17_Fraction_Identification" occurrences="1" name="IdenDenominator"/>
        <Skill category="6-17_Fraction_Identification" occurrences="1" name="IdenNumerator"/>
      </Skills>
    </Problem>
    <Problem selection_features="" problem_file="05music.brd" description="Jack is enjoying a certain music that is 6 minutes long," student_interface="6_19.swf" label="Jack is enjoying a certain music that is 6 minutes long," name="05 Music" student_interface_class="" tutor_flag="tutor" team_role="0">
      <Skills>
        <Skill category="6-17_Fraction_Identification" occurrences="1" name="EstFractionNumLine"/>
        <Skill category="6-19_Fraction_And_Estimates" occurrences="1" name="convertToMixedNum"/>
        <Skill category="6-17_Fraction_Identification" occurrences="1" name="FracLess1"/>
        <Skill category="6-17_Fraction_Identification" occurrences="1" name="IdenDenominator"/>
        <Skill category="6-17_Fraction_Identification" occurrences="1" name="IdenNumerator"/>
      </Skills>
    </Problem>
    <Problem selection_features="" problem_file="06boyschool.brd" description="Turns out that Brad's school has more boys and then girls! " student_interface="6_19.swf" label="Turns out that Brad's school has more boys and then girls! " name="06 Brad's School" student_interface_class="" tutor_flag="tutor" team_role="0">
      <Skills>
        <Skill category="6-17_Fraction_Identification" occurrences="1" name="EstFractionNumLine"/>
        <Skill category="6-19_Fraction_And_Estimates" occurrences="1" name="convertToMixedNum"/>
        <Skill category="6-17_Fraction_Identification" occurrences="1" name="FracLess1"/>
        <Skill category="6-17_Fraction_Identification" occurrences="1" name="IdenDenominator"/>
        <Skill category="6-17_Fraction_Identification" occurrences="1" name="IdenNumerator"/>
      </Skills>
    </Problem>
    <Problem selection_features="" problem_file="07tomato.brd" description="Sally's aunt has a small tomato garden in her backyard," student_interface="6_19.swf" label="Sally's aunt has a small tomato garden in her backyard," name="07 Tomato Garden" student_interface_class="" tutor_flag="tutor" team_role="0">
      <Skills>
        <Skill category="6-17_Fraction_Identification" occurrences="1" name="EstFractionNumLine"/>
        <Skill category="6-19_Fraction_And_Estimates" occurrences="1" name="convertToMixedNum"/>
        <Skill category="6-17_Fraction_Identification" occurrences="1" name="FracLess1"/>
        <Skill category="6-17_Fraction_Identification" occurrences="1" name="IdenDenominator"/>
        <Skill category="6-17_Fraction_Identification" occurrences="1" name="IdenNumerator"/>
      </Skills>
    </Problem>
    <Problem selection_features="" problem_file="08bowl.brd" description="Cheryl and Leslie were bowling." student_interface="6_19.swf" label="Cheryl and Leslie were bowling." name="08 Bowling" student_interface_class="" tutor_flag="tutor" team_role="0">
      <Skills>
        <Skill category="6-17_Fraction_Identification" occurrences="1" name="EstFractionNumLine"/>
        <Skill category="6-19_Fraction_And_Estimates" occurrences="1" name="convertToMixedNum"/>
        <Skill category="6-17_Fraction_Identification" occurrences="1" name="FracLess1"/>
        <Skill category="6-17_Fraction_Identification" occurrences="1" name="IdenDenominator"/>
        <Skill category="6-17_Fraction_Identification" occurrences="1" name="IdenNumerator"/>
      </Skills>
    </Problem>
    <Problem selection_features="" problem_file="09fence.brd" description="Lisa is painting a small fence by the fond in her backyard." student_interface="6_19.swf" label="Lisa is painting a small fence by the fond in her backyard." name="09 Fence Painting" student_interface_class="" tutor_flag="tutor" team_role="0">
      <Skills>
        <Skill category="6-17_Fraction_Identification" occurrences="1" name="EstFractionNumLine"/>
        <Skill category="6-19_Fraction_And_Estimates" occurrences="1" name="convertToMixedNum"/>
        <Skill category="6-17_Fraction_Identification" occurrences="1" name="FracLess1"/>
        <Skill category="6-17_Fraction_Identification" occurrences="1" name="IdenDenominator"/>
        <Skill category="6-17_Fraction_Identification" occurrences="1" name="IdenNumerator"/>
      </Skills>
    </Problem>
    <Problem selection_features="" problem_file="10highlighters.brd" description="You have two packs of highlighters, and each pack has 5 highlighters," student_interface="6_19.swf" label="You have two packs of highlighters, and each pack has 5 highlighters," name="10 Highlight Collection" student_interface_class="" tutor_flag="tutor" team_role="0">
      <Skills>
        <Skill category="6-17_Fraction_Identification" occurrences="1" name="EstFractionNumLine"/>
        <Skill category="6-19_Fraction_And_Estimates" occurrences="1" name="convertToMixedNum"/>
        <Skill category="6-17_Fraction_Identification" occurrences="1" name="FracLess1"/>
        <Skill category="6-17_Fraction_Identification" occurrences="1" name="IdenDenominator"/>
        <Skill category="6-17_Fraction_Identification" occurrences="1" name="IdenNumerator"/>
      </Skills>
    </Problem>
    <Problem selection_features="" problem_file="11park.brd" description="Sarah parked her car at a parking meter. " student_interface="6_19.swf" label="Sarah parked her car at a parking meter. " name="11 Parking" student_interface_class="" tutor_flag="tutor" team_role="0">
      <Skills>
        <Skill category="6-17_Fraction_Identification" occurrences="1" name="EstFractionNumLine"/>
        <Skill category="6-19_Fraction_And_Estimates" occurrences="1" name="convertToMixedNum"/>
        <Skill category="6-17_Fraction_Identification" occurrences="1" name="FracLess1"/>
        <Skill category="6-17_Fraction_Identification" occurrences="1" name="IdenDenominator"/>
        <Skill category="6-17_Fraction_Identification" occurrences="1" name="IdenNumerator"/>
      </Skills>
    </Problem>
    <Problem selection_features="" problem_file="12park.brd" description="What if Sarah parked a bit longer at the same parking meter?" student_interface="6_19.swf" label="What if Sarah parked a bit longer at the same parking meter?" name="12 Parking 2" student_interface_class="" tutor_flag="tutor" team_role="0">
      <Skills>
        <Skill category="6-17_Fraction_Identification" occurrences="1" name="EstFractionNumLine"/>
        <Skill category="6-19_Fraction_And_Estimates" occurrences="1" name="convertToMixedNum"/>
        <Skill category="6-17_Fraction_Identification" occurrences="1" name="FracGreater1"/>
        <Skill category="6-17_Fraction_Identification" occurrences="1" name="IdenDenominator"/>
        <Skill category="6-17_Fraction_Identification" occurrences="1" name="IdenNumerator"/>
      </Skills>
    </Problem>
    <Problem selection_features="" problem_file="13pizza.brd" description="Rick ordered two pizzas and invited a couple of friends over for dinner." student_interface="6_19.swf" label="Rick ordered two pizzas and invited a couple of friends over for dinner." name="13 Pizza" student_interface_class="" tutor_flag="tutor" team_role="0">
      <Skills>
        <Skill category="6-17_Fraction_Identification" occurrences="1" name="EstFractionNumLine"/>
        <Skill category="6-19_Fraction_And_Estimates" occurrences="1" name="convertToMixedNum"/>
        <Skill category="6-17_Fraction_Identification" occurrences="1" name="FracGreater1"/>
        <Skill category="6-17_Fraction_Identification" occurrences="1" name="IdenDenominator"/>
        <Skill category="6-17_Fraction_Identification" occurrences="1" name="IdenNumerator"/>
      </Skills>
    </Problem>
    <Problem selection_features="" problem_file="14ex.brd" description="Sometimes it is easier to estimate fraction when they are in mixed number form." student_interface="6_19.swf" label="Sometimes it is easier to estimate fraction when they are in mixed number form." name="14 Hint" student_interface_class="" tutor_flag="tutor" team_role="0">
      <Skills>
        <Skill category="6-17_Fraction_Identification" occurrences="1" name="EstFractionNumLine"/>
        <Skill category="6-19_Fraction_And_Estimates" occurrences="1" name="convertToMixedNum"/>
        <Skill category="6-17_Fraction_Identification" occurrences="1" name="FracGreater1"/>
        <Skill category="6-17_Fraction_Identification" occurrences="1" name="IdenDenominator"/>
        <Skill category="6-17_Fraction_Identification" occurrences="1" name="IdenNumerator"/>
      </Skills>
    </Problem>
    <Problem selection_features="" problem_file="15baseball.brd" description="Sean's baseball team played against Barry's team." student_interface="6_19.swf" label="Sean's baseball team played against Barry's team." name="15 Baseball Team" student_interface_class="" tutor_flag="tutor" team_role="0">
      <Skills>
        <Skill category="6-17_Fraction_Identification" occurrences="1" name="EstFractionNumLine"/>
        <Skill category="6-19_Fraction_And_Estimates" occurrences="1" name="convertToMixedNum"/>
        <Skill category="6-17_Fraction_Identification" occurrences="1" name="FracGreater1"/>
        <Skill category="6-17_Fraction_Identification" occurrences="1" name="IdenDenominator"/>
        <Skill category="6-17_Fraction_Identification" occurrences="1" name="IdenNumerator"/>
      </Skills>
    </Problem>
    <Problem selection_features="" problem_file="16muffin.brd" description="Jamie is helping her parents bake very large batch of cupcake for a party tomorrow." student_interface="6_19.swf" label="Jamie is helping her parents bake very large batch of cupcake for a party tomorrow." name="16 Muffin Baking" student_interface_class="" tutor_flag="tutor" team_role="0">
      <Skills>
        <Skill category="6-17_Fraction_Identification" occurrences="1" name="EstFractionNumLine"/>
        <Skill category="6-19_Fraction_And_Estimates" occurrences="1" name="convertToMixedNum"/>
        <Skill category="6-17_Fraction_Identification" occurrences="1" name="FracGreater1"/>
        <Skill category="6-17_Fraction_Identification" occurrences="1" name="IdenDenominator"/>
        <Skill category="6-17_Fraction_Identification" occurrences="1" name="IdenNumerator"/>
      </Skills>
    </Problem>
    <Problem selection_features="" problem_file="17juice.brd" description="Every morning, Lili's mother prepares a pitch of tomato juice for Lili and her sister." student_interface="6_19.swf" label="Every morning, Lili's mother prepares a pitch of tomato juice for Lili and her sister." name="17 Tomato Juice" student_interface_class="" tutor_flag="tutor" team_role="0">
      <Skills>
        <Skill category="6-17_Fraction_Identification" occurrences="1" name="EstFractionNumLine"/>
        <Skill category="6-19_Fraction_And_Estimates" occurrences="1" name="convertToMixedNum"/>
        <Skill category="6-17_Fraction_Identification" occurrences="1" name="FracGreater1"/>
        <Skill category="6-17_Fraction_Identification" occurrences="1" name="IdenDenominator"/>
        <Skill category="6-17_Fraction_Identification" occurrences="1" name="IdenNumerator"/>
      </Skills>
    </Problem>
    <Problem selection_features="" problem_file="18dozen.brd" description="Katie has a huge collection of colorful pens; she have 33 of them!" student_interface="6_19.swf" label="Katie has a huge collection of colorful pens; she have 33 of them!" name="18 Dozens of Pens" student_interface_class="" tutor_flag="tutor" team_role="0">
      <Skills>
        <Skill category="6-17_Fraction_Identification" occurrences="1" name="EstFractionNumLine"/>
        <Skill category="6-19_Fraction_And_Estimates" occurrences="1" name="convertToMixedNum"/>
        <Skill category="6-17_Fraction_Identification" occurrences="1" name="FracGreater1"/>
        <Skill category="6-17_Fraction_Identification" occurrences="1" name="IdenDenominator"/>
        <Skill category="6-17_Fraction_Identification" occurrences="1" name="IdenNumerator"/>
      </Skills>
    </Problem>
    <Problem selection_features="" problem_file="19gum.brd" description="Brandon had packs of gum that he shared with his friends." student_interface="6_19.swf" label="Brandon had packs of gum that he shared with his friends." name="19 Gum Sharing" student_interface_class="" tutor_flag="tutor" team_role="0">
      <Skills>
        <Skill category="6-17_Fraction_Identification" occurrences="1" name="EstFractionNumLine"/>
        <Skill category="6-19_Fraction_And_Estimates" occurrences="1" name="convertToMixedNum"/>
        <Skill category="6-17_Fraction_Identification" occurrences="1" name="FracGreater1"/>
        <Skill category="6-17_Fraction_Identification" occurrences="1" name="IdenDenominator"/>
        <Skill category="6-17_Fraction_Identification" occurrences="1" name="IdenNumerator"/>
      </Skills>
    </Problem>
    <Problem selection_features="" problem_file="20gum.brd" description="What if Brandon shared more gums?" student_interface="6_19.swf" label="What if Brandon shared more gums?" name="20 Gum Sharing 2" student_interface_class="" tutor_flag="tutor" team_role="0">
      <Skills>
        <Skill category="6-17_Fraction_Identification" occurrences="1" name="EstFractionNumLine"/>
        <Skill category="6-19_Fraction_And_Estimates" occurrences="1" name="convertToMixedNum"/>
        <Skill category="6-17_Fraction_Identification" occurrences="1" name="FracGreater1"/>
        <Skill category="6-17_Fraction_Identification" occurrences="1" name="IdenDenominator"/>
        <Skill category="6-17_Fraction_Identification" occurrences="1" name="IdenNumerator"/>
      </Skills>
    </Problem>
    <Problem selection_features="" problem_file="21project.brd" description="Eric had two weeks to finish a science project." student_interface="6_19.swf" label="Eric had two weeks to finish a science project." name="21 Project" student_interface_class="" tutor_flag="tutor" team_role="0">
      <Skills>
        <Skill category="6-17_Fraction_Identification" occurrences="1" name="EstFractionNumLine"/>
        <Skill category="6-19_Fraction_And_Estimates" occurrences="1" name="convertToMixedNum"/>
        <Skill category="6-17_Fraction_Identification" occurrences="1" name="FracGreater1"/>
        <Skill category="6-17_Fraction_Identification" occurrences="1" name="IdenDenominator"/>
        <Skill category="6-17_Fraction_Identification" occurrences="1" name="IdenNumerator"/>
      </Skills>
    </Problem>
    <Problem selection_features="" problem_file="22water.brd" description="John has 9 bottles of water, and wishes to move them to bigger water bottles. " student_interface="6_19.swf" label="John has 9 bottles of water, and wishes to move them to bigger water bottles. " name="22 Water Bottles" student_interface_class="" tutor_flag="tutor" team_role="0">
      <Skills>
        <Skill category="6-17_Fraction_Identification" occurrences="1" name="EstFractionNumLine"/>
        <Skill category="6-19_Fraction_And_Estimates" occurrences="1" name="convertToMixedNum"/>
        <Skill category="6-17_Fraction_Identification" occurrences="1" name="FracGreater1"/>
        <Skill category="6-17_Fraction_Identification" occurrences="1" name="IdenDenominator"/>
        <Skill category="6-17_Fraction_Identification" occurrences="1" name="IdenNumerator"/>
      </Skills>
    </Problem>
  </Problems>
  <Categories>
    <Collection category="" description="Released Problem Sets" parent_category="" label="Released Problem Sets" parent_name="" name="general"/>
    <Standard category="standard" description="PA Assessment Anchors" parent_category="" label="PA Assessment Anchors" parent_name="" name="PA"/>
    <Standard category="standard" description="NCTM Curriculum Focal Points" parent_category="" label="NCTM Curriculum Focal Points" parent_name="" name="NCTM"/>
    <Standard category="standard" description="Common Core Standards" parent_category="" label="Common Core Standards" parent_name="" name="CommonCore"/>
    <Standard category="standard" description="Student Standards" parent_category="" label="Problem Set Categories" parent_name="" name="Student"/>
    <Grade category="" description="6th Grade" parent_category="" label="6th Grade" parent_name="" name="6"/>
    <Grade category="" description="7th Grade" parent_category="" label="7th Grade" parent_name="" name="7"/>
    <Standard category="reporting_category" description="A. Numbers and Operations" parent_category="standard" label="A. Numbers and Operations" parent_name="PA" name="PA.A"/>
    <Standard category="assessment_anchor" description="A.1. Demonstrate an understanding of numbers, ways of representing numbers, relationships among numbers, and number systems." parent_category="reporting_category" label="A.1. Numbers: Representations, Relationships and Systems" parent_name="PA.A" name="PA.A.1"/>
    <Standard category="strand" description="A. Numbers and Operations" parent_category="standard" label="A. Numbers and Operations" parent_name="NCTM" name="NCTM.A"/>
    <Standard category="grade_level" description="6th Grade" parent_category="standard" label="6th Grade" parent_name="CommonCore" name="CommonCore.6"/>
    <Standard category="strand" description="6.NS. The Number System" parent_category="grade_level" label="6.NS. The Number System" parent_name="CommonCore.6" name="CommonCore.6.NS"/>
    <Standard category="strand" description="Working with Fractions" parent_category="standard" label="Working with Fractions" parent_name="Student" name="Student.WF"/>
  </Categories>
  <Skills>
    <Skill category="6-19_Fraction_And_Estimates" pKnown="0.25" description="Convert an improper fraction to a mixed number" pLearn="0.2" label="Convert an improper fraction to a mixed number" name="convertToMixedNum" pGuess="0.2" pSlip="0.1"/>
    <Skill category="6-17_Fraction_Identification" pKnown="0.25" description="Estimate Fraction" pLearn="0.2" label="Estimate Fraction" name="EstFractionNumLine" pGuess="0.2" pSlip="0.1"/>
    <Skill category="6-17_Fraction_Identification" pKnown="0.25" description="Identify the denominator" pLearn="0.2" label="Identify the denominator" name="IdenDenominator" pGuess="0.2" pSlip="0.1"/>
    <Skill category="6-17_Fraction_Identification" pKnown="0.25" description="Identify the numerator" pLearn="0.2" label="Identify the numerator" name="IdenNumerator" pGuess="0.2" pSlip="0.1"/>
    <Skill category="6-17_Fraction_Identification" pKnown="0.25" description="Work with fraction greater than 1" pLearn="0.2" label="Work with fraction greater than 1" name="FracGreater1" pGuess="0.2" pSlip="0.1"/>
    <Skill category="6-17_Fraction_Identification" pKnown="0.25" description="Work with fraction less than 1" pLearn="0.2" label="Work with fraction less than 1" name="FracLess1" pGuess="0.2" pSlip="0.1"/>
  </Skills>
  <Assets>
  </Assets>
</ProblemSet>
