<?xml version="1.0" encoding="UTF-8"?>
<ProblemSet initial_sequence="0" selection_algorithm="sequential" max_count="1000" description="Gives student the opportunity to practice computing with rational numbers that are both positive and negative." max_repeat="1" label="8.09 Negative Rational Numbers" team_size="1" name="8.09" picture="">
  <Problems>
    <Problem selection_features="" problem_file="8.9.2.brd" description="Perception Olympics" student_interface="8.09.swf" label="Perception Olympics" name="01" student_interface_class="" tutor_flag="tutor" team_role="0">
      <Skills>
        <Skill category="Negative_Fraction" occurrences="1" name="Find_new_total_with_neg_fraction"/>
        <Skill category="Negative_Fraction" occurrences="1" name="Find_new_total_with_pos_fraction"/>
        <Skill category="Negative_Fraction" occurrences="1" name="Show_work_with_neg_fraction"/>
        <Skill category="Negative_Fraction" occurrences="6" name="Carry_New_Total"/>
        <Skill category="Negative_Fraction" occurrences="7" name="Enter_Given"/>
        <Skill category="Negative_Fraction" occurrences="1" name="Show_work_with_pos_fraction"/>
      </Skills>
    </Problem>
    <Problem selection_features="" problem_file="8.9.3.brd" description="Acme Construction" student_interface="8.09.swf" label="Acme Construction" name="02" student_interface_class="" tutor_flag="tutor" team_role="0">
      <Skills>
        <Skill category="Negative_Fraction" occurrences="1" name="Find_new_total_with_pos_fraction"/>
        <Skill category="Negative_Fraction" occurrences="1" name="Find_new_total_with_neg_fraction"/>
        <Skill category="Negative_Fraction" occurrences="1" name="Show_work_with_neg_fraction"/>
        <Skill category="Negative_Fraction" occurrences="6" name="Carry_New_Total"/>
        <Skill category="Negative_Fraction" occurrences="7" name="Enter_Given"/>
        <Skill category="Negative_Fraction" occurrences="1" name="Show_work_with_pos_fraction"/>
      </Skills>
    </Problem>
    <Problem selection_features="" problem_file="8.9.4.brd" description="Channel 8" student_interface="8.09.swf" label="Channel 8" name="03" student_interface_class="" tutor_flag="tutor" team_role="0">
      <Skills>
        <Skill category="Negative_Fraction" occurrences="1" name="Find_new_total_with_neg_fraction"/>
        <Skill category="Negative_Fraction" occurrences="1" name="Find_new_total_with_pos_fraction"/>
        <Skill category="Negative_Fraction" occurrences="1" name="Show_work_with_neg_fraction"/>
        <Skill category="Negative_Fraction" occurrences="6" name="Carry_New_Total"/>
        <Skill category="Negative_Fraction" occurrences="7" name="Enter_Given"/>
        <Skill category="Negative_Fraction" occurrences="1" name="Show_work_with_pos_fraction"/>
      </Skills>
    </Problem>
    <Problem selection_features="" problem_file="8.9.5.brd" description="Jarrod" student_interface="8.09.swf" label="Jarrod" name="04" student_interface_class="" tutor_flag="tutor" team_role="0">
      <Skills>
        <Skill category="Negative_Fraction" occurrences="1" name="Find_new_total_with_neg_fraction"/>
        <Skill category="Negative_Fraction" occurrences="1" name="Show_work_with_neg_fraction"/>
        <Skill category="Negative_Fraction" occurrences="6" name="Carry_New_Total"/>
        <Skill category="Negative_Fraction" occurrences="7" name="Enter_Given"/>
        <Skill category="Negative_Fraction" occurrences="1" name="Find_new_total_with_pos_fraction"/>
        <Skill category="Negative_Fraction" occurrences="1" name="Show_work_with_pos_fraction"/>
      </Skills>
    </Problem>
    <Problem selection_features="" problem_file="8.9.6.brd" description="Casey" student_interface="8.09.swf" label="Casey" name="05" student_interface_class="" tutor_flag="tutor" team_role="0">
      <Skills>
        <Skill category="Negative_Fraction" occurrences="1" name="Find_new_total_with_neg_fraction"/>
        <Skill category="Negative_Fraction" occurrences="1" name="Show_work_with_neg_fraction"/>
        <Skill category="Negative_Fraction" occurrences="6" name="Carry_New_Total"/>
        <Skill category="Negative_Fraction" occurrences="7" name="Enter_Given"/>
        <Skill category="Negative_Fraction" occurrences="1" name="Find_new_total_with_pos_fraction"/>
        <Skill category="Negative_Fraction" occurrences="1" name="Show_work_with_pos_fraction"/>
      </Skills>
    </Problem>
    <Problem selection_features="" problem_file="8.9.7.brd" description="Spreadsheet" student_interface="8.09.swf" label="Spreadsheet" name="06" student_interface_class="" tutor_flag="tutor" team_role="0">
      <Skills>
        <Skill category="Negative_Fraction" occurrences="1" name="Find_new_total_with_neg_fraction"/>
        <Skill category="Negative_Fraction" occurrences="1" name="Find_new_total_with_pos_fraction"/>
        <Skill category="Negative_Fraction" occurrences="1" name="Show_work_with_neg_fraction"/>
        <Skill category="Negative_Fraction" occurrences="6" name="Carry_New_Total"/>
        <Skill category="Negative_Fraction" occurrences="7" name="Enter_Given"/>
        <Skill category="Negative_Fraction" occurrences="1" name="Show_work_with_pos_fraction"/>
      </Skills>
    </Problem>
    <Problem selection_features="" problem_file="8.9.8.brd" description="Kristen" student_interface="8.09.swf" label="Kristen" name="07" student_interface_class="" tutor_flag="tutor" team_role="0">
      <Skills>
        <Skill category="Negative_Fraction" occurrences="1" name="Find_new_total_with_neg_fraction"/>
        <Skill category="Negative_Fraction" occurrences="1" name="Find_new_total_with_pos_fraction"/>
        <Skill category="Negative_Fraction" occurrences="1" name="Show_work_with_neg_fraction"/>
        <Skill category="Negative_Fraction" occurrences="6" name="Carry_New_Total"/>
        <Skill category="Negative_Fraction" occurrences="7" name="Enter_Given"/>
        <Skill category="Negative_Fraction" occurrences="1" name="Show_work_with_pos_fraction"/>
      </Skills>
    </Problem>
    <Problem selection_features="" problem_file="8.9.9.brd" description="Perception Olympics 2" student_interface="8.09.swf" label="Perception Olympics 2" name="08" student_interface_class="" tutor_flag="tutor" team_role="0">
      <Skills>
        <Skill category="Negative_Fraction" occurrences="1" name="Find_new_total_with_neg_fraction"/>
        <Skill category="Negative_Fraction" occurrences="1" name="Show_work_with_pos_fraction"/>
        <Skill category="Negative_Fraction" occurrences="6" name="Carry_New_Total"/>
        <Skill category="Negative_Fraction" occurrences="7" name="Enter_Given"/>
        <Skill category="Negative_Fraction" occurrences="1" name="Show_work_with_neg_fraction"/>
        <Skill category="Negative_Fraction" occurrences="1" name="Find_new_total_with_pos_fraction"/>
      </Skills>
    </Problem>
    <Problem selection_features="" problem_file="8.9.10.brd" description="Chris" student_interface="8.09.swf" label="Chris" name="09" student_interface_class="" tutor_flag="tutor" team_role="0">
      <Skills>
        <Skill category="Negative_Fraction" occurrences="1" name="Find_new_total_with_neg_fraction"/>
        <Skill category="Negative_Fraction" occurrences="1" name="Show_work_with_neg_fraction"/>
        <Skill category="Negative_Fraction" occurrences="6" name="Carry_New_Total"/>
        <Skill category="Negative_Fraction" occurrences="7" name="Enter_Given"/>
        <Skill category="Negative_Fraction" occurrences="1" name="Show_work_with_pos_fraction"/>
        <Skill category="Negative_Fraction" occurrences="1" name="Find_new_total_with_pos_fraction"/>
      </Skills>
    </Problem>
  </Problems>
  <Categories>
    <Collection category="" description="Released Problem Sets" parent_category="" label="Released Problem Sets" parent_name="" name="general"/>
    <Standard category="standard" description="PA Assessment Anchors" parent_category="" label="PA Assessment Anchors" parent_name="" name="PA"/>
    <Standard category="standard" description="NCTM Curriculum Focal Points" parent_category="" label="NCTM Curriculum Focal Points" parent_name="" name="NCTM"/>
    <Standard category="standard" description="Common Core Standards" parent_category="" label="Common Core Standards" parent_name="" name="CommonCore"/>
    <Standard category="standard" description="Student Standards" parent_category="" label="Problem Set Categories" parent_name="" name="Student"/>
    <Grade category="" description="7th Grade" parent_category="" label="7th Grade" parent_name="" name="7"/>
    <Grade category="" description="8th Grade" parent_category="" label="8th Grade" parent_name="" name="8"/>
    <Standard category="reporting_category" description="D. Algebraic Concepts" parent_category="standard" label="D. Algebraic Concepts" parent_name="PA" name="PA.D"/>
    <Standard category="assessment_anchor" description="D.2. Represent and/or analyze mathematical situations and structures using algebraic symbols, words, tables, and graphs." parent_category="reporting_category" label="D.2. Represent Situations and Structures" parent_name="PA.D" name="PA.D.2"/>
    <Standard category="strand" description="A. Numbers and Operations" parent_category="standard" label="A. Numbers and Operations" parent_name="NCTM" name="NCTM.A"/>
    <Standard category="grade_level" description="7th Grade" parent_category="standard" label="7th Grade" parent_name="CommonCore" name="CommonCore.7"/>
    <Standard category="strand" description="7.NS. The Number System" parent_category="grade_level" label="7.NS. The Number System" parent_name="CommonCore.7" name="CommonCore.7.NS"/>
    <Standard category="strand" description="Working with Integers" parent_category="standard" label="Working with Integers" parent_name="Student" name="Student.WI"/>
  </Categories>
  <Skills>
    <Skill category="Negative_Fraction" pKnown="0.25" description="Carry New Total" pLearn="0.2" label="Carry New Total" name="Carry_New_Total" pGuess="0.2" pSlip="0.1"/>
    <Skill category="Negative_Fraction" pKnown="0.25" description="Enter Given" pLearn="0.2" label="Enter Given" name="Enter_Given" pGuess="0.2" pSlip="0.1"/>
    <Skill category="Negative_Fraction" pKnown="0.25" description="Find New Total With Neg Fraction" pLearn="0.2" label="Find New Total With Neg Fraction" name="Find_new_total_with_neg_fraction" pGuess="0.2" pSlip="0.1"/>
    <Skill category="Negative_Fraction" pKnown="0.25" description="Find New Total With Pos Fraction" pLearn="0.2" label="Find New Total With Pos Fraction" name="Find_new_total_with_pos_fraction" pGuess="0.2" pSlip="0.1"/>
    <Skill category="Negative_Fraction" pKnown="0.25" description="Show Work With Neg Fraction" pLearn="0.2" label="Show Work With Neg Fraction" name="Show_work_with_neg_fraction" pGuess="0.2" pSlip="0.1"/>
    <Skill category="Negative_Fraction" pKnown="0.25" description="Show Work With Pos Fraction" pLearn="0.2" label="Show Work With Pos Fraction" name="Show_work_with_pos_fraction" pGuess="0.2" pSlip="0.1"/>
  </Skills>
  <Assets>
  </Assets>
</ProblemSet>
