<?xml version="1.0" encoding="UTF-8"?>
<ProblemSet initial_sequence="0" selection_algorithm="sequential" max_count="1000" description="Uses contextual problems to help student visualize multiplication or division of a whole number by a fraction." max_repeat="1" label="6.23 Parts of the Whole" team_size="1" name="6.23" picture="">
  <Problems>
    <Problem selection_features="" problem_file="01pool.brd" description="Swimming Pool" student_interface="6.23_basic.swf" label="Swimming Pool" name="01 Swimming Pool" student_interface_class="" tutor_flag="tutor" team_role="0">
      <Skills>
        <Skill category="partwhole" occurrences="1" name="calculateanswer"/>
        <Skill category="partwhole" occurrences="1" name="identifyunknown"/>
        <Skill category="partwhole" occurrences="1" name="findunit"/>
        <Skill category="partwhole" occurrences="1" name="fractionbar"/>
      </Skills>
    </Problem>
    <Problem selection_features="" problem_file="02allowance.brd" description="Allowance" student_interface="6.23_basic.swf" label="Allowance" name="02 Allowance" student_interface_class="" tutor_flag="tutor" team_role="0">
      <Skills>
        <Skill category="partwhole" occurrences="1" name="calculateanswer"/>
        <Skill category="partwhole" occurrences="1" name="identifyunknown"/>
        <Skill category="partwhole" occurrences="1" name="findunit"/>
        <Skill category="partwhole" occurrences="1" name="fractionbar"/>
      </Skills>
    </Problem>
    <Problem selection_features="" problem_file="03sheep.brd" description="Sheep" student_interface="6.23_basic.swf" label="Sheep" name="03 Sheep" student_interface_class="" tutor_flag="tutor" team_role="0">
      <Skills>
        <Skill category="partwhole" occurrences="1" name="calculateanswer"/>
        <Skill category="partwhole" occurrences="1" name="identifyunknown"/>
        <Skill category="partwhole" occurrences="1" name="findunit"/>
        <Skill category="partwhole" occurrences="1" name="fractionbar"/>
      </Skills>
    </Problem>
    <Problem selection_features="" problem_file="04texting.brd" description="Texting" student_interface="6.23_basic.swf" label="Texting" name="04 Texting" student_interface_class="" tutor_flag="tutor" team_role="0">
      <Skills>
        <Skill category="partwhole" occurrences="1" name="calculateanswer"/>
        <Skill category="partwhole" occurrences="1" name="identifyunknown"/>
        <Skill category="partwhole" occurrences="1" name="findunit"/>
        <Skill category="partwhole" occurrences="1" name="fractionbar"/>
      </Skills>
    </Problem>
    <Problem selection_features="" problem_file="05turkey.brd" description="Turkey" student_interface="6.23_basic.swf" label="Turkey" name="05 Turkey" student_interface_class="" tutor_flag="tutor" team_role="0">
      <Skills>
        <Skill category="partwhole" occurrences="1" name="calculateanswer"/>
        <Skill category="partwhole" occurrences="1" name="identifyunknown"/>
        <Skill category="partwhole" occurrences="1" name="findunit"/>
        <Skill category="partwhole" occurrences="1" name="fractionbar"/>
      </Skills>
    </Problem>
    <Problem selection_features="" problem_file="06installing.brd" description="Installing" student_interface="6.23_basic.swf" label="Installing" name="06 Installing" student_interface_class="" tutor_flag="tutor" team_role="0">
      <Skills>
        <Skill category="partwhole" occurrences="1" name="calculateanswer"/>
        <Skill category="partwhole" occurrences="1" name="identifyunknown"/>
        <Skill category="partwhole" occurrences="1" name="findunit"/>
        <Skill category="partwhole" occurrences="1" name="fractionbar"/>
      </Skills>
    </Problem>
    <Problem selection_features="" problem_file="10race.brd" description="Rally Race" student_interface="6.23_advanced.swf" label="Rally Race" name="10 Rally Race" student_interface_class="" tutor_flag="tutor" team_role="0">
      <Skills>
        <Skill category="partwhole" occurrences="1" name="calculateanswer"/>
        <Skill category="partwhole" occurrences="1" name="findunit"/>
        <Skill category="partwhole" occurrences="1" name="fractionbar"/>
        <Skill category="partwhole" occurrences="1" name="identifyknown"/>
      </Skills>
    </Problem>
    <Problem selection_features="" problem_file="11wizardry.brd" description="Wizardry" student_interface="6.23_advanced.swf" label="Wizardry" name="11 Wizardry" student_interface_class="" tutor_flag="tutor" team_role="0">
      <Skills>
        <Skill category="partwhole" occurrences="1" name="calculateanswer"/>
        <Skill category="partwhole" occurrences="1" name="findunit"/>
        <Skill category="partwhole" occurrences="1" name="fractionbar"/>
        <Skill category="partwhole" occurrences="1" name="identifyknown"/>
      </Skills>
    </Problem>
    <Problem selection_features="" problem_file="12bdaymoney.brd" description="Birthday Money" student_interface="6.23_advanced.swf" label="Birthday Money" name="12 Birthday Money" student_interface_class="" tutor_flag="tutor" team_role="0">
      <Skills>
        <Skill category="partwhole" occurrences="1" name="calculateanswer"/>
        <Skill category="partwhole" occurrences="1" name="findunit"/>
        <Skill category="partwhole" occurrences="1" name="fractionbar"/>
        <Skill category="partwhole" occurrences="1" name="identifyknown"/>
      </Skills>
    </Problem>
    <Problem selection_features="" problem_file="13baseball.brd" description="Home-run World Record" student_interface="6.23_advanced.swf" label="Home-run World Record" name="13 Home-run World Record" student_interface_class="" tutor_flag="tutor" team_role="0">
      <Skills>
        <Skill category="partwhole" occurrences="1" name="calculateanswer"/>
        <Skill category="partwhole" occurrences="1" name="findunit"/>
        <Skill category="partwhole" occurrences="1" name="fractionbar"/>
        <Skill category="partwhole" occurrences="1" name="identifyknown"/>
      </Skills>
    </Problem>
    <Problem selection_features="" problem_file="20football.brd" description="Football" student_interface="6.23_mixed.swf" label="Football" name="20 Football" student_interface_class="" tutor_flag="tutor" team_role="0">
      <Skills>
        <Skill category="partwhole" occurrences="1" name="calculateanswer"/>
        <Skill category="partwhole" occurrences="1" name="identifyunknown"/>
        <Skill category="partwhole" occurrences="1" name="findunit"/>
        <Skill category="partwhole" occurrences="1" name="fractionbar"/>
        <Skill category="partwhole" occurrences="1" name="identifyknown"/>
      </Skills>
    </Problem>
    <Problem selection_features="" problem_file="21snow.brd" description="Snowy Days" student_interface="6.23_mixed.swf" label="Snowy Days" name="21 Snowy Days" student_interface_class="" tutor_flag="tutor" team_role="0">
      <Skills>
        <Skill category="partwhole" occurrences="1" name="calculateanswer"/>
        <Skill category="partwhole" occurrences="1" name="identifyunknown"/>
        <Skill category="partwhole" occurrences="1" name="findunit"/>
        <Skill category="partwhole" occurrences="1" name="fractionbar"/>
        <Skill category="partwhole" occurrences="1" name="identifyknown"/>
      </Skills>
    </Problem>
    <Problem selection_features="" problem_file="22santa.brd" description="Santa's real busy" student_interface="6.23_mixed.swf" label="Santa's real busy" name="22 Santa's real busy" student_interface_class="" tutor_flag="tutor" team_role="0">
      <Skills>
        <Skill category="partwhole" occurrences="1" name="calculateanswer"/>
        <Skill category="partwhole" occurrences="1" name="identifyunknown"/>
        <Skill category="partwhole" occurrences="1" name="findunit"/>
        <Skill category="partwhole" occurrences="1" name="fractionbar"/>
        <Skill category="partwhole" occurrences="1" name="identifyknown"/>
      </Skills>
    </Problem>
    <Problem selection_features="" problem_file="23shopping.brd" description="Shopping Spree" student_interface="6.23_mixed.swf" label="Shopping Spree" name="23 Shopping Spree" student_interface_class="" tutor_flag="tutor" team_role="0">
      <Skills>
        <Skill category="partwhole" occurrences="1" name="calculateanswer"/>
        <Skill category="partwhole" occurrences="1" name="identifyunknown"/>
        <Skill category="partwhole" occurrences="1" name="findunit"/>
        <Skill category="partwhole" occurrences="1" name="fractionbar"/>
        <Skill category="partwhole" occurrences="1" name="identifyknown"/>
      </Skills>
    </Problem>
    <Problem selection_features="" problem_file="24cookies.brd" description="Wanna Buy Cookies?" student_interface="6.23_mixed.swf" label="Wanna Buy Cookies?" name="24 Wanna Buy Cookies?" student_interface_class="" tutor_flag="tutor" team_role="0">
      <Skills>
        <Skill category="partwhole" occurrences="1" name="calculateanswer"/>
        <Skill category="partwhole" occurrences="1" name="identifyunknown"/>
        <Skill category="partwhole" occurrences="1" name="findunit"/>
        <Skill category="partwhole" occurrences="1" name="fractionbar"/>
        <Skill category="partwhole" occurrences="1" name="identifyknown"/>
      </Skills>
    </Problem>
    <Problem selection_features="" problem_file="25president.brd" description="Class President" student_interface="6.23_mixed.swf" label="Class President" name="25 Class President" student_interface_class="" tutor_flag="tutor" team_role="0">
      <Skills>
        <Skill category="partwhole" occurrences="1" name="calculateanswer"/>
        <Skill category="partwhole" occurrences="1" name="identifyunknown"/>
        <Skill category="partwhole" occurrences="1" name="findunit"/>
        <Skill category="partwhole" occurrences="1" name="fractionbar"/>
        <Skill category="partwhole" occurrences="1" name="identifyknown"/>
      </Skills>
    </Problem>
    <Problem selection_features="" problem_file="26sale.brd" description="Sale! Huge Discounts!" student_interface="6.23_mixed.swf" label="Sale! Huge Discounts!" name="25 Sale! Huge Discounts!" student_interface_class="" tutor_flag="tutor" team_role="0">
      <Skills>
        <Skill category="partwhole" occurrences="1" name="calculateanswer"/>
        <Skill category="partwhole" occurrences="1" name="identifyunknown"/>
        <Skill category="partwhole" occurrences="1" name="findunit"/>
        <Skill category="partwhole" occurrences="1" name="fractionbar"/>
        <Skill category="partwhole" occurrences="1" name="identifyknown"/>
      </Skills>
    </Problem>
    <Problem selection_features="" problem_file="27game.brd" description="A New Computer Game" student_interface="6.23_mixed.swf" label="A New Computer Game" name="25 A New Computer Game" student_interface_class="" tutor_flag="tutor" team_role="0">
      <Skills>
        <Skill category="partwhole" occurrences="1" name="calculateanswer"/>
        <Skill category="partwhole" occurrences="1" name="identifyunknown"/>
        <Skill category="partwhole" occurrences="1" name="findunit"/>
        <Skill category="partwhole" occurrences="1" name="fractionbar"/>
        <Skill category="partwhole" occurrences="1" name="identifyknown"/>
      </Skills>
    </Problem>
    <Problem selection_features="" problem_file="28chemicals.brd" description="Mixing Chemicals" student_interface="6.23_mixed.swf" label="Mixing Chemicals" name="25 Mixing Chemicals" student_interface_class="" tutor_flag="tutor" team_role="0">
      <Skills>
        <Skill category="partwhole" occurrences="1" name="calculateanswer"/>
        <Skill category="partwhole" occurrences="1" name="identifyunknown"/>
        <Skill category="partwhole" occurrences="1" name="findunit"/>
        <Skill category="partwhole" occurrences="1" name="fractionbar"/>
        <Skill category="partwhole" occurrences="1" name="identifyknown"/>
      </Skills>
    </Problem>
  </Problems>
  <Categories>
    <Collection category="" description="Released Problem Sets" parent_category="" label="Released Problem Sets" parent_name="" name="general"/>
    <Standard category="standard" description="PA Assessment Anchors" parent_category="" label="PA Assessment Anchors" parent_name="" name="PA"/>
    <Standard category="standard" description="NCTM Curriculum Focal Points" parent_category="" label="NCTM Curriculum Focal Points" parent_name="" name="NCTM"/>
    <Standard category="standard" description="Common Core Standards" parent_category="" label="Common Core Standards" parent_name="" name="CommonCore"/>
    <Standard category="standard" description="Student Standards" parent_category="" label="Problem Set Categories" parent_name="" name="Student"/>
    <Grade category="" description="5th Grade" parent_category="" label="5th Grade" parent_name="" name="5"/>
    <Grade category="" description="6th Grade" parent_category="" label="6th Grade" parent_name="" name="6"/>
    <Standard category="reporting_category" description="A. Numbers and Operations" parent_category="standard" label="A. Numbers and Operations" parent_name="PA" name="PA.A"/>
    <Standard category="assessment_anchor" description="A.3. Compute accurately and fluently and make reasonable estimates." parent_category="reporting_category" label="A.3. Computation and Estimation" parent_name="PA.A" name="PA.A.3"/>
    <Standard category="strand" description="A. Numbers and Operations" parent_category="standard" label="A. Numbers and Operations" parent_name="NCTM" name="NCTM.A"/>
    <Standard category="grade_level" description="5th grade" parent_category="standard" label="5th Grade" parent_name="CommonCore" name="CommonCore.5"/>
    <Standard category="strand" description="5.NBT. Numbers and Operations in Base Ten" parent_category="grade_level" label="5.NBT. Numbers and Operations in Base Ten" parent_name="CommonCore.5" name="CommonCore.5.NBT"/>
    <Standard category="strand" description="Working with Fractions" parent_category="standard" label="Working with Fractions" parent_name="Student" name="Student.WF"/>
  </Categories>
  <Skills>
    <Skill category="partwhole" pKnown="0.25" description="Successfully use the value of one part to calculate the answer." pLearn="0.2" label="Calculate answer" name="calculateanswer" pGuess="0.2" pSlip="0.1"/>
    <Skill category="partwhole" pKnown="0.25" description="Learn how to successfully calculate the value of one piece, given the value of multiple pieces." pLearn="0.2" label="Find Value of One Part" name="findunit" pGuess="0.2" pSlip="0.1"/>
    <Skill category="partwhole" pKnown="0.25" description="Learn how to interpret the introduction and connect the given to the fraction bar." pLearn="0.2" label="Identify Known" name="identifyknown" pGuess="0.2" pSlip="0.1"/>
    <Skill category="partwhole" pKnown="0.25" description="Learn to see what part you are interested in (the unknown)." pLearn="0.2" label="Identify Unknown" name="identifyunknown" pGuess="0.2" pSlip="0.1"/>
    <Skill category="partwhole" pKnown="0.25" description="Successfully manipulate the fraction bar to show the fraction given in the introduction." pLearn="0.2" label="Represent Fraction on Bar" name="fractionbar" pGuess="0.2" pSlip="0.1"/>
  </Skills>
  <Assets>
  </Assets>
</ProblemSet>
