<?xml version="1.0" encoding="UTF-8"?>
<ProblemSet initial_sequence="0" selection_algorithm="sequential" max_count="1000" description="Asks student to identify patterns within a word problem and construct an expression to represent the pattern." max_repeat="1" label="8.07 Problem Solving and Distributive Law" team_size="1" name="8.07" picture="">
  <Problems>
    <Problem selection_features="" problem_file="8.7.1.brd" description="Danny and the Algebraics are recording their first demo album." student_interface="8.7.swf" label="Danny and the Algebraics are recording their first demo album." name="01" student_interface_class="" tutor_flag="tutor" team_role="0">
      <Skills>
        <Skill category="Problem_Solving_and_Linear_Equations_I" occurrences="1" name="Calculate_Y_value_from_X_value"/>
        <Skill category="Problem_Solving_and_Linear_Equations_I" occurrences="1" name="Enter_formula"/>
        <Skill category="Problem_Solving_and_Linear_Equations_I" occurrences="1" name="Show_Your_Work"/>
        <Skill category="Problem_Solving_and_Linear_Equations_I" occurrences="1" name="Enter_given_X_value"/>
        <Skill category="Problem_Solving_and_Linear_Equations_I" occurrences="1" name="Enter_variable"/>
      </Skills>
    </Problem>
    <Problem selection_features="" problem_file="8.7.2.brd" description="Marcus has a fireplace that he uses to build cheery fires on cold winter days." student_interface="8.7.swf" label="Marcus has a fireplace that he uses to build cheery fires on cold winter days." name="02" student_interface_class="" tutor_flag="tutor" team_role="0">
      <Skills>
        <Skill category="Problem_Solving_and_Linear_Equations_I" occurrences="2" name="Calculate_Y_value_from_X_value"/>
        <Skill category="Problem_Solving_and_Linear_Equations_I" occurrences="1" name="Enter_formula"/>
        <Skill category="Problem_Solving_and_Linear_Equations_I" occurrences="2" name="Show_Your_Work"/>
        <Skill category="Problem_Solving_and_Linear_Equations_I" occurrences="2" name="Enter_given_X_value"/>
        <Skill category="Problem_Solving_and_Linear_Equations_I" occurrences="1" name="Enter_variable"/>
      </Skills>
    </Problem>
    <Problem selection_features="" problem_file="8.7.3.brd" description="The best-selling novelist Cindy Shelton and her publishing company have made a generous offer to help out the World Famine Relief effort." student_interface="8.7.swf" label="The best-selling novelist Cindy Shelton and her publishing company have made a generous offer to help out the World Famine Relief effort." name="03" student_interface_class="" tutor_flag="tutor" team_role="0">
      <Skills>
        <Skill category="Problem_Solving_and_Linear_Equations_I" occurrences="4" name="Calculate_Y_value_from_X_value"/>
        <Skill category="Problem_Solving_and_Linear_Equations_I" occurrences="1" name="Enter_formula"/>
        <Skill category="Problem_Solving_and_Linear_Equations_I" occurrences="4" name="Show_Your_Work"/>
        <Skill category="Problem_Solving_and_Linear_Equations_I" occurrences="3" name="Enter_given_X_value"/>
        <Skill category="Problem_Solving_and_Linear_Equations_I" occurrences="1" name="Enter_variable"/>
      </Skills>
    </Problem>
    <Problem selection_features="" problem_file="8.7.4.brd" description="You're planting a vegetable garden in your backyard." student_interface="8.7.swf" label="You're planting a vegetable garden in your backyard." name="04" student_interface_class="" tutor_flag="tutor" team_role="0">
      <Skills>
        <Skill category="Problem_Solving_and_Linear_Equations_I" occurrences="2" name="Calculate_Y_value_from_X_value"/>
        <Skill category="Problem_Solving_and_Linear_Equations_I" occurrences="1" name="Enter_formula"/>
        <Skill category="Problem_Solving_and_Linear_Equations_I" occurrences="2" name="Calculate_X_value_from_Y_value"/>
        <Skill category="Problem_Solving_and_Linear_Equations_I" occurrences="4" name="Show_Your_Work"/>
        <Skill category="Problem_Solving_and_Linear_Equations_I" occurrences="2" name="Enter_given_Y_value"/>
        <Skill category="Problem_Solving_and_Linear_Equations_I" occurrences="2" name="Enter_given_X_value"/>
        <Skill category="Problem_Solving_and_Linear_Equations_I" occurrences="1" name="Enter_variable"/>
      </Skills>
    </Problem>
    <Problem selection_features="" problem_file="8.7.5.brd" description="Scott drives a delivery truck. How much total time will he be working?" student_interface="8.7.swf" label="Scott drives a delivery truck. How much total time will he be working?" name="05" student_interface_class="" tutor_flag="tutor" team_role="0">
      <Skills>
        <Skill category="Problem_Solving_and_Linear_Equations_I" occurrences="2" name="Calculate_Y_value_from_X_value"/>
        <Skill category="Problem_Solving_and_Linear_Equations_I" occurrences="1" name="Enter_formula"/>
        <Skill category="Problem_Solving_and_Linear_Equations_I" occurrences="2" name="Calculate_X_value_from_Y_value"/>
        <Skill category="Problem_Solving_and_Linear_Equations_I" occurrences="4" name="Show_Your_Work"/>
        <Skill category="Problem_Solving_and_Linear_Equations_I" occurrences="2" name="Enter_given_Y_value"/>
        <Skill category="Problem_Solving_and_Linear_Equations_I" occurrences="2" name="Enter_given_X_value"/>
        <Skill category="Problem_Solving_and_Linear_Equations_I" occurrences="1" name="Enter_variable"/>
      </Skills>
    </Problem>
    <Problem selection_features="" problem_file="8.7.6.brd" description="Reggie rented a beach umbrella from the Shady-Oasis stand on the boardwalk." student_interface="8.7.swf" label="Reggie rented a beach umbrella from the Shady-Oasis stand on the boardwalk." name="06" student_interface_class="" tutor_flag="tutor" team_role="0">
      <Skills>
        <Skill category="Problem_Solving_and_Linear_Equations_I" occurrences="4" name="Calculate_Y_value_from_X_value"/>
        <Skill category="Problem_Solving_and_Linear_Equations_I" occurrences="1" name="Enter_formula"/>
        <Skill category="Problem_Solving_and_Linear_Equations_I" occurrences="4" name="Show_Your_Work"/>
        <Skill category="Problem_Solving_and_Linear_Equations_I" occurrences="4" name="Enter_given_X_value"/>
        <Skill category="Problem_Solving_and_Linear_Equations_I" occurrences="1" name="Enter_variable"/>
      </Skills>
    </Problem>
    <Problem selection_features="" problem_file="8.7.7.brd" description="You're calculating the cost of joining a book club and buying books." student_interface="8.7.swf" label="You're calculating the cost of joining a book club and buying books." name="07" student_interface_class="" tutor_flag="tutor" team_role="0">
      <Skills>
        <Skill category="Problem_Solving_and_Linear_Equations_I" occurrences="2" name="Calculate_Y_value_from_X_value"/>
        <Skill category="Problem_Solving_and_Linear_Equations_I" occurrences="1" name="Enter_formula"/>
        <Skill category="Problem_Solving_and_Linear_Equations_I" occurrences="2" name="Calculate_X_value_from_Y_value"/>
        <Skill category="Problem_Solving_and_Linear_Equations_I" occurrences="4" name="Show_Your_Work"/>
        <Skill category="Problem_Solving_and_Linear_Equations_I" occurrences="2" name="Enter_given_Y_value"/>
        <Skill category="Problem_Solving_and_Linear_Equations_I" occurrences="2" name="Enter_given_X_value"/>
        <Skill category="Problem_Solving_and_Linear_Equations_I" occurrences="1" name="Enter_variable"/>
      </Skills>
    </Problem>
    <Problem selection_features="" problem_file="8.7.8.brd" description="You're calculating Michael's income as a roustabout in the circus" student_interface="8.7.swf" label="You're calculating Michael's income as a roustabout in the circus" name="08" student_interface_class="" tutor_flag="tutor" team_role="0">
      <Skills>
        <Skill category="Problem_Solving_and_Linear_Equations_I" occurrences="2" name="Calculate_Y_value_from_X_value"/>
        <Skill category="Problem_Solving_and_Linear_Equations_I" occurrences="1" name="Enter_formula"/>
        <Skill category="Problem_Solving_and_Linear_Equations_I" occurrences="2" name="Calculate_X_value_from_Y_value"/>
        <Skill category="Problem_Solving_and_Linear_Equations_I" occurrences="4" name="Show_Your_Work"/>
        <Skill category="Problem_Solving_and_Linear_Equations_I" occurrences="2" name="Enter_given_Y_value"/>
        <Skill category="Problem_Solving_and_Linear_Equations_I" occurrences="2" name="Enter_given_X_value"/>
        <Skill category="Problem_Solving_and_Linear_Equations_I" occurrences="1" name="Enter_variable"/>
      </Skills>
    </Problem>
  </Problems>
  <Categories>
    <Collection category="" description="Released Problem Sets" parent_category="" label="Released Problem Sets" parent_name="" name="general"/>
    <Standard category="standard" description="PA Assessment Anchors" parent_category="" label="PA Assessment Anchors" parent_name="" name="PA"/>
    <Standard category="standard" description="NCTM Curriculum Focal Points" parent_category="" label="NCTM Curriculum Focal Points" parent_name="" name="NCTM"/>
    <Standard category="standard" description="Common Core Standards" parent_category="" label="Common Core Standards" parent_name="" name="CommonCore"/>
    <Standard category="standard" description="Student Standards" parent_category="" label="Problem Set Categories" parent_name="" name="Student"/>
    <Grade category="" description="6th Grade" parent_category="" label="6th Grade" parent_name="" name="6"/>
    <Grade category="" description="7th Grade" parent_category="" label="7th Grade" parent_name="" name="7"/>
    <Grade category="" description="8th Grade" parent_category="" label="8th Grade" parent_name="" name="8"/>
    <Standard category="reporting_category" description="A. Numbers and Operations" parent_category="standard" label="A. Numbers and Operations" parent_name="PA" name="PA.A"/>
    <Standard category="assessment_anchor" description="A.2. Understand the meanings of operations, use operations and understand how they relate to each other." parent_category="reporting_category" label="A.2. Operations: Meanings, Uses and Relationships" parent_name="PA.A" name="PA.A.2"/>
    <Standard category="strand" description="B. Algebra" parent_category="standard" label="B. Algebra" parent_name="NCTM" name="NCTM.B"/>
    <Standard category="grade_level" description="6th Grade" parent_category="standard" label="6th Grade" parent_name="CommonCore" name="CommonCore.6"/>
    <Standard category="strand" description="6.EE. Expressions and Equations" parent_category="grade_level" label="6.EE. Expressions and Equations" parent_name="CommonCore.6" name="CommonCore.6.EE"/>
    <Standard category="strand" description="Patterns and Expressions in Tables" parent_category="standard" label="Patterns and Expressions in Tables" parent_name="Student" name="Student.PET"/>
  </Categories>
  <Skills>
    <Skill category="Problem_Solving_and_Linear_Equations_I" pKnown="0.25" description="Calculate an X value from a Y value" pLearn="0.2" label="Calculate an X value from a Y value" name="Calculate_Y_value_from_X_value" pGuess="0.2" pSlip="0.1"/>
    <Skill category="Problem_Solving_and_Linear_Equations_I" pKnown="0.25" description="Calculate X value from a Y value" pLearn="0.2" label="Calculate X value from a Y value" name="Calculate_X_value_from_Y_value" pGuess="0.2" pSlip="0.1"/>
    <Skill category="Problem_Solving_and_Linear_Equations_I" pKnown="0.25" description="Enter a formula" pLearn="0.2" label="Enter a formula" name="Enter_formula" pGuess="0.2" pSlip="0.1"/>
    <Skill category="Problem_Solving_and_Linear_Equations_I" pKnown="0.25" description="Enter a given X value" pLearn="0.2" label="Enter a given X value" name="Enter_given_X_value" pGuess="0.2" pSlip="0.1"/>
    <Skill category="Problem_Solving_and_Linear_Equations_I" pKnown="0.25" description="Enter a given Y value" pLearn="0.2" label="Enter a given Y value" name="Enter_given_Y_value" pGuess="0.2" pSlip="0.1"/>
    <Skill category="Problem_Solving_and_Linear_Equations_I" pKnown="0.25" description="Enter a variable" pLearn="0.2" label="Enter a variable" name="Enter_variable" pGuess="0.2" pSlip="0.1"/>
    <Skill category="Problem_Solving_and_Linear_Equations_I" pKnown="0.25" description="Show Your Work" pLearn="0.2" label="Show Your Work" name="Show_Your_Work" pGuess="0.2" pSlip="0.1"/>
  </Skills>
  <Assets>
  </Assets>
</ProblemSet>
