<?xml version="1.0" encoding="UTF-8"?>
<ProblemSet initial_sequence="0" selection_algorithm="sequential" max_count="1000" description="Asks student to compute factor or scale values using scale factor multiplication." max_repeat="1" label="6.27 Factors and Scaling" team_size="1" name="6.27" picture="">
  <Problems>
    <Problem selection_features="" problem_file="01vitamin.brd" description="Larz and Joey are buying vitamins." student_interface="6_27.swf" label="Larz and Joey are buying vitamins." name="01 Vitamins" student_interface_class="" tutor_flag="tutor" team_role="0">
      <Skills>
        <Skill category="6-27-factors-and-scaling" occurrences="1" name="enter-given-to"/>
        <Skill category="6-27-factors-and-scaling" occurrences="2" name="enter-factor"/>
        <Skill category="6-27-factors-and-scaling" occurrences="1" name="enter-given-from"/>
        <Skill category="6-27-factors-and-scaling" occurrences="1" name="complete-sentence"/>
        <Skill category="6-27-factors-and-scaling" occurrences="1" name="scale-completed"/>
      </Skills>
    </Problem>
    <Problem selection_features="" problem_file="02marble.brd" description="Marbles are 20 for $5." student_interface="6_27.swf" label="Marbles are 20 for $5." name="02 Marbles" student_interface_class="" tutor_flag="tutor" team_role="0">
      <Skills>
        <Skill category="6-27-factors-and-scaling" occurrences="1" name="enter-given-to"/>
        <Skill category="6-27-factors-and-scaling" occurrences="2" name="enter-factor"/>
        <Skill category="6-27-factors-and-scaling" occurrences="1" name="enter-given-from"/>
        <Skill category="6-27-factors-and-scaling" occurrences="1" name="complete-sentence"/>
        <Skill category="6-27-factors-and-scaling" occurrences="1" name="scale-completed"/>
      </Skills>
    </Problem>
    <Problem selection_features="" problem_file="03sailfish.brd" description="Cosmopolitan sailfish can travel 300.5 feet in 3 seconds." student_interface="6_27.swf" label="Cosmopolitan sailfish can travel 300.5 feet in 3 seconds." name="03 Sailfish" student_interface_class="" tutor_flag="tutor" team_role="0">
      <Skills>
        <Skill category="6-27-factors-and-scaling" occurrences="1" name="enter-given-to"/>
        <Skill category="6-27-factors-and-scaling" occurrences="2" name="enter-factor"/>
        <Skill category="6-27-factors-and-scaling" occurrences="1" name="enter-given-from"/>
        <Skill category="6-27-factors-and-scaling" occurrences="1" name="complete-sentence"/>
        <Skill category="6-27-factors-and-scaling" occurrences="1" name="scale-completed"/>
      </Skills>
    </Problem>
    <Problem selection_features="" problem_file="04pizza.brd" description="Frozen pizzas are 8 for $6." student_interface="6_27.swf" label="Frozen pizzas are 8 for $6." name="04 Pizza" student_interface_class="" tutor_flag="tutor" team_role="0">
      <Skills>
        <Skill category="6-27-factors-and-scaling" occurrences="1" name="enter-given-to"/>
        <Skill category="6-27-factors-and-scaling" occurrences="2" name="enter-factor"/>
        <Skill category="6-27-factors-and-scaling" occurrences="1" name="enter-given-from"/>
        <Skill category="6-27-factors-and-scaling" occurrences="1" name="complete-sentence"/>
        <Skill category="6-27-factors-and-scaling" occurrences="1" name="scale-completed"/>
      </Skills>
    </Problem>
    <Problem selection_features="" problem_file="05notebook.brd" description="You can buy 20 notebooks for $30." student_interface="6_27.swf" label="You can buy 20 notebooks for $30." name="05 Notebook" student_interface_class="" tutor_flag="tutor" team_role="0">
      <Skills>
        <Skill category="6-27-factors-and-scaling" occurrences="1" name="enter-given-to"/>
        <Skill category="6-27-factors-and-scaling" occurrences="2" name="enter-factor"/>
        <Skill category="6-27-factors-and-scaling" occurrences="1" name="enter-given-from"/>
        <Skill category="6-27-factors-and-scaling" occurrences="1" name="complete-sentence"/>
        <Skill category="6-27-factors-and-scaling" occurrences="1" name="scale-completed"/>
      </Skills>
    </Problem>
    <Problem selection_features="" problem_file="06car_trip.brd" description="Bill is driving 400 miles from Pittsburgh to New York City." student_interface="6_27.swf" label="Bill is driving 400 miles from Pittsburgh to New York City." name="06 Car Trip" student_interface_class="" tutor_flag="tutor" team_role="0">
      <Skills>
        <Skill category="6-27-factors-and-scaling" occurrences="1" name="enter-given-to"/>
        <Skill category="6-27-factors-and-scaling" occurrences="2" name="enter-factor"/>
        <Skill category="6-27-factors-and-scaling" occurrences="1" name="enter-given-from"/>
        <Skill category="6-27-factors-and-scaling" occurrences="1" name="enter-per1"/>
        <Skill category="6-27-factors-and-scaling" occurrences="1" name="complete-sentence"/>
        <Skill category="6-27-factors-and-scaling" occurrences="1" name="scale-completed"/>
      </Skills>
    </Problem>
    <Problem selection_features="" problem_file="07defective.brd" description="For every 100 widgets, about 5 of them are defective." student_interface="6_27.swf" label="For every 100 widgets, about 5 of them are defective." name="07 Defective Widgets" student_interface_class="" tutor_flag="tutor" team_role="0">
      <Skills>
        <Skill category="6-27-factors-and-scaling" occurrences="1" name="enter-given-to"/>
        <Skill category="6-27-factors-and-scaling" occurrences="2" name="enter-factor"/>
        <Skill category="6-27-factors-and-scaling" occurrences="1" name="enter-given-from"/>
        <Skill category="6-27-factors-and-scaling" occurrences="1" name="complete-sentence"/>
        <Skill category="6-27-factors-and-scaling" occurrences="1" name="scale-completed"/>
      </Skills>
    </Problem>
    <Problem selection_features="" problem_file="08bounce.brd" description="If the Super-Bouncing-Ball is dropped from height of 100m, it will bounce 35m high." student_interface="6_27.swf" label="If the Super-Bouncing-Ball is dropped from height of 100m, it will bounce 35m high." name="08 Bounce Height" student_interface_class="" tutor_flag="tutor" team_role="0">
      <Skills>
        <Skill category="6-27-factors-and-scaling" occurrences="1" name="enter-given-to"/>
        <Skill category="6-27-factors-and-scaling" occurrences="2" name="enter-factor"/>
        <Skill category="6-27-factors-and-scaling" occurrences="1" name="enter-given-from"/>
        <Skill category="6-27-factors-and-scaling" occurrences="1" name="complete-sentence"/>
        <Skill category="6-27-factors-and-scaling" occurrences="1" name="scale-completed"/>
      </Skills>
    </Problem>
    <Problem selection_features="" problem_file="09cookie.brd" description="The school cafeteria bought 90 bags of chocolate chip cookies so that they would have 360 cookies." student_interface="6_27.swf" label="The school cafeteria bought 90 bags of chocolate chip cookies so that they would have 360 cookies." name="Problem9" student_interface_class="" tutor_flag="tutor" team_role="0">
      <Skills>
        <Skill category="6-27-factors-and-scaling" occurrences="1" name="enter-given-to"/>
        <Skill category="6-27-factors-and-scaling" occurrences="2" name="enter-factor"/>
        <Skill category="6-27-factors-and-scaling" occurrences="1" name="enter-given-from"/>
        <Skill category="6-27-factors-and-scaling" occurrences="1" name="complete-sentence"/>
        <Skill category="6-27-factors-and-scaling" occurrences="1" name="scale-completed"/>
      </Skills>
    </Problem>
    <Problem selection_features="" problem_file="10sandwich.brd" description="A math student interviewed 60 fifth graders." student_interface="6_27.swf" label="A math student interviewed 60 fifth graders." name="10 Sandwich" student_interface_class="" tutor_flag="tutor" team_role="0">
      <Skills>
        <Skill category="6-27-factors-and-scaling" occurrences="1" name="enter-given-to"/>
        <Skill category="6-27-factors-and-scaling" occurrences="2" name="enter-factor"/>
        <Skill category="6-27-factors-and-scaling" occurrences="1" name="enter-given-from"/>
        <Skill category="6-27-factors-and-scaling" occurrences="1" name="complete-sentence"/>
        <Skill category="6-27-factors-and-scaling" occurrences="1" name="scale-completed"/>
      </Skills>
    </Problem>
    <Problem selection_features="" problem_file="11basketball.brd" description="Your school needs to order basketballs for gym class." student_interface="6_27.swf" label="Your school needs to order basketballs for gym class." name="11 BasketBalls" student_interface_class="" tutor_flag="tutor" team_role="0">
      <Skills>
        <Skill category="6-27-factors-and-scaling" occurrences="1" name="enter-given-to"/>
        <Skill category="6-27-factors-and-scaling" occurrences="2" name="enter-factor"/>
        <Skill category="6-27-factors-and-scaling" occurrences="1" name="enter-given-from"/>
        <Skill category="6-27-factors-and-scaling" occurrences="1" name="complete-sentence"/>
        <Skill category="6-27-factors-and-scaling" occurrences="1" name="scale-completed"/>
      </Skills>
    </Problem>
    <Problem selection_features="" problem_file="12spring_carnival.brd" description="You are buying prizes for the spring carnival." student_interface="6_27.swf" label="You are buying prizes for the spring carnival." name="12 Spring Carnival" student_interface_class="" tutor_flag="tutor" team_role="0">
      <Skills>
        <Skill category="6-27-factors-and-scaling" occurrences="1" name="enter-given-to"/>
        <Skill category="6-27-factors-and-scaling" occurrences="2" name="enter-factor"/>
        <Skill category="6-27-factors-and-scaling" occurrences="1" name="enter-given-from"/>
        <Skill category="6-27-factors-and-scaling" occurrences="1" name="complete-sentence"/>
        <Skill category="6-27-factors-and-scaling" occurrences="1" name="scale-completed"/>
      </Skills>
    </Problem>
    <Problem selection_features="" problem_file="13token.brd" description="Your family goes to Cool-Video-Games for an evening fun." student_interface="6_27.swf" label="Your family goes to Cool-Video-Games for an evening fun." name="13 Video Game Tokens" student_interface_class="" tutor_flag="tutor" team_role="0">
      <Skills>
        <Skill category="6-27-factors-and-scaling" occurrences="1" name="enter-given-to"/>
        <Skill category="6-27-factors-and-scaling" occurrences="2" name="enter-factor"/>
        <Skill category="6-27-factors-and-scaling" occurrences="1" name="enter-given-from"/>
        <Skill category="6-27-factors-and-scaling" occurrences="1" name="complete-sentence"/>
        <Skill category="6-27-factors-and-scaling" occurrences="1" name="scale-completed"/>
      </Skills>
    </Problem>
    <Problem selection_features="" problem_file="14widget.brd" description="The widget manufacturing company works 24 hours a day." student_interface="6_27.swf" label="The widget manufacturing company works 24 hours a day." name="14 Widget Company" student_interface_class="" tutor_flag="tutor" team_role="0">
      <Skills>
        <Skill category="6-27-factors-and-scaling" occurrences="1" name="enter-given-to"/>
        <Skill category="6-27-factors-and-scaling" occurrences="2" name="enter-factor"/>
        <Skill category="6-27-factors-and-scaling" occurrences="1" name="enter-given-from"/>
        <Skill category="6-27-factors-and-scaling" occurrences="1" name="complete-sentence"/>
        <Skill category="6-27-factors-and-scaling" occurrences="1" name="scale-completed"/>
      </Skills>
    </Problem>
    <Problem selection_features="" problem_file="15nugget.brd" description="You have 12 gold nuggets and they weigh 36lbs." student_interface="6_27.swf" label="You have 12 gold nuggets and they weigh 36lbs." name="15 Gold Nuggets" student_interface_class="" tutor_flag="tutor" team_role="0">
      <Skills>
        <Skill category="6-27-factors-and-scaling" occurrences="1" name="enter-given-to"/>
        <Skill category="6-27-factors-and-scaling" occurrences="2" name="enter-factor"/>
        <Skill category="6-27-factors-and-scaling" occurrences="1" name="enter-given-from"/>
        <Skill category="6-27-factors-and-scaling" occurrences="1" name="complete-sentence"/>
        <Skill category="6-27-factors-and-scaling" occurrences="1" name="scale-completed"/>
      </Skills>
    </Problem>
  </Problems>
  <Categories>
    <Collection category="" description="Released Problem Sets" parent_category="" label="Released Problem Sets" parent_name="" name="general"/>
    <Standard category="standard" description="PA Assessment Anchors" parent_category="" label="PA Assessment Anchors" parent_name="" name="PA"/>
    <Standard category="standard" description="NCTM Curriculum Focal Points" parent_category="" label="NCTM Curriculum Focal Points" parent_name="" name="NCTM"/>
    <Standard category="standard" description="Common Core Standards" parent_category="" label="Common Core Standards" parent_name="" name="CommonCore"/>
    <Standard category="standard" description="Student Standards" parent_category="" label="Problem Set Categories" parent_name="" name="Student"/>
    <Grade category="" description="6th Grade" parent_category="" label="6th Grade" parent_name="" name="6"/>
    <Grade category="" description="7th Grade" parent_category="" label="7th Grade" parent_name="" name="7"/>
    <Grade category="" description="8th Grade" parent_category="" label="8th Grade" parent_name="" name="8"/>
    <Standard category="reporting_category" description="A. Numbers and Operations" parent_category="standard" label="A. Numbers and Operations" parent_name="PA" name="PA.A"/>
    <Standard category="assessment_anchor" description="A.2. Understand the meanings of operations, use operations and understand how they relate to each other." parent_category="reporting_category" label="A.2. Operations: Meanings, Uses and Relationships" parent_name="PA.A" name="PA.A.2"/>
    <Standard category="strand" description="A. Numbers and Operations" parent_category="standard" label="A. Numbers and Operations" parent_name="NCTM" name="NCTM.A"/>
    <Standard category="grade_level" description="7th Grade" parent_category="standard" label="7th Grade" parent_name="CommonCore" name="CommonCore.7"/>
    <Standard category="strand" description="7.RP. Ratios and Proportional Relationships" parent_category="grade_level" label="7.RP. Ratios and Proportional Relationships" parent_name="CommonCore.7" name="CommonCore.7.RP"/>
    <Standard category="strand" description="Student.Usfr" parent_category="standard" label="Student.Usfr" parent_name="Student" name="Student.USFR"/>
  </Categories>
  <Skills>
    <Skill category="6-27-factors-and-scaling" pKnown="0.25" description="Complete scaling" pLearn="0.2" label="Complete scaling" name="scale-completed" pGuess="0.2" pSlip="0.1"/>
    <Skill category="6-27-factors-and-scaling" pKnown="0.25" description="Complete sentence" pLearn="0.2" label="Complete sentence" name="complete-sentence" pGuess="0.2" pSlip="0.1"/>
    <Skill category="6-27-factors-and-scaling" pKnown="0.25" description="Enter factor" pLearn="0.2" label="Enter factor" name="enter-factor" pGuess="0.2" pSlip="0.1"/>
    <Skill category="6-27-factors-and-scaling" pKnown="0.25" description="Enter given (from)" pLearn="0.2" label="Enter given (from)" name="enter-given-from" pGuess="0.2" pSlip="0.1"/>
    <Skill category="6-27-factors-and-scaling" pKnown="0.25" description="Enter given (to)" pLearn="0.2" label="Enter given (to)" name="enter-given-to" pGuess="0.2" pSlip="0.1"/>
    <Skill category="6-27-factors-and-scaling" pKnown="0.25" description="Recognize unit rate" pLearn="0.2" label="Recognize unit rate" name="enter-per1" pGuess="0.2" pSlip="0.1"/>
  </Skills>
  <Assets>
  </Assets>
</ProblemSet>
