<?xml version="1.0" encoding="UTF-8"?>
<ProblemSet initial_sequence="0" selection_algorithm="sequential" max_count="1000" description="Asks student to identify patterns within a word problem and construct an expression to represent the pattern." max_repeat="1" label="7.04 Problem Solving and Linear Equations II" team_size="1" name="7.04" picture="">
  <Problems>
    <Problem selection_features="" problem_file="Problem2.brd" description="Problem 2" student_interface="7.04.swf" label="Problem 2" name="Problem 2" student_interface_class="" tutor_flag="tutor" team_role="0">
      <Skills>
        <Skill category="Problem_Solving_&amp;_Linear_Equations_I" occurrences="1" name="Calculate_a_y_value_from_an_x_value"/>
        <Skill category="Problem_Solving_&amp;_Linear_Equations_I" occurrences="1" name="Calculate_an_x_value_from_a_y_value"/>
        <Skill category="Problem_Solving_&amp;_Linear_Equations_I" occurrences="1" name="Identify_a_variable"/>
        <Skill category="Problem_Solving_&amp;_Linear_Equations_I" occurrences="1" name="Show_your_work"/>
        <Skill category="Problem_Solving_&amp;_Linear_Equations_I" occurrences="1" name="Enter_a_given_x_value"/>
        <Skill category="Problem_Solving_&amp;_Linear_Equations_I" occurrences="1" name="Enter_a_given_y_value"/>
        <Skill category="Problem_Solving_&amp;_Linear_Equations_I" occurrences="1" name="Identify_an_expression"/>
      </Skills>
    </Problem>
    <Problem selection_features="" problem_file="Problem3.brd" description="Problem 3" student_interface="7.04.swf" label="Problem 3" name="Problem 3" student_interface_class="" tutor_flag="tutor" team_role="0">
      <Skills>
        <Skill category="Problem_Solving_&amp;_Linear_Equations_I" occurrences="1" name="Calculate_a_y_value_from_an_x_value"/>
        <Skill category="Problem_Solving_&amp;_Linear_Equations_I" occurrences="1" name="Calculate_an_x_value_from_a_y_value"/>
        <Skill category="Problem_Solving_&amp;_Linear_Equations_I" occurrences="1" name="Identify_a_variable"/>
        <Skill category="Problem_Solving_&amp;_Linear_Equations_I" occurrences="1" name="Show_your_work"/>
        <Skill category="Problem_Solving_&amp;_Linear_Equations_I" occurrences="1" name="Enter_a_given_x_value"/>
        <Skill category="Problem_Solving_&amp;_Linear_Equations_I" occurrences="1" name="Enter_a_given_y_value"/>
        <Skill category="Problem_Solving_&amp;_Linear_Equations_I" occurrences="1" name="Identify_an_expression"/>
      </Skills>
    </Problem>
    <Problem selection_features="" problem_file="Problem4.brd" description="Problem 4" student_interface="7.04.swf" label="Problem 4" name="Problem 4" student_interface_class="" tutor_flag="tutor" team_role="0">
      <Skills>
        <Skill category="Problem_Solving_&amp;_Linear_Equations_I" occurrences="1" name="Calculate_a_y_value_from_an_x_value"/>
        <Skill category="Problem_Solving_&amp;_Linear_Equations_I" occurrences="1" name="Calculate_an_x_value_from_a_y_value"/>
        <Skill category="Problem_Solving_&amp;_Linear_Equations_I" occurrences="1" name="Identify_a_variable"/>
        <Skill category="Problem_Solving_&amp;_Linear_Equations_I" occurrences="1" name="Show_your_work"/>
        <Skill category="Problem_Solving_&amp;_Linear_Equations_I" occurrences="1" name="Enter_a_given_x_value"/>
        <Skill category="Problem_Solving_&amp;_Linear_Equations_I" occurrences="1" name="Enter_a_given_y_value"/>
        <Skill category="Problem_Solving_&amp;_Linear_Equations_I" occurrences="1" name="Identify_an_expression"/>
      </Skills>
    </Problem>
    <Problem selection_features="" problem_file="Problem5.brd" description="Problem 5" student_interface="7.04.swf" label="Problem 5" name="Problem 5" student_interface_class="" tutor_flag="tutor" team_role="0">
      <Skills>
        <Skill category="Problem_Solving_&amp;_Linear_Equations_I" occurrences="1" name="Calculate_a_y_value_from_an_x_value"/>
        <Skill category="Problem_Solving_&amp;_Linear_Equations_I" occurrences="1" name="Calculate_an_x_value_from_a_y_value"/>
        <Skill category="Problem_Solving_&amp;_Linear_Equations_I" occurrences="1" name="Identify_a_variable"/>
        <Skill category="Problem_Solving_&amp;_Linear_Equations_I" occurrences="1" name="Show_your_work"/>
        <Skill category="Problem_Solving_&amp;_Linear_Equations_I" occurrences="1" name="Enter_a_given_x_value"/>
        <Skill category="Problem_Solving_&amp;_Linear_Equations_I" occurrences="1" name="Enter_a_given_y_value"/>
        <Skill category="Problem_Solving_&amp;_Linear_Equations_I" occurrences="1" name="Identify_an_expression"/>
      </Skills>
    </Problem>
    <Problem selection_features="" problem_file="Problem6.brd" description="Problem 6" student_interface="7.04.swf" label="Problem 6" name="Problem 6" student_interface_class="" tutor_flag="tutor" team_role="0">
      <Skills>
        <Skill category="Problem_Solving_&amp;_Linear_Equations_I" occurrences="1" name="Calculate_a_y_value_from_an_x_value"/>
        <Skill category="Problem_Solving_&amp;_Linear_Equations_I" occurrences="1" name="Calculate_an_x_value_from_a_y_value"/>
        <Skill category="Problem_Solving_&amp;_Linear_Equations_I" occurrences="1" name="Identify_a_variable"/>
        <Skill category="Problem_Solving_&amp;_Linear_Equations_I" occurrences="1" name="Show_your_work"/>
        <Skill category="Problem_Solving_&amp;_Linear_Equations_I" occurrences="1" name="Enter_a_given_x_value"/>
        <Skill category="Problem_Solving_&amp;_Linear_Equations_I" occurrences="1" name="Enter_a_given_y_value"/>
        <Skill category="Problem_Solving_&amp;_Linear_Equations_I" occurrences="1" name="Identify_an_expression"/>
      </Skills>
    </Problem>
    <Problem selection_features="" problem_file="Problem7.brd" description="Problem 7" student_interface="7.04.swf" label="Problem 7" name="Problem 7" student_interface_class="" tutor_flag="tutor" team_role="0">
      <Skills>
        <Skill category="Problem_Solving_&amp;_Linear_Equations_I" occurrences="1" name="Calculate_a_y_value_from_an_x_value"/>
        <Skill category="Problem_Solving_&amp;_Linear_Equations_I" occurrences="1" name="Calculate_an_x_value_from_a_y_value"/>
        <Skill category="Problem_Solving_&amp;_Linear_Equations_I" occurrences="1" name="Identify_a_variable"/>
        <Skill category="Problem_Solving_&amp;_Linear_Equations_I" occurrences="1" name="Show_your_work"/>
        <Skill category="Problem_Solving_&amp;_Linear_Equations_I" occurrences="1" name="Enter_a_given_x_value"/>
        <Skill category="Problem_Solving_&amp;_Linear_Equations_I" occurrences="1" name="Enter_a_given_y_value"/>
        <Skill category="Problem_Solving_&amp;_Linear_Equations_I" occurrences="1" name="Identify_an_expression"/>
      </Skills>
    </Problem>
    <Problem selection_features="" problem_file="Problem8.brd" description="Problem 8" student_interface="7.04.swf" label="Problem 8" name="Problem 8" student_interface_class="" tutor_flag="tutor" team_role="0">
      <Skills>
        <Skill category="Problem_Solving_&amp;_Linear_Equations_I" occurrences="1" name="Calculate_a_y_value_from_an_x_value"/>
        <Skill category="Problem_Solving_&amp;_Linear_Equations_I" occurrences="1" name="Calculate_an_x_value_from_a_y_value"/>
        <Skill category="Problem_Solving_&amp;_Linear_Equations_I" occurrences="1" name="Identify_a_variable"/>
        <Skill category="Problem_Solving_&amp;_Linear_Equations_I" occurrences="1" name="Show_your_work"/>
        <Skill category="Problem_Solving_&amp;_Linear_Equations_I" occurrences="1" name="Enter_a_given_x_value"/>
        <Skill category="Problem_Solving_&amp;_Linear_Equations_I" occurrences="1" name="Enter_a_given_y_value"/>
        <Skill category="Problem_Solving_&amp;_Linear_Equations_I" occurrences="1" name="Identify_an_expression"/>
      </Skills>
    </Problem>
    <Problem selection_features="" problem_file="Problem9.brd" description="Problem 9" student_interface="7.04.swf" label="Problem 9" name="Problem 9" student_interface_class="" tutor_flag="tutor" team_role="0">
      <Skills>
        <Skill category="Problem_Solving_&amp;_Linear_Equations_I" occurrences="1" name="Calculate_a_y_value_from_an_x_value"/>
        <Skill category="Problem_Solving_&amp;_Linear_Equations_I" occurrences="1" name="Calculate_an_x_value_from_a_y_value"/>
        <Skill category="Problem_Solving_&amp;_Linear_Equations_I" occurrences="1" name="Identify_a_variable"/>
        <Skill category="Problem_Solving_&amp;_Linear_Equations_I" occurrences="1" name="Show_your_work"/>
        <Skill category="Problem_Solving_&amp;_Linear_Equations_I" occurrences="1" name="Enter_a_given_x_value"/>
        <Skill category="Problem_Solving_&amp;_Linear_Equations_I" occurrences="1" name="Enter_a_given_y_value"/>
        <Skill category="Problem_Solving_&amp;_Linear_Equations_I" occurrences="1" name="Identify_an_expression"/>
      </Skills>
    </Problem>
    <Problem selection_features="" problem_file="Problem10.brd" description="Problem 10" student_interface="7.04.swf" label="Problem 10" name="Problem 10" student_interface_class="" tutor_flag="tutor" team_role="0">
      <Skills>
        <Skill category="Problem_Solving_&amp;_Linear_Equations_I" occurrences="1" name="Calculate_a_y_value_from_an_x_value"/>
        <Skill category="Problem_Solving_&amp;_Linear_Equations_I" occurrences="1" name="Calculate_an_x_value_from_a_y_value"/>
        <Skill category="Problem_Solving_&amp;_Linear_Equations_I" occurrences="1" name="Identify_a_variable"/>
        <Skill category="Problem_Solving_&amp;_Linear_Equations_I" occurrences="1" name="Show_your_work"/>
        <Skill category="Problem_Solving_&amp;_Linear_Equations_I" occurrences="1" name="Enter_a_given_x_value"/>
        <Skill category="Problem_Solving_&amp;_Linear_Equations_I" occurrences="1" name="Enter_a_given_y_value"/>
        <Skill category="Problem_Solving_&amp;_Linear_Equations_I" occurrences="1" name="Identify_an_expression"/>
      </Skills>
    </Problem>
  </Problems>
  <Categories>
    <Collection category="" description="Released Problem Sets" parent_category="" label="Released Problem Sets" parent_name="" name="general"/>
    <Standard category="standard" description="PA Assessment Anchors" parent_category="" label="PA Assessment Anchors" parent_name="" name="PA"/>
    <Standard category="standard" description="NCTM Curriculum Focal Points" parent_category="" label="NCTM Curriculum Focal Points" parent_name="" name="NCTM"/>
    <Standard category="standard" description="Common Core Standards" parent_category="" label="Common Core Standards" parent_name="" name="CommonCore"/>
    <Standard category="standard" description="Student Standards" parent_category="" label="Problem Set Categories" parent_name="" name="Student"/>
    <Grade category="" description="6th Grade" parent_category="" label="6th Grade" parent_name="" name="6"/>
    <Grade category="" description="7th Grade" parent_category="" label="7th Grade" parent_name="" name="7"/>
    <Standard category="reporting_category" description="D. Algebraic Concepts" parent_category="standard" label="D. Algebraic Concepts" parent_name="PA" name="PA.D"/>
    <Standard category="assessment_anchor" description="D.2. Represent and/or analyze mathematical situations and structures using algebraic symbols, words, tables, and graphs." parent_category="reporting_category" label="D.2. Represent Situations and Structures" parent_name="PA.D" name="PA.D.2"/>
    <Standard category="strand" description="B. Algebra" parent_category="standard" label="B. Algebra" parent_name="NCTM" name="NCTM.B"/>
    <Standard category="grade_level" description="6th Grade" parent_category="standard" label="6th Grade" parent_name="CommonCore" name="CommonCore.6"/>
    <Standard category="strand" description="6.EE. Expressions and Equations" parent_category="grade_level" label="6.EE. Expressions and Equations" parent_name="CommonCore.6" name="CommonCore.6.EE"/>
    <Standard category="strand" description="Patterns and Expressions in Tables" parent_category="standard" label="Patterns and Expressions in Tables" parent_name="Student" name="Student.PET"/>
  </Categories>
  <Skills>
    <Skill category="Problem_Solving_&amp;_Linear_Equations_I" pKnown="0.25" description="Calculate a y value from an x value" pLearn="0.2" label="Calculate a y value from an x value" name="Calculate_a_y_value_from_an_x_value" pGuess="0.2" pSlip="0.1"/>
    <Skill category="Problem_Solving_&amp;_Linear_Equations_I" pKnown="0.25" description="Calculate an x value from a y value" pLearn="0.2" label="Calculate an x value from a y value" name="Calculate_an_x_value_from_a_y_value" pGuess="0.2" pSlip="0.1"/>
    <Skill category="Problem_Solving_&amp;_Linear_Equations_I" pKnown="0.25" description="Enter a given x value" pLearn="0.2" label="Enter a given x value" name="Enter_a_given_x_value" pGuess="0.2" pSlip="0.1"/>
    <Skill category="Problem_Solving_&amp;_Linear_Equations_I" pKnown="0.25" description="Enter a given y value" pLearn="0.2" label="Enter a given y value" name="Enter_a_given_y_value" pGuess="0.2" pSlip="0.1"/>
    <Skill category="Problem_Solving_&amp;_Linear_Equations_I" pKnown="0.25" description="Identify a variable" pLearn="0.2" label="Identify a variable" name="Identify_a_variable" pGuess="0.2" pSlip="0.1"/>
    <Skill category="Problem_Solving_&amp;_Linear_Equations_I" pKnown="0.25" description="Identify an expression" pLearn="0.2" label="Identify an expression" name="Identify_an_expression" pGuess="0.2" pSlip="0.1"/>
    <Skill category="Problem_Solving_&amp;_Linear_Equations_I" pKnown="0.25" description="Show your work" pLearn="0.2" label="Show your work" name="Show_your_work" pGuess="0.2" pSlip="0.1"/>
  </Skills>
  <Assets>
  </Assets>
</ProblemSet>
