<?xml version="1.0" encoding="UTF-8"?>
<ProblemSet initial_sequence="0" selection_algorithm="sequential" max_count="1000" description="Student will find the area of geometric figures with emphasis on triangles and quadrilaterals." max_repeat="1" label="6.16 Area of Polygons" team_size="1" name="6.16" picture="">
  <Problems>
    <Problem selection_features="" problem_file="01dogRun.brd" description="At the dog kennel where you work, each dog is put in his own fenced run." student_interface="6-16a.swf" label="At the dog kennel where you work, each dog is put in his own fenced run." name="01 Large Dog Kennel" student_interface_class="" tutor_flag="tutor" team_role="0">
      <Skills>
        <Skill category="6.16a_AreaofPolygons" occurrences="2" name="DecimalDivision"/>
        <Skill category="6.16a_AreaofPolygons" occurrences="1" name="DecimalMultiplication"/>
      </Skills>
    </Problem>
    <Problem selection_features="" problem_file="02flag.brd" description="You are making a flag for the school play." student_interface="6-16a.swf" label="You are making a flag for the school play." name="02 Pirate Flag" student_interface_class="" tutor_flag="tutor" team_role="0">
      <Skills>
        <Skill category="6.16a_AreaofPolygons" occurrences="2" name="DecimalDivision"/>
        <Skill category="6.16a_AreaofPolygons" occurrences="1" name="DecimalMultiplication"/>
      </Skills>
    </Problem>
    <Problem selection_features="" problem_file="03walkway.brd" description="You are designing a walkway from the garage to your back porch." student_interface="6-16a.swf" label="You are designing a walkway from the garage to your back porch." name="03 Walkway" student_interface_class="" tutor_flag="tutor" team_role="0">
      <Skills>
        <Skill category="6.16a_AreaofPolygons" occurrences="2" name="DecimalDivision"/>
        <Skill category="6.16a_AreaofPolygons" occurrences="1" name="DecimalMultiplication"/>
      </Skills>
    </Problem>
    <Problem selection_features="" problem_file="04tulip.brd" description="Your mom is planning her flower garden for next year." student_interface="6-16a.swf" label="Your mom is planning her flower garden for next year." name="04 Tulip Gardening" student_interface_class="" tutor_flag="tutor" team_role="0">
      <Skills>
        <Skill category="6.16a_AreaofPolygons" occurrences="2" name="DecimalDivision"/>
        <Skill category="6.16a_AreaofPolygons" occurrences="1" name="DecimalMultiplication"/>
      </Skills>
    </Problem>
    <Problem selection_features="" problem_file="05sandbox.brd" description="You are making a sandbox." student_interface="6-16a.swf" label="You are making a sandbox." name="05 Sandbox Designing" student_interface_class="" tutor_flag="tutor" team_role="0">
      <Skills>
        <Skill category="6.16a_AreaofPolygons" occurrences="2" name="DecimalDivision"/>
        <Skill category="6.16a_AreaofPolygons" occurrences="1" name="DecimalMultiplication"/>
      </Skills>
    </Problem>
    <Problem selection_features="" problem_file="06bulletin.brd" description="Heather is class President and is in charge of making new bulletin board every month." student_interface="6-16a.swf" label="Heather is class President and is in charge of making new bulletin board every month." name="06 December Bulletin Board" student_interface_class="" tutor_flag="tutor" team_role="0">
      <Skills>
        <Skill category="6.16a_AreaofPolygons" occurrences="2" name="DecimalDivision"/>
        <Skill category="6.16a_AreaofPolygons" occurrences="1" name="DecimalMultiplication"/>
      </Skills>
    </Problem>
    <Problem selection_features="" problem_file="07afghan.brd" description="Suzie is weaving an afghan for her grandmother's birthday." student_interface="6-16a.swf" label="Suzie is weaving an afghan for her grandmother's birthday." name="07 Afghan" student_interface_class="" tutor_flag="tutor" team_role="0">
      <Skills>
        <Skill category="6.16a_AreaofPolygons" occurrences="2" name="DecimalDivision"/>
        <Skill category="6.16a_AreaofPolygons" occurrences="1" name="DecimalMultiplication"/>
      </Skills>
    </Problem>
    <Problem selection_features="" problem_file="08door.brd" description="Carl is designing a new door for his room in wood shop." student_interface="6-16a.swf" label="Carl is designing a new door for his room in wood shop." name="08 Door Designing" student_interface_class="" tutor_flag="tutor" team_role="0">
      <Skills>
        <Skill category="6.16a_AreaofPolygons" occurrences="2" name="DecimalDivision"/>
        <Skill category="6.16a_AreaofPolygons" occurrences="1" name="DecimalMultiplication"/>
      </Skills>
    </Problem>
    <Problem selection_features="" problem_file="09basement.brd" description="B.J. is shampooing the carpet in his basement." student_interface="6-16a.swf" label="B.J. is shampooing the carpet in his basement." name="09 Shampooing Basement" student_interface_class="" tutor_flag="tutor" team_role="0">
      <Skills>
        <Skill category="6.16a_AreaofPolygons" occurrences="2" name="DecimalDivision"/>
        <Skill category="6.16a_AreaofPolygons" occurrences="1" name="DecimalMultiplication"/>
      </Skills>
    </Problem>
    <Problem selection_features="" problem_file="10basement.brd" description="B.J. is ready to check out with his carpet shampoo." student_interface="6-16a.swf" label="B.J. is ready to check out with his carpet shampoo." name="10 Buying Shampoos" student_interface_class="" tutor_flag="tutor" team_role="0">
      <Skills>
        <Skill category="6.16a_AreaofPolygons" occurrences="2" name="DecimalDivision"/>
        <Skill category="6.16a_AreaofPolygons" occurrences="1" name="DecimalMultiplication"/>
      </Skills>
    </Problem>
    <Problem selection_features="" problem_file="11rooms.brd" description="Adam is putting hardwood floors into three of his rooms in his house." student_interface="6-16a.swf" label="Adam is putting hardwood floors into three of his rooms in his house." name="11 Rooms" student_interface_class="" tutor_flag="tutor" team_role="0">
      <Skills>
        <Skill category="6.16a_AreaofPolygons" occurrences="2" name="DecimalDivision"/>
        <Skill category="6.16a_AreaofPolygons" occurrences="1" name="DecimalMultiplication"/>
      </Skills>
    </Problem>
    <Problem selection_features="" problem_file="12wall.brd" description="Matthew is painting a 20-foot-long wall in his bedroom in red." student_interface="6-16a.swf" label="Matthew is painting a 20-foot-long wall in his bedroom in red." name="12 Painting Wall" student_interface_class="" tutor_flag="tutor" team_role="0">
      <Skills>
        <Skill category="6.16a_AreaofPolygons" occurrences="2" name="DecimalDivision"/>
        <Skill category="6.16a_AreaofPolygons" occurrences="1" name="DecimalMultiplication"/>
      </Skills>
    </Problem>
    <Problem selection_features="" problem_file="13ABDE.brd" description="..." student_interface="6-16b.swf" label="..." name="13 ABDE" student_interface_class="" tutor_flag="tutor" team_role="0">
      <Skills>
        <Skill category="6-16_area-of-polygons" occurrences="1" name="IdenExpPerimeter"/>
        <Skill category="6-16_area-of-polygons" occurrences="1" name="IdenExp"/>
        <Skill category="6-16_area-of-polygons" occurrences="1" name="-"/>
        <Skill category="6-16_area-of-polygons" occurrences="1" name="FindPerimeterPara"/>
        <Skill category="6-16_area-of-polygons" occurrences="1" name="idenBaseSeg"/>
        <Skill category="6-16_area-of-polygons" occurrences="1" name="idenAdjcSeg"/>
      </Skills>
    </Problem>
    <Problem selection_features="" problem_file="14FIRE.brd" description="..." student_interface="6-16b.swf" label="..." name="14 FIRE" student_interface_class="" tutor_flag="tutor" team_role="0">
      <Skills>
        <Skill category="6-16_area-of-polygons" occurrences="1" name="-"/>
        <Skill category="6-16_area-of-polygons" occurrences="1" name="IdenExp"/>
        <Skill category="6-16_area-of-polygons" occurrences="1" name="idenBaseSeg"/>
        <Skill category="6-16_area-of-polygons" occurrences="1" name="IdenExpPerimeter"/>
        <Skill category="6-16_area-of-polygons" occurrences="1" name="FindPerimeterPara"/>
        <Skill category="6-16_area-of-polygons" occurrences="1" name="idenAdjcSeg"/>
      </Skills>
    </Problem>
    <Problem selection_features="" problem_file="15LEAF.brd" description="..." student_interface="6-16b.swf" label="..." name="15 LEAF" student_interface_class="" tutor_flag="tutor" team_role="0">
      <Skills>
        <Skill category="6-16_area-of-polygons" occurrences="1" name="-"/>
        <Skill category="6-16_area-of-polygons" occurrences="1" name="FindAreaPara"/>
      </Skills>
    </Problem>
    <Problem selection_features="" problem_file="16ROFL.brd" description="..." student_interface="6-16b.swf" label="..." name="16 ROFL" student_interface_class="" tutor_flag="tutor" team_role="0">
      <Skills>
        <Skill category="6-16_area-of-polygons" occurrences="1" name="-"/>
        <Skill category="6-16_area-of-polygons" occurrences="1" name="SolvHeight"/>
        <Skill category="6-16_area-of-polygons" occurrences="1" name="SolvBase"/>
        <Skill category="6-16_area-of-polygons" occurrences="1" name="FindAreaPara"/>
      </Skills>
    </Problem>
    <Problem selection_features="" problem_file="17JKLM.brd" description="..." student_interface="6-16b.swf" label="..." name="17 JKLM" student_interface_class="" tutor_flag="tutor" team_role="0">
      <Skills>
        <Skill category="6-16_area-of-polygons" occurrences="1" name="-"/>
        <Skill category="6-16_area-of-polygons" occurrences="1" name="SolvHeight"/>
        <Skill category="6-16_area-of-polygons" occurrences="1" name="idenBaseSeg"/>
        <Skill category="6-16_area-of-polygons" occurrences="1" name="SolvBase"/>
        <Skill category="6-16_area-of-polygons" occurrences="1" name="FindAreaPara"/>
        <Skill category="6-16_area-of-polygons" occurrences="1" name="idenHeightSeg"/>
      </Skills>
    </Problem>
    <Problem selection_features="" problem_file="18ABC.brd" description="..." student_interface="6-16b.swf" label="..." name="18 ABC" student_interface_class="" tutor_flag="tutor" team_role="0">
      <Skills>
        <Skill category="6-16_area-of-polygons" occurrences="1" name="-"/>
        <Skill category="6-16_area-of-polygons" occurrences="1" name="FindAreaTri"/>
      </Skills>
    </Problem>
    <Problem selection_features="" problem_file="19SPIN.brd" description="..." student_interface="6-16b.swf" label="..." name="19 SPIN" student_interface_class="" tutor_flag="tutor" team_role="0">
      <Skills>
        <Skill category="6-16_area-of-polygons" occurrences="1" name="-"/>
        <Skill category="6-16_area-of-polygons" occurrences="1" name="idenHeightSeg"/>
        <Skill category="6-16_area-of-polygons" occurrences="1" name="FindAreaPara"/>
        <Skill category="6-16_area-of-polygons" occurrences="1" name="idenBaseSeg"/>
      </Skills>
    </Problem>
    <Problem selection_features="" problem_file="20LAND.brd" description="..." student_interface="6-16b.swf" label="..." name="20 LAND" student_interface_class="" tutor_flag="tutor" team_role="0">
      <Skills>
        <Skill category="6-16_area-of-polygons" occurrences="1" name="-"/>
        <Skill category="6-16_area-of-polygons" occurrences="1" name="idenHeightSeg"/>
        <Skill category="6-16_area-of-polygons" occurrences="1" name="idenBaseSeg"/>
        <Skill category="6-16_area-of-polygons" occurrences="1" name="FindAreaPara"/>
      </Skills>
    </Problem>
    <Problem selection_features="" problem_file="21SKW.brd" description="..." student_interface="6-16b.swf" label="..." name="21 SKW" student_interface_class="" tutor_flag="tutor" team_role="0">
      <Skills>
        <Skill category="6-16_area-of-polygons" occurrences="1" name="-"/>
        <Skill category="6-16_area-of-polygons" occurrences="1" name="FindAreaTri"/>
        <Skill category="6-16_area-of-polygons" occurrences="1" name="idenHeightSeg"/>
      </Skills>
    </Problem>
    <Problem selection_features="" problem_file="22EVO.brd" description="..." student_interface="6-16b.swf" label="..." name="22 EVO" student_interface_class="" tutor_flag="tutor" team_role="0">
      <Skills>
        <Skill category="6-16_area-of-polygons" occurrences="1" name="-"/>
        <Skill category="6-16_area-of-polygons" occurrences="1" name="idenBaseSeg"/>
        <Skill category="6-16_area-of-polygons" occurrences="1" name="FindAreaTri"/>
        <Skill category="6-16_area-of-polygons" occurrences="1" name="idenHeightSeg"/>
      </Skills>
    </Problem>
    <Problem selection_features="" problem_file="23NEAT.brd" description="..." student_interface="6-16b.swf" label="..." name="23 NEAT" student_interface_class="" tutor_flag="tutor" team_role="0">
      <Skills>
        <Skill category="6-16_area-of-polygons" occurrences="1" name="-"/>
        <Skill category="6-16_area-of-polygons" occurrences="1" name="FindPerimeterPara"/>
        <Skill category="6-16_area-of-polygons" occurrences="1" name="FindAreaPara"/>
        <Skill category="6-16_area-of-polygons" occurrences="1" name="SolvBase"/>
        <Skill category="6-16_area-of-polygons" occurrences="1" name="SolvHeight"/>
      </Skills>
    </Problem>
    <Problem selection_features="" problem_file="24MILK.brd" description="..." student_interface="6-16b.swf" label="..." name="24 MILK and CUKI" student_interface_class="" tutor_flag="tutor" team_role="0">
      <Skills>
        <Skill category="6-16_area-of-polygons" occurrences="1" name="FindAreaPara"/>
        <Skill category="6-16_area-of-polygons" occurrences="1" name="SolvHeight"/>
        <Skill category="6-16_area-of-polygons" occurrences="1" name="-"/>
        <Skill category="6-16_area-of-polygons" occurrences="1" name="idenBaseSeg"/>
        <Skill category="6-16_area-of-polygons" occurrences="1" name="idenHeightSeg"/>
      </Skills>
    </Problem>
    <Problem selection_features="" problem_file="25FROG.brd" description="..." student_interface="6-16b.swf" label="..." name="25 FROG" student_interface_class="" tutor_flag="tutor" team_role="0">
      <Skills>
        <Skill category="6-16_area-of-polygons" occurrences="1" name="-"/>
        <Skill category="6-16_area-of-polygons" occurrences="1" name="FindAreaPara"/>
        <Skill category="6-16_area-of-polygons" occurrences="1" name="idenHeightSeg"/>
        <Skill category="6-16_area-of-polygons" occurrences="1" name="SolvBase"/>
        <Skill category="6-16_area-of-polygons" occurrences="1" name="SolvHeight"/>
      </Skills>
    </Problem>
    <Problem selection_features="" problem_file="26GHI.brd" description="..." student_interface="6-16b.swf" label="..." name="26 GHI" student_interface_class="" tutor_flag="tutor" team_role="0">
      <Skills>
        <Skill category="6-16_area-of-polygons" occurrences="1" name="-"/>
        <Skill category="6-16_area-of-polygons" occurrences="1" name="idenBaseSeg"/>
        <Skill category="6-16_area-of-polygons" occurrences="1" name="FindAreaPara"/>
        <Skill category="6-16_area-of-polygons" occurrences="1" name="idenHeightSeg"/>
      </Skills>
    </Problem>
    <Problem selection_features="" problem_file="27SALT.brd" description="..." student_interface="6-16b.swf" label="..." name="27 SALT" student_interface_class="" tutor_flag="tutor" team_role="0">
      <Skills>
        <Skill category="6-16_area-of-polygons" occurrences="1" name="-"/>
        <Skill category="6-16_area-of-polygons" occurrences="1" name="SolvHeight"/>
        <Skill category="6-16_area-of-polygons" occurrences="1" name="idenBaseSeg"/>
        <Skill category="6-16_area-of-polygons" occurrences="1" name="SolvBase"/>
        <Skill category="6-16_area-of-polygons" occurrences="1" name="FindAreaPara"/>
        <Skill category="6-16_area-of-polygons" occurrences="1" name="idenHeightSeg"/>
      </Skills>
    </Problem>
    <Problem selection_features="" problem_file="28RHOM.brd" description="..." student_interface="6-16b.swf" label="..." name="28 RHOM" student_interface_class="" tutor_flag="tutor" team_role="0">
      <Skills>
        <Skill category="6-16_area-of-polygons" occurrences="1" name="-"/>
        <Skill category="6-16_area-of-polygons" occurrences="1" name="FindAreaPara"/>
        <Skill category="6-16_area-of-polygons" occurrences="1" name="FindPerimeterPara"/>
      </Skills>
    </Problem>
  </Problems>
  <Categories>
    <Collection category="" description="Released Problem Sets" parent_category="" label="Released Problem Sets" parent_name="" name="general"/>
    <Standard category="standard" description="PA Assessment Anchors" parent_category="" label="PA Assessment Anchors" parent_name="" name="PA"/>
    <Standard category="standard" description="NCTM Curriculum Focal Points" parent_category="" label="NCTM Curriculum Focal Points" parent_name="" name="NCTM"/>
    <Standard category="standard" description="Common Core Standards" parent_category="" label="Common Core Standards" parent_name="" name="CommonCore"/>
    <Standard category="standard" description="Student Standards" parent_category="" label="Problem Set Categories" parent_name="" name="Student"/>
    <Grade category="" description="5th Grade" parent_category="" label="5th Grade" parent_name="" name="5"/>
    <Grade category="" description="6th Grade" parent_category="" label="6th Grade" parent_name="" name="6"/>
    <Standard category="reporting_category" description="B. Measurement" parent_category="standard" label="B. Measurement" parent_name="PA" name="PA.B"/>
    <Standard category="assessment_anchor" description="B.2. Apply appropriate techniques, tools and formulas to determine measurements." parent_category="reporting_category" label="B.2. Techniques, Tools and Formulas" parent_name="PA.B" name="PA.B.2"/>
    <Standard category="strand" description="C. Geometry" parent_category="standard" label="C. Geometry" parent_name="NCTM" name="NCTM.C"/>
    <Standard category="strand" description="D. Measurement" parent_category="standard" label="D. Measurement" parent_name="NCTM" name="NCTM.D"/>
    <Standard category="grade_level" description="6th Grade" parent_category="standard" label="6th Grade" parent_name="CommonCore" name="CommonCore.6"/>
    <Standard category="strand" description="6.G. Geometry" parent_category="grade_level" label="6.G. Geometry" parent_name="CommonCore.6" name="CommonCore.6.G"/>
    <Standard category="strand" description="Area, Perimeter, Circumference" parent_category="standard" label="Area, Perimeter, Circumference" parent_name="Student" name="Student.APC"/>
  </Categories>
  <Skills>
    <Skill category="6-16_area-of-polygons" pKnown="0.25" description="-" pLearn="0.2" label="-" name="-" pGuess="0.2" pSlip="0.1"/>
    <Skill category="6.16a_AreaofPolygons" pKnown="0.25" description="Decimal Division" pLearn="0.2" label="Decimal Division" name="DecimalDivision" pGuess="0.2" pSlip="0.1"/>
    <Skill category="6.16a_AreaofPolygons" pKnown="0.25" description="Decimal Multiplication" pLearn="0.2" label="Decimal Multiplication" name="DecimalMultiplication" pGuess="0.2" pSlip="0.1"/>
    <Skill category="6-16_area-of-polygons" pKnown="0.25" description="Find area of a parallelogram" pLearn="0.2" label="Find area of a parallelogram" name="FindAreaPara" pGuess="0.2" pSlip="0.1"/>
    <Skill category="6-16_area-of-polygons" pKnown="0.25" description="Find area of a triangle" pLearn="0.2" label="Find area of a triangle" name="FindAreaTri" pGuess="0.2" pSlip="0.1"/>
    <Skill category="6-16_area-of-polygons" pKnown="0.25" description="Find perimeter of a parallelogram" pLearn="0.2" label="Find perimeter of a parallelogram" name="FindPerimeterPara" pGuess="0.2" pSlip="0.1"/>
    <Skill category="6-16_area-of-polygons" pKnown="0.25" description="Identify base segment" pLearn="0.2" label="Identify base segment" name="idenBaseSeg" pGuess="0.2" pSlip="0.1"/>
    <Skill category="6-16_area-of-polygons" pKnown="0.25" description="Identify expression for a segment" pLearn="0.2" label="Identify expression for a segment" name="IdenExp" pGuess="0.2" pSlip="0.1"/>
    <Skill category="6-16_area-of-polygons" pKnown="0.25" description="Identify expression for the perimeter" pLearn="0.2" label="Identify expression for the perimeter" name="IdenExpPerimeter" pGuess="0.2" pSlip="0.1"/>
    <Skill category="6-16_area-of-polygons" pKnown="0.25" description="Identify height segment" pLearn="0.2" label="Identify height segment" name="idenHeightSeg" pGuess="0.2" pSlip="0.1"/>
    <Skill category="6-16_area-of-polygons" pKnown="0.25" description="Identify segment adjacent to the base" pLearn="0.2" label="Identify segment adjacent to the base" name="idenAdjcSeg" pGuess="0.2" pSlip="0.1"/>
    <Skill category="6-16_area-of-polygons" pKnown="0.25" description="Solve for base" pLearn="0.2" label="Solve for base" name="SolvBase" pGuess="0.2" pSlip="0.1"/>
    <Skill category="6-16_area-of-polygons" pKnown="0.25" description="Solve for height" pLearn="0.2" label="Solve for height" name="SolvHeight" pGuess="0.2" pSlip="0.1"/>
  </Skills>
  <Assets>
  </Assets>
</ProblemSet>
