<?xml version="1.0" encoding="UTF-8"?>
<ProblemSet initial_sequence="0" selection_algorithm="sequential" max_count="1000" description="Student creates a ratio and then simplifies the ratio using the GCF, which is a power of 10." max_repeat="1" label="6.15 Using Powers of 10 to Simplify Division" team_size="1" name="6.15" picture="">
  <Problems>
    <Problem selection_features="" problem_file="Problem2.brd" description="GCF word problem." student_interface="6.15_template.swf" label="GCF word problem." name="problem 2" student_interface_class="" tutor_flag="tutor" team_role="0">
      <Skills>
        <Skill category="Powers-Of-10" occurrences="2" name="Find-Common-Power-Of-10"/>
        <Skill category="Powers-Of-10" occurrences="2" name="Use-Power-Of-10"/>
        <Skill category="Powers-Of-10" occurrences="2" name="Enter-Given-Value"/>
        <Skill category="Powers-Of-10" occurrences="1" name="Select-Operation"/>
        <Skill category="Powers-Of-10" occurrences="1" name="Simplify-Final-Answer"/>
      </Skills>
    </Problem>
    <Problem selection_features="" problem_file="Problem3.brd" description="GCF word problem." student_interface="6.15_template.swf" label="GCF word problem." name="problem 3" student_interface_class="" tutor_flag="tutor" team_role="0">
      <Skills>
        <Skill category="Powers-Of-10" occurrences="2" name="Find-Common-Power-Of-10"/>
        <Skill category="Powers-Of-10" occurrences="2" name="Use-Power-Of-10"/>
        <Skill category="Powers-Of-10" occurrences="2" name="Enter-Given-Value"/>
        <Skill category="Powers-Of-10" occurrences="1" name="Select-Operation"/>
        <Skill category="Powers-Of-10" occurrences="1" name="Simplify-Final-Answer"/>
      </Skills>
    </Problem>
    <Problem selection_features="" problem_file="Problem4.brd" description="GCF word problem." student_interface="6.15_template.swf" label="GCF word problem." name="problem 4" student_interface_class="" tutor_flag="tutor" team_role="0">
      <Skills>
        <Skill category="Powers-Of-10" occurrences="2" name="Find-Common-Power-Of-10"/>
        <Skill category="Powers-Of-10" occurrences="2" name="Use-Power-Of-10"/>
        <Skill category="Powers-Of-10" occurrences="2" name="Enter-Given-Value"/>
        <Skill category="Powers-Of-10" occurrences="1" name="Select-Operation"/>
        <Skill category="Powers-Of-10" occurrences="1" name="Simplify-Final-Answer"/>
      </Skills>
    </Problem>
    <Problem selection_features="" problem_file="Problem5.brd" description="GCF word problem." student_interface="6.15_template.swf" label="GCF word problem." name="problem 5" student_interface_class="" tutor_flag="tutor" team_role="0">
      <Skills>
        <Skill category="Powers-Of-10" occurrences="2" name="Find-Common-Power-Of-10"/>
        <Skill category="Powers-Of-10" occurrences="2" name="Use-Power-Of-10"/>
        <Skill category="Powers-Of-10" occurrences="2" name="Enter-Given-Value"/>
        <Skill category="Powers-Of-10" occurrences="1" name="Select-Operation"/>
        <Skill category="Powers-Of-10" occurrences="1" name="Simplify-Final-Answer"/>
      </Skills>
    </Problem>
    <Problem selection_features="" problem_file="Problem6.brd" description="GCF word problem." student_interface="6.15_template.swf" label="GCF word problem." name="problem 6" student_interface_class="" tutor_flag="tutor" team_role="0">
      <Skills>
        <Skill category="Powers-Of-10" occurrences="2" name="Find-Common-Power-Of-10"/>
        <Skill category="Powers-Of-10" occurrences="2" name="Use-Power-Of-10"/>
        <Skill category="Powers-Of-10" occurrences="2" name="Enter-Given-Value"/>
        <Skill category="Powers-Of-10" occurrences="1" name="Select-Operation"/>
        <Skill category="Powers-Of-10" occurrences="1" name="Simplify-Final-Answer"/>
      </Skills>
    </Problem>
    <Problem selection_features="" problem_file="Problem7.brd" description="GCF word problem." student_interface="6.15_template.swf" label="GCF word problem." name="problem 7" student_interface_class="" tutor_flag="tutor" team_role="0">
      <Skills>
        <Skill category="Powers-Of-10" occurrences="2" name="Find-Common-Power-Of-10"/>
        <Skill category="Powers-Of-10" occurrences="2" name="Use-Power-Of-10"/>
        <Skill category="Powers-Of-10" occurrences="2" name="Enter-Given-Value"/>
        <Skill category="Powers-Of-10" occurrences="1" name="Select-Operation"/>
        <Skill category="Powers-Of-10" occurrences="1" name="Simplify-Final-Answer"/>
      </Skills>
    </Problem>
    <Problem selection_features="" problem_file="Problem8.brd" description="GCF word problem." student_interface="6.15_template.swf" label="GCF word problem." name="problem 8" student_interface_class="" tutor_flag="tutor" team_role="0">
      <Skills>
        <Skill category="Powers-Of-10" occurrences="2" name="Find-Common-Power-Of-10"/>
        <Skill category="Powers-Of-10" occurrences="2" name="Use-Power-Of-10"/>
        <Skill category="Powers-Of-10" occurrences="2" name="Enter-Given-Value"/>
        <Skill category="Powers-Of-10" occurrences="1" name="Select-Operation"/>
        <Skill category="Powers-Of-10" occurrences="1" name="Simplify-Final-Answer"/>
      </Skills>
    </Problem>
    <Problem selection_features="" problem_file="Problem9.brd" description="GCF word problem." student_interface="6.15_template.swf" label="GCF word problem." name="problem 9" student_interface_class="" tutor_flag="tutor" team_role="0">
      <Skills>
        <Skill category="Powers-Of-10" occurrences="2" name="Find-Common-Power-Of-10"/>
        <Skill category="Powers-Of-10" occurrences="2" name="Use-Power-Of-10"/>
        <Skill category="Powers-Of-10" occurrences="2" name="Enter-Given-Value"/>
        <Skill category="Powers-Of-10" occurrences="1" name="Select-Operation"/>
        <Skill category="Powers-Of-10" occurrences="1" name="Simplify-Final-Answer"/>
      </Skills>
    </Problem>
  </Problems>
  <Categories>
    <Collection category="" description="Released Problem Sets" parent_category="" label="Released Problem Sets" parent_name="" name="general"/>
    <Standard category="standard" description="PA Assessment Anchors" parent_category="" label="PA Assessment Anchors" parent_name="" name="PA"/>
    <Standard category="standard" description="NCTM Curriculum Focal Points" parent_category="" label="NCTM Curriculum Focal Points" parent_name="" name="NCTM"/>
    <Standard category="standard" description="Common Core Standards" parent_category="" label="Common Core Standards" parent_name="" name="CommonCore"/>
    <Standard category="standard" description="Student Standards" parent_category="" label="Problem Set Categories" parent_name="" name="Student"/>
    <Grade category="" description="5th Grade" parent_category="" label="5th Grade" parent_name="" name="5"/>
    <Grade category="" description="6th Grade" parent_category="" label="6th Grade" parent_name="" name="6"/>
    <Standard category="reporting_category" description="A. Numbers and Operations" parent_category="standard" label="A. Numbers and Operations" parent_name="PA" name="PA.A"/>
    <Standard category="assessment_anchor" description="A.1. Demonstrate an understanding of numbers, ways of representing numbers, relationships among numbers, and number systems." parent_category="reporting_category" label="A.1. Numbers: Representations, Relationships and Systems" parent_name="PA.A" name="PA.A.1"/>
    <Standard category="strand" description="A. Numbers and Operations" parent_category="standard" label="A. Numbers and Operations" parent_name="NCTM" name="NCTM.A"/>
    <Standard category="grade_level" description="6th Grade" parent_category="standard" label="6th Grade" parent_name="CommonCore" name="CommonCore.6"/>
    <Standard category="strand" description="6.NS. The Number System" parent_category="grade_level" label="6.NS. The Number System" parent_name="CommonCore.6" name="CommonCore.6.NS"/>
    <Standard category="strand" description="Student.Usfr" parent_category="standard" label="Student.Usfr" parent_name="Student" name="Student.USFR"/>
  </Categories>
  <Skills>
    <Skill category="Powers-Of-10" pKnown="0.25" description="Enter Given Value" pLearn="0.2" label="Enter Given Value" name="Enter-Given-Value" pGuess="0.2" pSlip="0.1"/>
    <Skill category="Powers-Of-10" pKnown="0.25" description="Find Common Power Of 10" pLearn="0.2" label="Find Common Power Of 10" name="Find-Common-Power-Of-10" pGuess="0.2" pSlip="0.1"/>
    <Skill category="Powers-Of-10" pKnown="0.25" description="Select Operation" pLearn="0.2" label="Select Operation" name="Select-Operation" pGuess="0.2" pSlip="0.1"/>
    <Skill category="Powers-Of-10" pKnown="0.25" description="Simplify Final Answer" pLearn="0.2" label="Simplify Final Answer" name="Simplify-Final-Answer" pGuess="0.2" pSlip="0.1"/>
    <Skill category="Powers-Of-10" pKnown="0.25" description="Use Power Of 10" pLearn="0.2" label="Use Power Of 10" name="Use-Power-Of-10" pGuess="0.2" pSlip="0.1"/>
  </Skills>
  <Assets>
  </Assets>
</ProblemSet>
