<?xml version="1.0" encoding="UTF-8"?>
<ProblemSet initial_sequence="0" selection_algorithm="sequential" max_count="1000" description="Asks student to identify patterns within a word problem and construct an expression to represent the pattern." max_repeat="1" label="6.01 Patterns and Expressions" team_size="1" name="6.01" picture="">
  <Problems>
    <Problem selection_features="" problem_file="Problem1.brd" description="Olympic Games" student_interface="Unit1.swf" label="Olympic Games" name="Test1" student_interface_class="" tutor_flag="tutor" team_role="0">
      <Skills>
        <Skill category="Patterns_and_Expressions" occurrences="3" name="Enter_a_given_X_value"/>
        <Skill category="Patterns_and_Expressions" occurrences="3" name="Show_Your_Work"/>
        <Skill category="Patterns_and_Expressions" occurrences="1" name="Enter_a_variable"/>
        <Skill category="Patterns_and_Expressions" occurrences="3" name="Calculate_a_Y_value_from_an_X_value"/>
        <Skill category="Patterns_and_Expressions" occurrences="1" name="Enter_a_formula"/>
      </Skills>
    </Problem>
    <Problem selection_features="" problem_file="Problem15.brd" description="Phone Call" student_interface="Unit1tmp2.swf" label="Phone Call" name="Test15" student_interface_class="" tutor_flag="tutor" team_role="0">
      <Skills>
        <Skill category="Patterns_and_Expressions" occurrences="2" name="Calculate_a_Y_value_from_an_X_value"/>
        <Skill category="Patterns_and_Expressions" occurrences="2" name="Enter_a_given_X_value"/>
        <Skill category="Patterns_and_Expressions" occurrences="2" name="Calculate_an_x_value_from_a_y_value"/>
        <Skill category="Patterns_and_Expressions" occurrences="4" name="Show_Your_Work"/>
        <Skill category="Patterns_and_Expressions" occurrences="1" name="Enter_a_variable"/>
        <Skill category="Patterns_and_Expressions" occurrences="1" name="Enter_a_formula"/>
        <Skill category="Patterns_and_Expressions" occurrences="2" name="Enter_a_given_y_value"/>
      </Skills>
    </Problem>
    <Problem selection_features="" problem_file="Problem2.brd" description="Meteor Shower" student_interface="Unit1.swf" label="Meteor Shower" name="Test2" student_interface_class="" tutor_flag="tutor" team_role="0">
      <Skills>
        <Skill category="Patterns_and_Expressions" occurrences="3" name="Enter_a_given_X_value"/>
        <Skill category="Patterns_and_Expressions" occurrences="3" name="Show_Your_Work"/>
        <Skill category="Patterns_and_Expressions" occurrences="1" name="Enter_a_variable"/>
        <Skill category="Patterns_and_Expressions" occurrences="3" name="Calculate_a_Y_value_from_an_X_value"/>
        <Skill category="Patterns_and_Expressions" occurrences="1" name="Enter_a_formula"/>
      </Skills>
    </Problem>
    <Problem selection_features="" problem_file="Problem3.brd" description="Tomato Plants" student_interface="Unit1.swf" label="Tomato Plants" name="Test3" student_interface_class="" tutor_flag="tutor" team_role="0">
      <Skills>
        <Skill category="Patterns_and_Expressions" occurrences="3" name="Enter_a_given_X_value"/>
        <Skill category="Patterns_and_Expressions" occurrences="3" name="Show_Your_Work"/>
        <Skill category="Patterns_and_Expressions" occurrences="1" name="Enter_a_variable"/>
        <Skill category="Patterns_and_Expressions" occurrences="3" name="Calculate_a_Y_value_from_an_X_value"/>
        <Skill category="Patterns_and_Expressions" occurrences="1" name="Enter_a_formula"/>
      </Skills>
    </Problem>
    <Problem selection_features="" problem_file="Problem4.brd" description="Reading Program" student_interface="Unit1.swf" label="Reading Program" name="Test4" student_interface_class="" tutor_flag="tutor" team_role="0">
      <Skills>
        <Skill category="Patterns_and_Expressions" occurrences="3" name="Enter_a_given_X_value"/>
        <Skill category="Patterns_and_Expressions" occurrences="3" name="Show_Your_Work"/>
        <Skill category="Patterns_and_Expressions" occurrences="1" name="Enter_a_variable"/>
        <Skill category="Patterns_and_Expressions" occurrences="3" name="Calculate_a_Y_value_from_an_X_value"/>
        <Skill category="Patterns_and_Expressions" occurrences="1" name="Enter_a_formula"/>
      </Skills>
    </Problem>
    <Problem selection_features="" problem_file="Problem5.brd" description="Convenience Store" student_interface="Unit1.swf" label="Convenience Store" name="Test5" student_interface_class="" tutor_flag="tutor" team_role="0">
      <Skills>
        <Skill category="Patterns_and_Expressions" occurrences="3" name="Enter_a_given_X_value"/>
        <Skill category="Patterns_and_Expressions" occurrences="3" name="Show_Your_Work"/>
        <Skill category="Patterns_and_Expressions" occurrences="1" name="Enter_a_variable"/>
        <Skill category="Patterns_and_Expressions" occurrences="3" name="Calculate_a_Y_value_from_an_X_value"/>
        <Skill category="Patterns_and_Expressions" occurrences="1" name="Enter_a_formula"/>
      </Skills>
    </Problem>
    <Problem selection_features="" problem_file="Problem6.brd" description="Movie Theater" student_interface="Unit1.swf" label="Movie Theater" name="Test6" student_interface_class="" tutor_flag="tutor" team_role="0">
      <Skills>
        <Skill category="Patterns_and_Expressions" occurrences="3" name="Enter_a_given_X_value"/>
        <Skill category="Patterns_and_Expressions" occurrences="3" name="Show_Your_Work"/>
        <Skill category="Patterns_and_Expressions" occurrences="1" name="Enter_a_variable"/>
        <Skill category="Patterns_and_Expressions" occurrences="3" name="Calculate_a_Y_value_from_an_X_value"/>
        <Skill category="Patterns_and_Expressions" occurrences="1" name="Enter_a_formula"/>
      </Skills>
    </Problem>
    <Problem selection_features="" problem_file="Problem7.brd" description="Cherry Tree" student_interface="Unit1.swf" label="Cherry Tree" name="Test7" student_interface_class="" tutor_flag="tutor" team_role="0">
      <Skills>
        <Skill category="Patterns_and_Expressions" occurrences="3" name="Enter_a_given_X_value"/>
        <Skill category="Patterns_and_Expressions" occurrences="3" name="Show_Your_Work"/>
        <Skill category="Patterns_and_Expressions" occurrences="1" name="Enter_a_variable"/>
        <Skill category="Patterns_and_Expressions" occurrences="3" name="Calculate_a_Y_value_from_an_X_value"/>
        <Skill category="Patterns_and_Expressions" occurrences="1" name="Enter_a_formula"/>
      </Skills>
    </Problem>
    <Problem selection_features="" problem_file="Problem8.brd" description="Green Ketchup" student_interface="Unit1.swf" label="Green Ketchup" name="Test8" student_interface_class="" tutor_flag="tutor" team_role="0">
      <Skills>
        <Skill category="Patterns_and_Expressions" occurrences="3" name="Enter_a_given_X_value"/>
        <Skill category="Patterns_and_Expressions" occurrences="3" name="Show_Your_Work"/>
        <Skill category="Patterns_and_Expressions" occurrences="1" name="Enter_a_variable"/>
        <Skill category="Patterns_and_Expressions" occurrences="3" name="Calculate_a_Y_value_from_an_X_value"/>
        <Skill category="Patterns_and_Expressions" occurrences="1" name="Enter_a_formula"/>
      </Skills>
    </Problem>
    <Problem selection_features="" problem_file="Problem9.brd" description="Speedy Spiro" student_interface="Unit1.swf" label="Speedy Spiro" name="Test9" student_interface_class="" tutor_flag="tutor" team_role="0">
      <Skills>
        <Skill category="Patterns_and_Expressions" occurrences="3" name="Enter_a_given_X_value"/>
        <Skill category="Patterns_and_Expressions" occurrences="3" name="Show_Your_Work"/>
        <Skill category="Patterns_and_Expressions" occurrences="1" name="Enter_a_variable"/>
        <Skill category="Patterns_and_Expressions" occurrences="3" name="Calculate_a_Y_value_from_an_X_value"/>
        <Skill category="Patterns_and_Expressions" occurrences="1" name="Enter_a_formula"/>
      </Skills>
    </Problem>
    <Problem selection_features="" problem_file="Problem10.brd" description="New Bike" student_interface="Unit1.swf" label="New Bike" name="Test10" student_interface_class="" tutor_flag="tutor" team_role="0">
      <Skills>
        <Skill category="Patterns_and_Expressions" occurrences="3" name="Enter_a_given_X_value"/>
        <Skill category="Patterns_and_Expressions" occurrences="3" name="Show_Your_Work"/>
        <Skill category="Patterns_and_Expressions" occurrences="1" name="Enter_a_variable"/>
        <Skill category="Patterns_and_Expressions" occurrences="3" name="Calculate_a_Y_value_from_an_X_value"/>
        <Skill category="Patterns_and_Expressions" occurrences="1" name="Enter_a_formula"/>
      </Skills>
    </Problem>
    <Problem selection_features="" problem_file="Problem11.brd" description="24 Glasses" student_interface="Unit1.swf" label="24 Glasses" name="Test11" student_interface_class="" tutor_flag="tutor" team_role="0">
      <Skills>
        <Skill category="Patterns_and_Expressions" occurrences="3" name="Enter_a_given_X_value"/>
        <Skill category="Patterns_and_Expressions" occurrences="3" name="Show_Your_Work"/>
        <Skill category="Patterns_and_Expressions" occurrences="1" name="Enter_a_variable"/>
        <Skill category="Patterns_and_Expressions" occurrences="3" name="Calculate_a_Y_value_from_an_X_value"/>
        <Skill category="Patterns_and_Expressions" occurrences="1" name="Enter_a_formula"/>
      </Skills>
    </Problem>
    <Problem selection_features="" problem_file="Problem12.brd" description="Wonder World" student_interface="Unit1.swf" label="Wonder World" name="Test12" student_interface_class="" tutor_flag="tutor" team_role="0">
      <Skills>
        <Skill category="Patterns_and_Expressions" occurrences="3" name="Enter_a_given_X_value"/>
        <Skill category="Patterns_and_Expressions" occurrences="3" name="Show_Your_Work"/>
        <Skill category="Patterns_and_Expressions" occurrences="1" name="Enter_a_variable"/>
        <Skill category="Patterns_and_Expressions" occurrences="3" name="Calculate_a_Y_value_from_an_X_value"/>
        <Skill category="Patterns_and_Expressions" occurrences="1" name="Enter_a_formula"/>
      </Skills>
    </Problem>
    <Problem selection_features="" problem_file="Problem13.brd" description="Little League" student_interface="Unit1.swf" label="Little League" name="Test13" student_interface_class="" tutor_flag="tutor" team_role="0">
      <Skills>
        <Skill category="Patterns_and_Expressions" occurrences="3" name="Enter_a_given_X_value"/>
        <Skill category="Patterns_and_Expressions" occurrences="3" name="Show_Your_Work"/>
        <Skill category="Patterns_and_Expressions" occurrences="1" name="Enter_a_variable"/>
        <Skill category="Patterns_and_Expressions" occurrences="3" name="Calculate_a_Y_value_from_an_X_value"/>
        <Skill category="Patterns_and_Expressions" occurrences="1" name="Enter_a_formula"/>
      </Skills>
    </Problem>
    <Problem selection_features="" problem_file="Problem16.brd" description="Lasagna Batches" student_interface="Unit1tmp2.swf" label="Lasagna Batches" name="Test16" student_interface_class="" tutor_flag="tutor" team_role="0">
      <Skills>
        <Skill category="Patterns_and_Expressions" occurrences="2" name="Calculate_a_Y_value_from_an_X_value"/>
        <Skill category="Patterns_and_Expressions" occurrences="2" name="Enter_a_given_X_value"/>
        <Skill category="Patterns_and_Expressions" occurrences="2" name="Calculate_an_x_value_from_a_y_value"/>
        <Skill category="Patterns_and_Expressions" occurrences="4" name="Show_Your_Work"/>
        <Skill category="Patterns_and_Expressions" occurrences="1" name="Enter_a_variable"/>
        <Skill category="Patterns_and_Expressions" occurrences="1" name="Enter_a_formula"/>
        <Skill category="Patterns_and_Expressions" occurrences="2" name="Enter_a_given_y_value"/>
      </Skills>
    </Problem>
    <Problem selection_features="" problem_file="Problem17.brd" description="Student Council" student_interface="Unit1tmp2.swf" label="Student Council" name="Test17" student_interface_class="" tutor_flag="tutor" team_role="0">
      <Skills>
        <Skill category="Patterns_and_Expressions" occurrences="2" name="Calculate_a_Y_value_from_an_X_value"/>
        <Skill category="Patterns_and_Expressions" occurrences="2" name="Enter_a_given_X_value"/>
        <Skill category="Patterns_and_Expressions" occurrences="2" name="Calculate_an_x_value_from_a_y_value"/>
        <Skill category="Patterns_and_Expressions" occurrences="4" name="Show_Your_Work"/>
        <Skill category="Patterns_and_Expressions" occurrences="1" name="Enter_a_variable"/>
        <Skill category="Patterns_and_Expressions" occurrences="1" name="Enter_a_formula"/>
        <Skill category="Patterns_and_Expressions" occurrences="2" name="Enter_a_given_y_value"/>
      </Skills>
    </Problem>
    <Problem selection_features="" problem_file="Problem18.brd" description="CD Rack" student_interface="Unit1tmp2.swf" label="CD Rack" name="Test18" student_interface_class="" tutor_flag="tutor" team_role="0">
      <Skills>
        <Skill category="Patterns_and_Expressions" occurrences="2" name="Calculate_a_Y_value_from_an_X_value"/>
        <Skill category="Patterns_and_Expressions" occurrences="2" name="Enter_a_given_X_value"/>
        <Skill category="Patterns_and_Expressions" occurrences="2" name="Calculate_an_x_value_from_a_y_value"/>
        <Skill category="Patterns_and_Expressions" occurrences="4" name="Show_Your_Work"/>
        <Skill category="Patterns_and_Expressions" occurrences="1" name="Enter_a_variable"/>
        <Skill category="Patterns_and_Expressions" occurrences="1" name="Enter_a_formula"/>
        <Skill category="Patterns_and_Expressions" occurrences="2" name="Enter_a_given_y_value"/>
      </Skills>
    </Problem>
    <Problem selection_features="" problem_file="Problem19.brd" description="Pens" student_interface="Unit1tmp2.swf" label="Pens" name="Test19" student_interface_class="" tutor_flag="tutor" team_role="0">
      <Skills>
        <Skill category="Patterns_and_Expressions" occurrences="2" name="Calculate_a_Y_value_from_an_X_value"/>
        <Skill category="Patterns_and_Expressions" occurrences="2" name="Enter_a_given_X_value"/>
        <Skill category="Patterns_and_Expressions" occurrences="2" name="Calculate_an_x_value_from_a_y_value"/>
        <Skill category="Patterns_and_Expressions" occurrences="4" name="Show_Your_Work"/>
        <Skill category="Patterns_and_Expressions" occurrences="1" name="Enter_a_variable"/>
        <Skill category="Patterns_and_Expressions" occurrences="1" name="Enter_a_formula"/>
        <Skill category="Patterns_and_Expressions" occurrences="2" name="Enter_a_given_y_value"/>
      </Skills>
    </Problem>
    <Problem selection_features="" problem_file="Problem20.brd" description="Class Party" student_interface="Unit1tmp2.swf" label="Class Party" name="Test20" student_interface_class="" tutor_flag="tutor" team_role="0">
      <Skills>
        <Skill category="Patterns_and_Expressions" occurrences="2" name="Calculate_a_Y_value_from_an_X_value"/>
        <Skill category="Patterns_and_Expressions" occurrences="2" name="Enter_a_given_X_value"/>
        <Skill category="Patterns_and_Expressions" occurrences="2" name="Calculate_an_x_value_from_a_y_value"/>
        <Skill category="Patterns_and_Expressions" occurrences="4" name="Show_Your_Work"/>
        <Skill category="Patterns_and_Expressions" occurrences="1" name="Enter_a_variable"/>
        <Skill category="Patterns_and_Expressions" occurrences="1" name="Enter_a_formula"/>
        <Skill category="Patterns_and_Expressions" occurrences="2" name="Enter_a_given_y_value"/>
      </Skills>
    </Problem>
    <Problem selection_features="" problem_file="Problem21.brd" description="New Trumpet" student_interface="Unit1tmp2.swf" label="New Trumpet" name="Test21" student_interface_class="" tutor_flag="tutor" team_role="0">
      <Skills>
        <Skill category="Patterns_and_Expressions" occurrences="2" name="Calculate_a_Y_value_from_an_X_value"/>
        <Skill category="Patterns_and_Expressions" occurrences="2" name="Enter_a_given_X_value"/>
        <Skill category="Patterns_and_Expressions" occurrences="2" name="Calculate_an_x_value_from_a_y_value"/>
        <Skill category="Patterns_and_Expressions" occurrences="4" name="Show_Your_Work"/>
        <Skill category="Patterns_and_Expressions" occurrences="1" name="Enter_a_variable"/>
        <Skill category="Patterns_and_Expressions" occurrences="1" name="Enter_a_formula"/>
        <Skill category="Patterns_and_Expressions" occurrences="2" name="Enter_a_given_y_value"/>
      </Skills>
    </Problem>
    <Problem selection_features="" problem_file="Problem22.brd" description="Sunshine Cadets" student_interface="Unit1tmp2.swf" label="Sunshine Cadets" name="Test22" student_interface_class="" tutor_flag="tutor" team_role="0">
      <Skills>
        <Skill category="Patterns_and_Expressions" occurrences="2" name="Calculate_a_Y_value_from_an_X_value"/>
        <Skill category="Patterns_and_Expressions" occurrences="2" name="Enter_a_given_X_value"/>
        <Skill category="Patterns_and_Expressions" occurrences="2" name="Calculate_an_x_value_from_a_y_value"/>
        <Skill category="Patterns_and_Expressions" occurrences="4" name="Show_Your_Work"/>
        <Skill category="Patterns_and_Expressions" occurrences="1" name="Enter_a_variable"/>
        <Skill category="Patterns_and_Expressions" occurrences="1" name="Enter_a_formula"/>
        <Skill category="Patterns_and_Expressions" occurrences="2" name="Enter_a_given_y_value"/>
      </Skills>
    </Problem>
    <Problem selection_features="" problem_file="Problem23.brd" description="Dog Walker" student_interface="Unit1tmp2.swf" label="Dog Walker" name="Test23" student_interface_class="" tutor_flag="tutor" team_role="0">
      <Skills>
        <Skill category="Patterns_and_Expressions" occurrences="2" name="Calculate_a_Y_value_from_an_X_value"/>
        <Skill category="Patterns_and_Expressions" occurrences="2" name="Enter_a_given_X_value"/>
        <Skill category="Patterns_and_Expressions" occurrences="2" name="Calculate_an_x_value_from_a_y_value"/>
        <Skill category="Patterns_and_Expressions" occurrences="4" name="Show_Your_Work"/>
        <Skill category="Patterns_and_Expressions" occurrences="1" name="Enter_a_variable"/>
        <Skill category="Patterns_and_Expressions" occurrences="1" name="Enter_a_formula"/>
        <Skill category="Patterns_and_Expressions" occurrences="2" name="Enter_a_given_y_value"/>
      </Skills>
    </Problem>
    <Problem selection_features="" problem_file="Problem24.brd" description="Lifeguard" student_interface="Unit1tmp2.swf" label="Lifeguard" name="Test24" student_interface_class="" tutor_flag="tutor" team_role="0">
      <Skills>
        <Skill category="Patterns_and_Expressions" occurrences="2" name="Calculate_a_Y_value_from_an_X_value"/>
        <Skill category="Patterns_and_Expressions" occurrences="2" name="Enter_a_given_X_value"/>
        <Skill category="Patterns_and_Expressions" occurrences="2" name="Calculate_an_x_value_from_a_y_value"/>
        <Skill category="Patterns_and_Expressions" occurrences="4" name="Show_Your_Work"/>
        <Skill category="Patterns_and_Expressions" occurrences="1" name="Enter_a_variable"/>
        <Skill category="Patterns_and_Expressions" occurrences="1" name="Enter_a_formula"/>
        <Skill category="Patterns_and_Expressions" occurrences="2" name="Enter_a_given_y_value"/>
      </Skills>
    </Problem>
    <Problem selection_features="" problem_file="Problem25.brd" description="Video Games" student_interface="Unit1tmp2.swf" label="Video Games" name="Test25" student_interface_class="" tutor_flag="tutor" team_role="0">
      <Skills>
        <Skill category="Patterns_and_Expressions" occurrences="2" name="Calculate_a_Y_value_from_an_X_value"/>
        <Skill category="Patterns_and_Expressions" occurrences="2" name="Enter_a_given_X_value"/>
        <Skill category="Patterns_and_Expressions" occurrences="2" name="Calculate_an_x_value_from_a_y_value"/>
        <Skill category="Patterns_and_Expressions" occurrences="4" name="Show_Your_Work"/>
        <Skill category="Patterns_and_Expressions" occurrences="1" name="Enter_a_variable"/>
        <Skill category="Patterns_and_Expressions" occurrences="1" name="Enter_a_formula"/>
        <Skill category="Patterns_and_Expressions" occurrences="2" name="Enter_a_given_y_value"/>
      </Skills>
    </Problem>
  </Problems>
  <Categories>
    <Collection category="" description="Released Problem Sets" parent_category="" label="Released Problem Sets" parent_name="" name="general"/>
    <Standard category="standard" description="PA Assessment Anchors" parent_category="" label="PA Assessment Anchors" parent_name="" name="PA"/>
    <Standard category="standard" description="NCTM Curriculum Focal Points" parent_category="" label="NCTM Curriculum Focal Points" parent_name="" name="NCTM"/>
    <Standard category="standard" description="Common Core Standards" parent_category="" label="Common Core Standards" parent_name="" name="CommonCore"/>
    <Standard category="standard" description="Student Standards" parent_category="" label="Problem Set Categories" parent_name="" name="Student"/>
    <Grade category="" description="6th Grade" parent_category="" label="6th Grade" parent_name="" name="6"/>
    <Grade category="" description="7th Grade" parent_category="" label="7th Grade" parent_name="" name="7"/>
    <Standard category="reporting_category" description="D. Algebraic Concepts" parent_category="standard" label="D. Algebraic Concepts" parent_name="PA" name="PA.D"/>
    <Standard category="assessment_anchor" description="D.2. Represent and/or analyze mathematical situations and structures using algebraic symbols, words, tables, and graphs." parent_category="reporting_category" label="D.2. Represent Situations and Structures" parent_name="PA.D" name="PA.D.2"/>
    <Standard category="strand" description="B. Algebra" parent_category="standard" label="B. Algebra" parent_name="NCTM" name="NCTM.B"/>
    <Standard category="grade_level" description="6th Grade" parent_category="standard" label="6th Grade" parent_name="CommonCore" name="CommonCore.6"/>
    <Standard category="strand" description="6.EE. Expressions and Equations" parent_category="grade_level" label="6.EE. Expressions and Equations" parent_name="CommonCore.6" name="CommonCore.6.EE"/>
    <Standard category="strand" description="Patterns and Expressions in Tables" parent_category="standard" label="Patterns and Expressions in Tables" parent_name="Student" name="Student.PET"/>
  </Categories>
  <Skills>
    <Skill category="Patterns_and_Expressions" pKnown="0.25" description="Calculate A Y Value From An X Value" pLearn="0.2" label="Calculate A Y Value From An X Value" name="Calculate_a_Y_value_from_an_X_value" pGuess="0.2" pSlip="0.1"/>
    <Skill category="Patterns_and_Expressions" pKnown="0.25" description="Calculate An X Value From A Y Value" pLearn="0.2" label="Calculate An X Value From A Y Value" name="Calculate_an_x_value_from_a_y_value" pGuess="0.2" pSlip="0.1"/>
    <Skill category="Patterns_and_Expressions" pKnown="0.25" description="Enter A Formula" pLearn="0.2" label="Enter A Formula" name="Enter_a_formula" pGuess="0.2" pSlip="0.1"/>
    <Skill category="Patterns_and_Expressions" pKnown="0.25" description="Enter A Given X Value" pLearn="0.2" label="Enter A Given X Value" name="Enter_a_given_X_value" pGuess="0.2" pSlip="0.1"/>
    <Skill category="Patterns_and_Expressions" pKnown="0.25" description="Enter A Given Y Value" pLearn="0.2" label="Enter A Given Y Value" name="Enter_a_given_y_value" pGuess="0.2" pSlip="0.1"/>
    <Skill category="Patterns_and_Expressions" pKnown="0.25" description="Enter A Variable" pLearn="0.2" label="Enter A Variable" name="Enter_a_variable" pGuess="0.2" pSlip="0.1"/>
    <Skill category="Patterns_and_Expressions" pKnown="0.25" description="Show Your Work" pLearn="0.2" label="Show Your Work" name="Show_Your_Work" pGuess="0.2" pSlip="0.1"/>
  </Skills>
  <Assets>
  </Assets>
</ProblemSet>
