<?xml version="1.0" encoding="UTF-8"?>
<ProblemSet initial_sequence="0" selection_algorithm="sequential" max_count="1000" description="Asks student to create or measure angles with a protractor." max_repeat="1" label="6.32 Angles" team_size="1" name="6.32" picture="screenshot_full.png">
  <Problems>
    <Problem selection_features="" problem_file="01degrees.brd" description="A Simple Protractor Problem I" student_interface="6_32_dashboard.swf" label="A Simple Protractor Problem I" name="01 Simple Protractor I" student_interface_class="" tutor_flag="tutor" team_role="0">
      <Skills>
        <Skill category="6_32_angles" occurrences="2" name="read_angle"/>
        <Skill category="6_32_angles" occurrences="4" name="create_angle"/>
      </Skills>
    </Problem>
    <Problem selection_features="" problem_file="02cats.brd" description="A Simple Protractor Problem II" student_interface="6_32_dashboard.swf" label="A Simple Protractor Problem II" name="02 Protractor II" student_interface_class="" tutor_flag="tutor" team_role="0">
      <Skills>
        <Skill category="6_32_angles" occurrences="2" name="read_angle"/>
        <Skill category="6_32_angles" occurrences="4" name="create_angle"/>
      </Skills>
    </Problem>
    <Problem selection_features="" problem_file="03degrees.brd" description="A Simple Protractor Problem III" student_interface="6_32_dashboard.swf" label="A Simple Protractor Problem III" name="03 Simple Protractor III" student_interface_class="" tutor_flag="tutor" team_role="0">
      <Skills>
        <Skill category="6_32_angles" occurrences="2" name="read_angle"/>
        <Skill category="6_32_angles" occurrences="4" name="create_angle"/>
      </Skills>
    </Problem>
    <Problem selection_features="" problem_file="04degrees.brd" description="A Simple Protractor Problem IV" student_interface="6_32_dashboard.swf" label="A Simple Protractor Problem IV" name="04 Simple Protractor IV" student_interface_class="" tutor_flag="tutor" team_role="0">
      <Skills>
        <Skill category="6_32_angles" occurrences="2" name="read_angle"/>
        <Skill category="6_32_angles" occurrences="4" name="create_angle"/>
      </Skills>
    </Problem>
    <Problem selection_features="" problem_file="05degrees.brd" description="A Simple Protractor Problem V" student_interface="6_32_dashboard.swf" label="A Simple Protractor Problem V" name="05 Simple Protractor V" student_interface_class="" tutor_flag="tutor" team_role="0">
      <Skills>
        <Skill category="6_32_angles" occurrences="2" name="read_angle"/>
        <Skill category="6_32_angles" occurrences="4" name="create_angle"/>
      </Skills>
    </Problem>
    <Problem selection_features="" problem_file="06degrees.brd" description="A Simple Protractor Problem VI" student_interface="6_32_dashboard.swf" label="A Simple Protractor Problem VI" name="06 Simple Protractor VI" student_interface_class="" tutor_flag="tutor" team_role="0">
      <Skills>
        <Skill category="6_32_angles" occurrences="2" name="read_angle"/>
        <Skill category="6_32_angles" occurrences="4" name="create_angle"/>
      </Skills>
    </Problem>
    <Problem selection_features="" problem_file="07degrees.brd" description="A Simple Protractor Problem VII" student_interface="6_32_dashboard.swf" label="A Simple Protractor Problem VII" name="07 Simple Protractor VII" student_interface_class="" tutor_flag="tutor" team_role="0">
      <Skills>
        <Skill category="6_32_angles" occurrences="2" name="read_angle"/>
        <Skill category="6_32_angles" occurrences="4" name="create_angle"/>
      </Skills>
    </Problem>
    <Problem selection_features="" problem_file="08double.brd" description="An Intermediate Protractor Problem I" student_interface="6_32_double_dashboard.swf" label="An Intermediate Protractor Problem I" name="08 Intermediate Protractor III" student_interface_class="" tutor_flag="tutor" team_role="0">
      <Skills>
        <Skill category="6_32_angles" occurrences="2" name="identify_read_angle"/>
        <Skill category="6_32_angles" occurrences="4" name="identify_create_angle"/>
      </Skills>
    </Problem>
    <Problem selection_features="" problem_file="09double.brd" description="An Intermediate Protractor Problem II" student_interface="6_32_double_dashboard.swf" label="An Intermediate Protractor Problem II" name="09 Intermediate Protractor III" student_interface_class="" tutor_flag="tutor" team_role="0">
      <Skills>
        <Skill category="6_32_angles" occurrences="2" name="identify_read_angle"/>
        <Skill category="6_32_angles" occurrences="4" name="identify_create_angle"/>
      </Skills>
    </Problem>
    <Problem selection_features="" problem_file="10double.brd" description="An Intermediate Protractor Problem III" student_interface="6_32_double_dashboard.swf" label="An Intermediate Protractor Problem III" name="10 Intermediate Protractor III" student_interface_class="" tutor_flag="tutor" team_role="0">
      <Skills>
        <Skill category="6_32_angles" occurrences="2" name="identify_read_angle"/>
        <Skill category="6_32_angles" occurrences="4" name="identify_create_angle"/>
      </Skills>
    </Problem>
    <Problem selection_features="" problem_file="11double.brd" description="An Intermediate Protractor Problem IV" student_interface="6_32_double_dashboard.swf" label="An Intermediate Protractor Problem IV" name="11 Intermediate Protractor III" student_interface_class="" tutor_flag="tutor" team_role="0">
      <Skills>
        <Skill category="6_32_angles" occurrences="2" name="identify_read_angle"/>
        <Skill category="6_32_angles" occurrences="4" name="identify_create_angle"/>
      </Skills>
    </Problem>
    <Problem selection_features="" problem_file="12double.brd" description="An Intermediate Protractor Problem V" student_interface="6_32_double_dashboard.swf" label="An Intermediate Protractor Problem V" name="12 Intermediate Protractor III" student_interface_class="" tutor_flag="tutor" team_role="0">
      <Skills>
        <Skill category="6_32_angles" occurrences="2" name="identify_read_angle"/>
        <Skill category="6_32_angles" occurrences="4" name="identify_create_angle"/>
      </Skills>
    </Problem>
    <Problem selection_features="" problem_file="13twin.brd" description="A Complex Protractor Problem I" student_interface="6_32_twin_angles.swf" label="A Complex Protractor Problem I" name="13 Complex Protractor I" student_interface_class="" tutor_flag="tutor" team_role="0">
      <Skills>
        <Skill category="6_32_angles" occurrences="1" name="calculate_read_angle"/>
        <Skill category="6_32_angles" occurrences="2" name="calculate_create_angle"/>
        <Skill category="6_32_angles" occurrences="1" name="identify_read_angle"/>
        <Skill category="6_32_angles" occurrences="2" name="identify_create_angle"/>
      </Skills>
    </Problem>
    <Problem selection_features="" problem_file="14twin.brd" description="A Complex Protractor Problem II" student_interface="6_32_twin_angles.swf" label="A Complex Protractor Problem II" name="14 Complex Protractor II" student_interface_class="" tutor_flag="tutor" team_role="0">
      <Skills>
        <Skill category="6_32_angles" occurrences="1" name="calculate_read_angle"/>
        <Skill category="6_32_angles" occurrences="2" name="calculate_create_angle"/>
        <Skill category="6_32_angles" occurrences="1" name="identify_read_angle"/>
        <Skill category="6_32_angles" occurrences="2" name="identify_create_angle"/>
      </Skills>
    </Problem>
    <Problem selection_features="" problem_file="15twin.brd" description="A Complex Protractor Problem III" student_interface="6_32_twin_angles.swf" label="A Complex Protractor Problem III" name="15 Complex Protractor III" student_interface_class="" tutor_flag="tutor" team_role="0">
      <Skills>
        <Skill category="6_32_angles" occurrences="1" name="calculate_read_angle"/>
        <Skill category="6_32_angles" occurrences="2" name="calculate_create_angle"/>
        <Skill category="6_32_angles" occurrences="1" name="identify_read_angle"/>
        <Skill category="6_32_angles" occurrences="2" name="identify_create_angle"/>
      </Skills>
    </Problem>
    <Problem selection_features="" problem_file="16twin.brd" description="A Complex Protractor Problem IV" student_interface="6_32_twin_angles.swf" label="A Complex Protractor Problem IV" name="16 Complex Protractor IV" student_interface_class="" tutor_flag="tutor" team_role="0">
      <Skills>
        <Skill category="6_32_angles" occurrences="1" name="calculate_read_angle"/>
        <Skill category="6_32_angles" occurrences="2" name="calculate_create_angle"/>
        <Skill category="6_32_angles" occurrences="1" name="identify_read_angle"/>
        <Skill category="6_32_angles" occurrences="2" name="identify_create_angle"/>
      </Skills>
    </Problem>
  </Problems>
  <Categories>
    <Collection category="" description="Released Problem Sets" parent_category="" label="Released Problem Sets" parent_name="" name="general"/>
    <Standard category="standard" description="PA Assessment Anchors" parent_category="" label="PA Assessment Anchors" parent_name="" name="PA"/>
    <Standard category="standard" description="NCTM Curriculum Focal Points" parent_category="" label="NCTM Curriculum Focal Points" parent_name="" name="NCTM"/>
    <Standard category="standard" description="Common Core Standards" parent_category="" label="Common Core Standards" parent_name="" name="CommonCore"/>
    <Standard category="standard" description="Student Standards" parent_category="" label="Problem Set Categories" parent_name="" name="Student"/>
    <Grade category="" description="4th Grade" parent_category="" label="4th Grade" parent_name="" name="4"/>
    <Grade category="" description="5th Grade" parent_category="" label="5th Grade" parent_name="" name="5"/>
    <Grade category="" description="6th Grade" parent_category="" label="6th Grade" parent_name="" name="6"/>
    <Standard category="reporting_category" description="B. Measurement" parent_category="standard" label="B. Measurement" parent_name="PA" name="PA.B"/>
    <Standard category="assessment_anchor" description="B.2. Apply appropriate techniques, tools and formulas to determine measurements." parent_category="reporting_category" label="B.2. Techniques, Tools and Formulas" parent_name="PA.B" name="PA.B.2"/>
    <Standard category="strand" description="D. Measurement" parent_category="standard" label="D. Measurement" parent_name="NCTM" name="NCTM.D"/>
    <Standard category="grade_level" description="4th grade" parent_category="standard" label="4th Grade" parent_name="CommonCore" name="CommonCore.4"/>
    <Standard category="strand" description="4.MD. Measurement and Data" parent_category="grade_level" label="4.MD. Measurement and Data" parent_name="CommonCore.4" name="CommonCore.4.MD"/>
    <Standard category="strand" description="Geometry Vocabulary and Angles" parent_category="standard" label="Geometry Vocabulary and Angles" parent_name="Student" name="Student.GVA"/>
  </Categories>
  <Skills>
    <Skill category="6_32_angles" pKnown="0.1" description="The student is able to calculate an angle between two rays based on their relative position to the protractor" pLearn="0.5" label="Calculate hard angle" name="calculate_read_angle" pGuess="0.2" pSlip="0.1"/>
    <Skill category="6_32_angles" pKnown="0.1" description="The student is able to use the protractor to generate a simple angle between 0 and 180 degrees" pLearn="0.08" label="Create a simple angle" name="create_angle" pGuess="0.2" pSlip="0.1"/>
    <Skill category="6_32_angles" pKnown="0.1" description="The student is able to create an angle between two rays based on their relative position to the protractor" pLearn="0.25" label="Create hard angle" name="calculate_create_angle" pGuess="0.2" pSlip="0.1"/>
    <Skill category="6_32_angles" pKnown="0.1" description="The student is able to map the name of an angle (e.g. &quot;angle ABD&quot;) to the protractor and show the angle asked in the question" pLearn="0.08" label="Identify and create an angle" name="identify_create_angle" pGuess="0.2" pSlip="0.1"/>
    <Skill category="6_32_angles" pKnown="0.1" description="The student is able to read-off the specific angle asked in the question" pLearn="0.1" label="Identify and read angle" name="identify_read_angle" pGuess="0.2" pSlip="0.1"/>
    <Skill category="6_32_angles" pKnown="0.1" description="The student is able to read an angle off the protractor" pLearn="0.1" label="Read-off a simple angle" name="read_angle" pGuess="0.2" pSlip="0.1"/>
  </Skills>
  <Assets>
  </Assets>
</ProblemSet>
