<?xml version="1.0" encoding="UTF-8"?>
<ProblemSet initial_sequence="0" selection_algorithm="sequential" max_count="1000" description="Student finds several consecutive multiples of two numbers to determine the least common multiple of the two numbers." max_repeat="1" label="6.26 Least Common Multiple" team_size="1" name="6.26" picture="">
  <Problems>
    <Problem selection_features="" problem_file="Fade3.brd" description="Find some common multiples of 8 and 14. Then, find the least common multiple of 8 and 14." student_interface="6.26_new1.swf" label="Find some common multiples of 8 and 14. Then, find the least common multiple of 8 and 14." name="Fade3" student_interface_class="" tutor_flag="tutor" team_role="0">
      <Skills>
        <Skill category="6.26" occurrences="1" name="Enter-Least-Common-Multiple"/>
        <Skill category="6.26" occurrences="1" name="Identify-Common-Multiples"/>
        <Skill category="6.26" occurrences="1" name="Enter-Multiples"/>
      </Skills>
    </Problem>
    <Problem selection_features="" problem_file="Fade1.brd" description="Find some common multiples of 2 and 3. Then, find the least common multiple of 2 and 3." student_interface="6.26_new1.swf" label="Find some common multiples of 2 and 3. Then, find the least common multiple of 2 and 3." name="Fade1" student_interface_class="" tutor_flag="tutor" team_role="0">
      <Skills>
        <Skill category="6.26" occurrences="1" name="Enter-Least-Common-Multiple"/>
        <Skill category="6.26" occurrences="1" name="Identify-Common-Multiples"/>
        <Skill category="6.26" occurrences="1" name="Enter-Multiples"/>
      </Skills>
    </Problem>
    <Problem selection_features="" problem_file="Favorite1.brd" description="Billy and Suzy have the same favorite number. Billy tells you it is a multiple of 6, and Suzy tells you it is a multiple of 3. What could their favorite number be? Find 3 possibilities and the smallest possibility." student_interface="6.26_new1.swf" label="Billy and Suzy have the same favorite number. Billy tells you it is a multiple of 6, and Suzy tells you it is a multiple of 3. What could their favorite number be? Find 3 possibilities and the smallest possibility." name="Favorite1" student_interface_class="" tutor_flag="tutor" team_role="0">
      <Skills>
        <Skill category="6.26" occurrences="1" name="Enter-Least-Common-Multiple"/>
        <Skill category="6.26" occurrences="1" name="Identify-Common-Multiples"/>
        <Skill category="6.26" occurrences="1" name="Enter-Multiples"/>
      </Skills>
    </Problem>
    <Problem selection_features="" problem_file="Favorite2.brd" description="Billy and Suzy have the same favorite number. Billy tells you it is a multiple of 9, and Suzy tells you it is a multiple of 3. What could their favorite number be? Find 3 possibilities and the smallest possibility." student_interface="6.26_new1.swf" label="Billy and Suzy have the same favorite number. Billy tells you it is a multiple of 9, and Suzy tells you it is a multiple of 3. What could their favorite number be? Find 3 possibilities and the smallest possibility." name="Favorite2" student_interface_class="" tutor_flag="tutor" team_role="0">
      <Skills>
        <Skill category="6.26" occurrences="1" name="Enter-Least-Common-Multiple"/>
        <Skill category="6.26" occurrences="1" name="Identify-Common-Multiples"/>
        <Skill category="6.26" occurrences="1" name="Enter-Multiples"/>
      </Skills>
    </Problem>
    <Problem selection_features="" problem_file="Cookout.brd" description="Sandra decided that she would figure out how many people she should invite to her cookout by the amount of food she buys. Hot dogs are sold in packages of 8; buns are sold in packages of 10. If she purchased the minimum number of packages o f each to gua " student_interface="6.26_new1.swf" label="Sandra decided that she would figure out how many people she should invite to her cookout by the amount of food she buys. Hot dogs are sold in packages of 8; buns are sold in packages of 10. If she purchased the minimum number of packages o f each to gua " name="Cookout" student_interface_class="" tutor_flag="tutor" team_role="0">
      <Skills>
        <Skill category="6.26" occurrences="1" name="Enter-Least-Common-Multiple"/>
        <Skill category="6.26" occurrences="1" name="Identify-Common-Multiples"/>
        <Skill category="6.26" occurrences="1" name="Enter-Multiples"/>
      </Skills>
    </Problem>
    <Problem selection_features="" problem_file="Find1.brd" description="Find some common multiples of 2 and 5. Then, find the least common multiple of 2 and 5." student_interface="6.26_new1.swf" label="Find some common multiples of 2 and 5. Then, find the least common multiple of 2 and 5." name="Find1" student_interface_class="" tutor_flag="tutor" team_role="0">
      <Skills>
        <Skill category="6.26" occurrences="1" name="Enter-Least-Common-Multiple"/>
        <Skill category="6.26" occurrences="1" name="Identify-Common-Multiples"/>
        <Skill category="6.26" occurrences="1" name="Enter-Multiples"/>
      </Skills>
    </Problem>
    <Problem selection_features="" problem_file="Find2.brd" description="Find some common multiples of 6 and 12. Then, find the least common multiple of 6 and 12." student_interface="6.26_new1.swf" label="Find some common multiples of 6 and 12. Then, find the least common multiple of 6 and 12." name="Find2" student_interface_class="" tutor_flag="tutor" team_role="0">
      <Skills>
        <Skill category="6.26" occurrences="1" name="Enter-Least-Common-Multiple"/>
        <Skill category="6.26" occurrences="1" name="Identify-Common-Multiples"/>
        <Skill category="6.26" occurrences="1" name="Enter-Multiples"/>
      </Skills>
    </Problem>
    <Problem selection_features="" problem_file="Find3.brd" description="Find some common multiples of 2 and 7. Then, find the least common multiple of 2 and 7." student_interface="6.26_new1.swf" label="Find some common multiples of 2 and 7. Then, find the least common multiple of 2 and 7." name="Find3" student_interface_class="" tutor_flag="tutor" team_role="0">
      <Skills>
        <Skill category="6.26" occurrences="1" name="Enter-Least-Common-Multiple"/>
        <Skill category="6.26" occurrences="1" name="Identify-Common-Multiples"/>
        <Skill category="6.26" occurrences="1" name="Enter-Multiples"/>
      </Skills>
    </Problem>
    <Problem selection_features="" problem_file="Find4.brd" description="Find some common multiples of 9 and 12. Then, find the least common multiple of 9 and 12." student_interface="6.26_new1.swf" label="Find some common multiples of 9 and 12. Then, find the least common multiple of 9 and 12." name="Find4" student_interface_class="" tutor_flag="tutor" team_role="0">
      <Skills>
        <Skill category="6.26" occurrences="1" name="Enter-Least-Common-Multiple"/>
        <Skill category="6.26" occurrences="1" name="Identify-Common-Multiples"/>
        <Skill category="6.26" occurrences="1" name="Enter-Multiples"/>
      </Skills>
    </Problem>
    <Problem selection_features="" problem_file="Fishing.brd" description="George goes fishing every 15 days, and he mows the lawn every 5 days. Today he did both. How many days will it be until he fishes and mows the lawn on the same day again? Until he does both on the same day two more times? Three more times?" student_interface="6.26_new1.swf" label="George goes fishing every 15 days, and he mows the lawn every 5 days. Today he did both. How many days will it be until he fishes and mows the lawn on the same day again? Until he does both on the same day two more times? Three more times?" name="Fishing" student_interface_class="" tutor_flag="tutor" team_role="0">
      <Skills>
        <Skill category="6.26" occurrences="1" name="Enter-Least-Common-Multiple"/>
        <Skill category="6.26" occurrences="1" name="Identify-Common-Multiples"/>
        <Skill category="6.26" occurrences="1" name="Enter-Multiples"/>
      </Skills>
    </Problem>
    <Problem selection_features="" problem_file="Money.brd" description="Bob and Jerry have the same amount of money. Bob only has quarters (25cents) and Jerry only has dimes (10 cents). What are three possible amounts of money (in cents) that Bob and Jerry could have?" student_interface="6.26_new1.swf" label="Bob and Jerry have the same amount of money. Bob only has quarters (25cents) and Jerry only has dimes (10 cents). What are three possible amounts of money (in cents) that Bob and Jerry could have?" name="Money" student_interface_class="" tutor_flag="tutor" team_role="0">
      <Skills>
        <Skill category="6.26" occurrences="1" name="Enter-Least-Common-Multiple"/>
        <Skill category="6.26" occurrences="1" name="Identify-Common-Multiples"/>
        <Skill category="6.26" occurrences="1" name="Enter-Multiples"/>
      </Skills>
    </Problem>
    <Problem selection_features="" problem_file="Pizza.brd" description="Jean wants to have a pizza party for all of his friends. He orders cheese pizzas and pepperoni pizzas. Cheese pizzas are normally cut into 6 pieces, while pepperoni pizzas are cut into 8 pieces. He wants to have an equal number of pepperoni and cheese piz" student_interface="6.26_new1.swf" label="Jean wants to have a pizza party for all of his friends. He orders cheese pizzas and pepperoni pizzas. Cheese pizzas are normally cut into 6 pieces, while pepperoni pizzas are cut into 8 pieces. He wants to have an equal number of pepperoni and cheese piz" name="Pizza" student_interface_class="" tutor_flag="tutor" team_role="0">
      <Skills>
        <Skill category="6.26" occurrences="1" name="Enter-Least-Common-Multiple"/>
        <Skill category="6.26" occurrences="1" name="Identify-Common-Multiples"/>
        <Skill category="6.26" occurrences="1" name="Enter-Multiples"/>
      </Skills>
    </Problem>
    <Problem selection_features="" problem_file="Track.brd" description="It takes Amelia 3 minutes to run a lap around the circular track at school. It takes her brother 4 minutes to run one lap. They are on the starting line and begin running at the same time. What are the next three times when they both will be at the starti" student_interface="6.26_new1.swf" label="It takes Amelia 3 minutes to run a lap around the circular track at school. It takes her brother 4 minutes to run one lap. They are on the starting line and begin running at the same time. What are the next three times when they both will be at the starti" name="Track" student_interface_class="" tutor_flag="tutor" team_role="0">
      <Skills>
        <Skill category="6.26" occurrences="1" name="Enter-Least-Common-Multiple"/>
        <Skill category="6.26" occurrences="1" name="Identify-Common-Multiples"/>
        <Skill category="6.26" occurrences="1" name="Enter-Multiples"/>
      </Skills>
    </Problem>
  </Problems>
  <Categories>
    <Collection category="" description="Released Problem Sets" parent_category="" label="Released Problem Sets" parent_name="" name="general"/>
    <Standard category="standard" description="PA Assessment Anchors" parent_category="" label="PA Assessment Anchors" parent_name="" name="PA"/>
    <Standard category="standard" description="NCTM Curriculum Focal Points" parent_category="" label="NCTM Curriculum Focal Points" parent_name="" name="NCTM"/>
    <Standard category="standard" description="Common Core Standards" parent_category="" label="Common Core Standards" parent_name="" name="CommonCore"/>
    <Standard category="standard" description="Student Standards" parent_category="" label="Problem Set Categories" parent_name="" name="Student"/>
    <Grade category="" description="6th Grade" parent_category="" label="6th Grade" parent_name="" name="6"/>
    <Standard category="reporting_category" description="A. Numbers and Operations" parent_category="standard" label="A. Numbers and Operations" parent_name="PA" name="PA.A"/>
    <Standard category="assessment_anchor" description="A.1. Demonstrate an understanding of numbers, ways of representing numbers, relationships among numbers, and number systems." parent_category="reporting_category" label="A.1. Numbers: Representations, Relationships and Systems" parent_name="PA.A" name="PA.A.1"/>
    <Standard category="strand" description="A. Numbers and Operations" parent_category="standard" label="A. Numbers and Operations" parent_name="NCTM" name="NCTM.A"/>
    <Standard category="grade_level" description="6th Grade" parent_category="standard" label="6th Grade" parent_name="CommonCore" name="CommonCore.6"/>
    <Standard category="strand" description="6.NS. The Number System" parent_category="grade_level" label="6.NS. The Number System" parent_name="CommonCore.6" name="CommonCore.6.NS"/>
    <Standard category="strand" description="Working with Fractions" parent_category="standard" label="Working with Fractions" parent_name="Student" name="Student.WF"/>
  </Categories>
  <Skills>
    <Skill category="6.26" pKnown="0.25" description="Enter Least Common Multiple" pLearn="0.2" label="Enter Least Common Multiple" name="Enter-Least-Common-Multiple" pGuess="0.2" pSlip="0.1"/>
    <Skill category="6.26" pKnown="0.25" description="Enter Multiples" pLearn="0.2" label="Enter Multiples" name="Enter-Multiples" pGuess="0.2" pSlip="0.1"/>
    <Skill category="6.26" pKnown="0.25" description="Identify Common Multiples" pLearn="0.2" label="Identify Common Multiples" name="Identify-Common-Multiples" pGuess="0.2" pSlip="0.1"/>
  </Skills>
  <Assets>
  </Assets>
</ProblemSet>
