<?xml version="1.0" encoding="UTF-8"?>
<ProblemSet initial_sequence="0" selection_algorithm="sequential" max_count="1000" description="Provides varying numbers for different situations and asks student to compute the number of possible permutations." max_repeat="1" label="8.18 Permutations" team_size="1" name="8.18" picture="">
  <Problems>
    <Problem selection_features="" problem_file="01Runners.brd" description="The track team coach is choosing 3 runners for a relay race. To be fair to everybody on the team, he is going to randomly pick the first runner, then randomly pick the second and third runners. The coach isn't able to make a lineup with an empty spot, and" student_interface="8-18flash.swf" label="The track team coach is choosing 3 runners for a relay race. To be fair to everybody on the team, he is going to randomly pick the first runner, then randomly pick the second and third runners. The coach isn't able to make a lineup with an empty spot, and" name="3Runners" student_interface_class="" tutor_flag="tutor" team_role="0">
      <Skills>
        <Skill category="8-18-permutations" occurrences="23" name="idenNextPossible"/>
        <Skill category="8-17-permutations-and-combinations1" occurrences="4" name="find-outcome"/>
        <Skill category="8-17-permutations-and-combinations1" occurrences="4" name="find-outcome-expression"/>
        <Skill category="8-17-permutations-and-combinations1" occurrences="1" name="given-entered"/>
      </Skills>
    </Problem>
    <Problem selection_features="" problem_file="02Runners.brd" description="The track team coach is choosing 6 runners for a relay race. To be fair to everybody on the team, he is going to randomly pick the first runner, then randomly pick the second, third, fourth, fifth, and sixth runners. The coach isn't able to make a lineup " student_interface="8-18flash.swf" label="The track team coach is choosing 6 runners for a relay race. To be fair to everybody on the team, he is going to randomly pick the first runner, then randomly pick the second, third, fourth, fifth, and sixth runners. The coach isn't able to make a lineup " name="6Runners" student_interface_class="" tutor_flag="tutor" team_role="0">
      <Skills>
        <Skill category="8-18-permutations" occurrences="23" name="idenNextPossible"/>
        <Skill category="8-17-permutations-and-combinations1" occurrences="4" name="find-outcome"/>
        <Skill category="8-17-permutations-and-combinations1" occurrences="4" name="find-outcome-expression"/>
        <Skill category="8-17-permutations-and-combinations1" occurrences="1" name="given-entered"/>
      </Skills>
    </Problem>
    <Problem selection_features="" problem_file="03Baton.brd" description="Cheryl is choreographing a baton routine for her school talent show. She knows a number of different twirls, but she can only fit a sequence of 6 twirls into the routine. To choreograph a routine with only 6 twirls that is still exciting, Cheryl can't use" student_interface="8-18flash.swf" label="Cheryl is choreographing a baton routine for her school talent show. She knows a number of different twirls, but she can only fit a sequence of 6 twirls into the routine. To choreograph a routine with only 6 twirls that is still exciting, Cheryl can't use" name="Baton" student_interface_class="" tutor_flag="tutor" team_role="0">
      <Skills>
        <Skill category="8-18-permutations" occurrences="23" name="idenNextPossible"/>
        <Skill category="8-17-permutations-and-combinations1" occurrences="4" name="find-outcome"/>
        <Skill category="8-17-permutations-and-combinations1" occurrences="4" name="find-outcome-expression"/>
        <Skill category="8-17-permutations-and-combinations1" occurrences="1" name="given-entered"/>
      </Skills>
    </Problem>
    <Problem selection_features="" problem_file="04CDs.brd" description="Thom is making a CD of songs that he downloaded from Snapster. Because the songs are so long, only 5 will fit on a CD, so Thom doesn't want to put any songs on the CD more than once. To make the task of creating the CD easier, Thom is going to randomly pi" student_interface="8-18flash.swf" label="Thom is making a CD of songs that he downloaded from Snapster. Because the songs are so long, only 5 will fit on a CD, so Thom doesn't want to put any songs on the CD more than once. To make the task of creating the CD easier, Thom is going to randomly pi" name="CDs" student_interface_class="" tutor_flag="tutor" team_role="0">
      <Skills>
        <Skill category="8-18-permutations" occurrences="23" name="idenNextPossible"/>
        <Skill category="8-17-permutations-and-combinations1" occurrences="4" name="find-outcome"/>
        <Skill category="8-17-permutations-and-combinations1" occurrences="4" name="find-outcome-expression"/>
        <Skill category="8-17-permutations-and-combinations1" occurrences="1" name="given-entered"/>
      </Skills>
    </Problem>
    <Problem selection_features="" problem_file="05Programmer.brd" description="Ryan is a computer programmer who creates math tutors for a living. Right now, Ryan is building a tutor for his little brother, A.J. Ryan created a number of different lessons that he could put into the tutor, but A.J. only wants to do a sequence of 3 les" student_interface="8-18flash.swf" label="Ryan is a computer programmer who creates math tutors for a living. Right now, Ryan is building a tutor for his little brother, A.J. Ryan created a number of different lessons that he could put into the tutor, but A.J. only wants to do a sequence of 3 les" name="Programmer" student_interface_class="" tutor_flag="tutor" team_role="0">
      <Skills>
        <Skill category="8-18-permutations" occurrences="23" name="idenNextPossible"/>
        <Skill category="8-17-permutations-and-combinations1" occurrences="4" name="find-outcome"/>
        <Skill category="8-17-permutations-and-combinations1" occurrences="4" name="find-outcome-expression"/>
        <Skill category="8-17-permutations-and-combinations1" occurrences="1" name="given-entered"/>
      </Skills>
    </Problem>
    <Problem selection_features="" problem_file="06Seoul.brd" description="Liam is visiting Seoul, the capital of South Korea, for 4 days. In Seoul, there are a number of major palaces, restored from the days when South Korea had a monarchy. Liam would like to visit one of the palaces on each day of his trip, but can't make a sc" student_interface="8-18flash.swf" label="Liam is visiting Seoul, the capital of South Korea, for 4 days. In Seoul, there are a number of major palaces, restored from the days when South Korea had a monarchy. Liam would like to visit one of the palaces on each day of his trip, but can't make a sc" name="Seoul" student_interface_class="" tutor_flag="tutor" team_role="0">
      <Skills>
        <Skill category="8-18-permutations" occurrences="23" name="idenNextPossible"/>
        <Skill category="8-17-permutations-and-combinations1" occurrences="4" name="find-outcome"/>
        <Skill category="8-17-permutations-and-combinations1" occurrences="4" name="find-outcome-expression"/>
        <Skill category="8-17-permutations-and-combinations1" occurrences="1" name="given-entered"/>
      </Skills>
    </Problem>
    <Problem selection_features="" problem_file="07Stories.brd" description="Mrs. Hemingway is putting together a collection of her students' short stories to send to parents and teachers. Due to printing costs, she can only choose 5 stories to go into the first collection and each story can only appear once. To be fair to all of " student_interface="8-18flash.swf" label="Mrs. Hemingway is putting together a collection of her students' short stories to send to parents and teachers. Due to printing costs, she can only choose 5 stories to go into the first collection and each story can only appear once. To be fair to all of " name="Stories" student_interface_class="" tutor_flag="tutor" team_role="0">
      <Skills>
        <Skill category="8-18-permutations" occurrences="23" name="idenNextPossible"/>
        <Skill category="8-17-permutations-and-combinations1" occurrences="4" name="find-outcome"/>
        <Skill category="8-17-permutations-and-combinations1" occurrences="4" name="find-outcome-expression"/>
        <Skill category="8-17-permutations-and-combinations1" occurrences="1" name="given-entered"/>
      </Skills>
    </Problem>
  </Problems>
  <Categories>
    <Collection category="" description="Released Problem Sets" parent_category="" label="Released Problem Sets" parent_name="" name="general"/>
    <Standard category="standard" description="PA Assessment Anchors" parent_category="" label="PA Assessment Anchors" parent_name="" name="PA"/>
    <Standard category="standard" description="NCTM Curriculum Focal Points" parent_category="" label="NCTM Curriculum Focal Points" parent_name="" name="NCTM"/>
    <Standard category="standard" description="Common Core Standards" parent_category="" label="Common Core Standards" parent_name="" name="CommonCore"/>
    <Standard category="standard" description="Student Standards" parent_category="" label="Problem Set Categories" parent_name="" name="Student"/>
    <Grade category="" description="6th Grade" parent_category="" label="6th Grade" parent_name="" name="6"/>
    <Grade category="" description="7th Grade" parent_category="" label="7th Grade" parent_name="" name="7"/>
    <Grade category="" description="8th Grade" parent_category="" label="8th Grade" parent_name="" name="8"/>
    <Standard category="reporting_category" description="E. Data Analysis and Probability" parent_category="standard" label="E. Data Analysis and Probability" parent_name="PA" name="PA.E"/>
    <Standard category="assessment_anchor" description="E.3. Understand and apply basic concepts of probability." parent_category="reporting_category" label="E.3. Concepts of Probability" parent_name="PA.E" name="PA.E.3"/>
    <Standard category="strand" description="A. Numbers and Operations" parent_category="standard" label="A. Numbers and Operations" parent_name="NCTM" name="NCTM.A"/>
    <Standard category="grade_level" description="7th Grade" parent_category="standard" label="7th Grade" parent_name="CommonCore" name="CommonCore.7"/>
    <Standard category="strand" description="7.SP. Statistics and Probability" parent_category="grade_level" label="7.SP. Statistics and Probability" parent_name="CommonCore.7" name="CommonCore.7.SP"/>
    <Standard category="strand" description="Permutations and Combinations" parent_category="standard" label="Permutations and Combinations" parent_name="Student" name="Student.PC"/>
  </Categories>
  <Skills>
    <Skill category="8-17-permutations-and-combinations1" pKnown="0.25" description="Enter given" pLearn="0.2" label="Enter given" name="given-entered" pGuess="0.2" pSlip="0.1"/>
    <Skill category="8-17-permutations-and-combinations1" pKnown="0.25" description="Find outcome" pLearn="0.2" label="Find outcome" name="find-outcome" pGuess="0.2" pSlip="0.1"/>
    <Skill category="8-17-permutations-and-combinations1" pKnown="0.25" description="Find outcome expression" pLearn="0.2" label="Find outcome expression" name="find-outcome-expression" pGuess="0.2" pSlip="0.1"/>
    <Skill category="8-18-permutations" pKnown="0.25" description="Identify number of next choice of possibility" pLearn="0.2" label="Identify number of next choice of possibility" name="idenNextPossible" pGuess="0.2" pSlip="0.1"/>
  </Skills>
  <Assets>
  </Assets>
</ProblemSet>
