<?xml version="1.0" encoding="UTF-8"?>
<ProblemSet initial_sequence="0" selection_algorithm="sequential" max_count="1000" description="Asks student to interpret data in a graph and transfer that data to a table." max_repeat="1" label="7.05 Graph Interpretation I" team_size="1" name="7.05" picture="">
  <Problems>
    <Problem selection_features="" problem_file="faded1.brd" description="Flying to Seattle" student_interface="7.05_interface_commImage.swf" label="Flying to Seattle" name="Flying" student_interface_class="" tutor_flag="tutor" team_role="0">
      <Skills>
        <Skill category="Graph-Interpretation" occurrences="1" name="Given-x-value-Identify-y-value"/>
        <Skill category="Graph-Interpretation" occurrences="1" name="Identify-unit-measure-for-Independent-variable"/>
        <Skill category="Graph-Interpretation" occurrences="1" name="Identify-Dependent-Variable"/>
        <Skill category="Graph-Interpretation" occurrences="1" name="Enter-a-given-x-value"/>
        <Skill category="Graph-Interpretation" occurrences="1" name="Enter-a-given-y-value"/>
        <Skill category="Graph-Interpretation" occurrences="1" name="Given-y-value-Identify-x-value"/>
        <Skill category="Graph-Interpretation" occurrences="1" name="Identify-unit-measure-for-Dependent-variable"/>
        <Skill category="Graph-Interpretation" occurrences="1" name="Identify-Independent-Variable"/>
      </Skills>
    </Problem>
    <Problem selection_features="" problem_file="faded2.brd" description="Buying sodas" student_interface="7.05_interface_commImage.swf" label="Buying sodas" name="Sodas" student_interface_class="" tutor_flag="tutor" team_role="0">
      <Skills>
        <Skill category="Graph-Interpretation" occurrences="1" name="Given-x-value-Identify-y-value"/>
        <Skill category="Graph-Interpretation" occurrences="1" name="Identify-unit-measure-for-Independent-variable"/>
        <Skill category="Graph-Interpretation" occurrences="1" name="Identify-Dependent-Variable"/>
        <Skill category="Graph-Interpretation" occurrences="1" name="Given-y-value-Identify-x-value"/>
        <Skill category="Graph-Interpretation" occurrences="1" name="Enter-a-given-x-value"/>
        <Skill category="Graph-Interpretation" occurrences="1" name="Enter-a-given-y-value"/>
        <Skill category="Graph-Interpretation" occurrences="1" name="Identify-unit-measure-for-Dependent-variable"/>
        <Skill category="Graph-Interpretation" occurrences="1" name="Identify-Independent-Variable"/>
      </Skills>
    </Problem>
    <Problem selection_features="" problem_file="faded3.brd" description="Weightlifting program" student_interface="7.05_interface_commImage.swf" label="Weightlifting program" name="Weights" student_interface_class="" tutor_flag="tutor" team_role="0">
      <Skills>
        <Skill category="Graph-Interpretation" occurrences="1" name="Given-x-value-Identify-y-value"/>
        <Skill category="Graph-Interpretation" occurrences="1" name="Identify-unit-measure-for-Independent-variable"/>
        <Skill category="Graph-Interpretation" occurrences="1" name="Identify-Dependent-Variable"/>
        <Skill category="Graph-Interpretation" occurrences="1" name="Given-y-value-Identify-x-value"/>
        <Skill category="Graph-Interpretation" occurrences="1" name="Enter-a-given-x-value"/>
        <Skill category="Graph-Interpretation" occurrences="1" name="Enter-a-given-y-value"/>
        <Skill category="Graph-Interpretation" occurrences="1" name="Identify-unit-measure-for-Dependent-variable"/>
        <Skill category="Graph-Interpretation" occurrences="1" name="Identify-Independent-Variable"/>
      </Skills>
    </Problem>
    <Problem selection_features="" problem_file="Problem1.brd" description="Pizza party" student_interface="7.05_interface_commImage.swf" label="Pizza party" name="Pizzas" student_interface_class="" tutor_flag="tutor" team_role="0">
      <Skills>
        <Skill category="Graph-Interpretation" occurrences="1" name="Given-x-value-Identify-y-value"/>
        <Skill category="Graph-Interpretation" occurrences="1" name="Identify-unit-measure-for-Independent-variable"/>
        <Skill category="Graph-Interpretation" occurrences="1" name="Identify-Dependent-Variable"/>
        <Skill category="Graph-Interpretation" occurrences="1" name="Given-y-value-Identify-x-value"/>
        <Skill category="Graph-Interpretation" occurrences="1" name="Enter-a-given-x-value"/>
        <Skill category="Graph-Interpretation" occurrences="1" name="Enter-a-given-y-value"/>
        <Skill category="Graph-Interpretation" occurrences="1" name="Identify-unit-measure-for-Dependent-variable"/>
        <Skill category="Graph-Interpretation" occurrences="1" name="Identify-Independent-Variable"/>
      </Skills>
    </Problem>
    <Problem selection_features="" problem_file="Problem2.brd" description="Pizza party" student_interface="7.05_interface_commImage.swf" label="Pizza party" name="Fruit" student_interface_class="" tutor_flag="tutor" team_role="0">
      <Skills>
        <Skill category="Graph-Interpretation" occurrences="1" name="Given-x-value-Identify-y-value"/>
        <Skill category="Graph-Interpretation" occurrences="1" name="Identify-unit-measure-for-Independent-variable"/>
        <Skill category="Graph-Interpretation" occurrences="1" name="Identify-Dependent-Variable"/>
        <Skill category="Graph-Interpretation" occurrences="1" name="Given-y-value-Identify-x-value"/>
        <Skill category="Graph-Interpretation" occurrences="1" name="Enter-a-given-x-value"/>
        <Skill category="Graph-Interpretation" occurrences="1" name="Enter-a-given-y-value"/>
        <Skill category="Graph-Interpretation" occurrences="1" name="Identify-unit-measure-for-Dependent-variable"/>
        <Skill category="Graph-Interpretation" occurrences="1" name="Identify-Independent-Variable"/>
      </Skills>
    </Problem>
    <Problem selection_features="" problem_file="Problem3.brd" description="Pizza party" student_interface="7.05_interface_commImage.swf" label="Pizza party" name="Computer" student_interface_class="" tutor_flag="tutor" team_role="0">
      <Skills>
        <Skill category="Graph-Interpretation" occurrences="1" name="Given-x-value-Identify-y-value"/>
        <Skill category="Graph-Interpretation" occurrences="1" name="Identify-unit-measure-for-Independent-variable"/>
        <Skill category="Graph-Interpretation" occurrences="1" name="Identify-Dependent-Variable"/>
        <Skill category="Graph-Interpretation" occurrences="1" name="Enter-a-given-x-value"/>
        <Skill category="Graph-Interpretation" occurrences="1" name="Given-y-value-Identify-x-value"/>
        <Skill category="Graph-Interpretation" occurrences="1" name="Enter-a-given-y-value"/>
        <Skill category="Graph-Interpretation" occurrences="1" name="Identify-unit-measure-for-Dependent-variable"/>
        <Skill category="Graph-Interpretation" occurrences="1" name="Identify-Independent-Variable"/>
      </Skills>
    </Problem>
    <Problem selection_features="" problem_file="Problem4.brd" description="Pizza party" student_interface="7.05_interface_commImage.swf" label="Pizza party" name="Shirts" student_interface_class="" tutor_flag="tutor" team_role="0">
      <Skills>
        <Skill category="Graph-Interpretation" occurrences="1" name="Given-x-value-Identify-y-value"/>
        <Skill category="Graph-Interpretation" occurrences="1" name="Identify-unit-measure-for-Independent-variable"/>
        <Skill category="Graph-Interpretation" occurrences="1" name="Identify-Dependent-Variable"/>
        <Skill category="Graph-Interpretation" occurrences="1" name="Given-y-value-Identify-x-value"/>
        <Skill category="Graph-Interpretation" occurrences="1" name="Enter-a-given-x-value"/>
        <Skill category="Graph-Interpretation" occurrences="1" name="Enter-a-given-y-value"/>
        <Skill category="Graph-Interpretation" occurrences="1" name="Identify-unit-measure-for-Dependent-variable"/>
        <Skill category="Graph-Interpretation" occurrences="1" name="Identify-Independent-Variable"/>
      </Skills>
    </Problem>
  </Problems>
  <Categories>
    <Collection category="" description="Released Problem Sets" parent_category="" label="Released Problem Sets" parent_name="" name="general"/>
    <Standard category="standard" description="PA Assessment Anchors" parent_category="" label="PA Assessment Anchors" parent_name="" name="PA"/>
    <Standard category="standard" description="NCTM Curriculum Focal Points" parent_category="" label="NCTM Curriculum Focal Points" parent_name="" name="NCTM"/>
    <Standard category="standard" description="Common Core Standards" parent_category="" label="Common Core Standards" parent_name="" name="CommonCore"/>
    <Standard category="standard" description="Student Standards" parent_category="" label="Problem Set Categories" parent_name="" name="Student"/>
    <Grade category="" description="5th Grade" parent_category="" label="5th Grade" parent_name="" name="5"/>
    <Grade category="" description="6th Grade" parent_category="" label="6th Grade" parent_name="" name="6"/>
    <Grade category="" description="7th Grade" parent_category="" label="7th Grade" parent_name="" name="7"/>
    <Standard category="reporting_category" description="D. Algebraic Concepts" parent_category="standard" label="D. Algebraic Concepts" parent_name="PA" name="PA.D"/>
    <Standard category="assessment_anchor" description="D.3. Analyze change in various contexts." parent_category="reporting_category" label="D.3. Analyze Change" parent_name="PA.D" name="PA.D.3"/>
    <Standard category="strand" description="B. Algebra" parent_category="standard" label="B. Algebra" parent_name="NCTM" name="NCTM.B"/>
    <Standard category="grade_level" description="5th grade" parent_category="standard" label="5th Grade" parent_name="CommonCore" name="CommonCore.5"/>
    <Standard category="strand" description="5.G. Geometry" parent_category="grade_level" label="5.G. Geometry" parent_name="CommonCore.5" name="CommonCore.5.G"/>
    <Standard category="strand" description="Working with Graphs" parent_category="standard" label="Working with Graphs" parent_name="Student" name="Student.WG"/>
  </Categories>
  <Skills>
    <Skill category="Graph-Interpretation" pKnown="0.25" description="Enter A Given X Value" pLearn="0.2" label="Enter A Given X Value" name="Enter-a-given-x-value" pGuess="0.2" pSlip="0.1"/>
    <Skill category="Graph-Interpretation" pKnown="0.25" description="Enter A Given Y Value" pLearn="0.2" label="Enter A Given Y Value" name="Enter-a-given-y-value" pGuess="0.2" pSlip="0.1"/>
    <Skill category="Graph-Interpretation" pKnown="0.25" description="Given X Value Identify Y Value" pLearn="0.2" label="Given X Value Identify Y Value" name="Given-x-value-Identify-y-value" pGuess="0.2" pSlip="0.1"/>
    <Skill category="Graph-Interpretation" pKnown="0.25" description="Given Y Value Identify X Value" pLearn="0.2" label="Given Y Value Identify X Value" name="Given-y-value-Identify-x-value" pGuess="0.2" pSlip="0.1"/>
    <Skill category="Graph-Interpretation" pKnown="0.25" description="Identify Dependent Variable" pLearn="0.2" label="Identify Dependent Variable" name="Identify-Dependent-Variable" pGuess="0.2" pSlip="0.1"/>
    <Skill category="Graph-Interpretation" pKnown="0.25" description="Identify Independent Variable" pLearn="0.2" label="Identify Independent Variable" name="Identify-Independent-Variable" pGuess="0.2" pSlip="0.1"/>
    <Skill category="Graph-Interpretation" pKnown="0.25" description="Identify Unit Measure For Dependent Variable" pLearn="0.2" label="Identify Unit Measure For Dependent Variable" name="Identify-unit-measure-for-Dependent-variable" pGuess="0.2" pSlip="0.1"/>
    <Skill category="Graph-Interpretation" pKnown="0.25" description="Identify Unit Measure For Independent Variable" pLearn="0.2" label="Identify Unit Measure For Independent Variable" name="Identify-unit-measure-for-Independent-variable" pGuess="0.2" pSlip="0.1"/>
  </Skills>
  <Assets>
  </Assets>
</ProblemSet>
