<?xml version="1.0" encoding="UTF-8"?>
<ProblemSet initial_sequence="0" selection_algorithm="sequential" max_count="1000" description="Provides context to demonstrate ratios and asks student to determine corresponding fractions, percents, and decimals." max_repeat="1" label="7.16 Percents" team_size="1" name="7.16" picture="">
  <Problems>
    <Problem selection_features="" problem_file="faded2.brd" description="Walking through a strange forest you encounter a lot of magical creatures." student_interface="7.16_interface.swf" label="Walking through a strange forest you encounter a lot of magical creatures." name="Creatures" student_interface_class="" tutor_flag="tutor" team_role="0">
      <Skills>
        <Skill category="Percents" occurrences="4" name="Enter-As-Percent"/>
        <Skill category="Percents" occurrences="4" name="Enter-As-Decimal"/>
        <Skill category="Percents" occurrences="1" name="Done"/>
        <Skill category="Percents" occurrences="4" name="Enter-Unreduced-Ratio"/>
        <Skill category="Percents" occurrences="4" name="Enter-Reduced-Fraction"/>
        <Skill category="Percents" occurrences="4" name="Count-Target-Items"/>
        <Skill category="Percents" occurrences="4" name="Count-Total-Items"/>
        <Skill category="Percents" occurrences="4" name="Enter-As-Fraction-Out-100"/>
      </Skills>
    </Problem>
    <Problem selection_features="" problem_file="faded3.brd" description="At Felipe's Ristorant Italiano, they serve many authentic Italian dishes." student_interface="7.16_interface.swf" label="At Felipe's Ristorant Italiano, they serve many authentic Italian dishes." name="Felipe" student_interface_class="" tutor_flag="tutor" team_role="0">
      <Skills>
        <Skill category="Percents" occurrences="4" name="Enter-As-Percent"/>
        <Skill category="Percents" occurrences="4" name="Enter-As-Decimal"/>
        <Skill category="Percents" occurrences="1" name="Done"/>
        <Skill category="Percents" occurrences="4" name="Enter-Unreduced-Ratio"/>
        <Skill category="Percents" occurrences="4" name="Enter-Reduced-Fraction"/>
        <Skill category="Percents" occurrences="4" name="Count-Target-Items"/>
        <Skill category="Percents" occurrences="4" name="Count-Total-Items"/>
        <Skill category="Percents" occurrences="4" name="Enter-As-Fraction-Out-100"/>
      </Skills>
    </Problem>
    <Problem selection_features="" problem_file="Problem1.brd" description="Lea teaches freshman Chemistry at the university." student_interface="7.16_interface.swf" label="Lea teaches freshman Chemistry at the university." name="Lea" student_interface_class="" tutor_flag="tutor" team_role="0">
      <Skills>
        <Skill category="Percents" occurrences="4" name="Enter-As-Percent"/>
        <Skill category="Percents" occurrences="4" name="Enter-As-Decimal"/>
        <Skill category="Percents" occurrences="1" name="Done"/>
        <Skill category="Percents" occurrences="4" name="Enter-Unreduced-Ratio"/>
        <Skill category="Percents" occurrences="4" name="Enter-Reduced-Fraction"/>
        <Skill category="Percents" occurrences="4" name="Count-Target-Items"/>
        <Skill category="Percents" occurrences="4" name="Count-Total-Items"/>
        <Skill category="Percents" occurrences="4" name="Enter-As-Fraction-Out-100"/>
      </Skills>
    </Problem>
    <Problem selection_features="" problem_file="Problem2.brd" description="Katie participates in every fundraiser during the year for band." student_interface="7.16_interface.swf" label="Katie participates in every fundraiser during the year for band." name="Katie" student_interface_class="" tutor_flag="tutor" team_role="0">
      <Skills>
        <Skill category="Percents" occurrences="4" name="Enter-As-Percent"/>
        <Skill category="Percents" occurrences="4" name="Enter-As-Decimal"/>
        <Skill category="Percents" occurrences="1" name="Done"/>
        <Skill category="Percents" occurrences="4" name="Enter-Unreduced-Ratio"/>
        <Skill category="Percents" occurrences="4" name="Enter-Reduced-Fraction"/>
        <Skill category="Percents" occurrences="4" name="Count-Target-Items"/>
        <Skill category="Percents" occurrences="4" name="Count-Total-Items"/>
        <Skill category="Percents" occurrences="4" name="Enter-As-Fraction-Out-100"/>
      </Skills>
    </Problem>
    <Problem selection_features="" problem_file="Problem3.brd" description="The senior class at John Smith High School has ordered 400 balloons for the prom." student_interface="7.16_interface.swf" label="The senior class at John Smith High School has ordered 400 balloons for the prom." name="Balloons" student_interface_class="" tutor_flag="tutor" team_role="0">
      <Skills>
        <Skill category="Percents" occurrences="4" name="Enter-As-Percent"/>
        <Skill category="Percents" occurrences="4" name="Enter-As-Decimal"/>
        <Skill category="Percents" occurrences="1" name="Done"/>
        <Skill category="Percents" occurrences="4" name="Enter-Unreduced-Ratio"/>
        <Skill category="Percents" occurrences="4" name="Enter-Reduced-Fraction"/>
        <Skill category="Percents" occurrences="4" name="Count-Target-Items"/>
        <Skill category="Percents" occurrences="4" name="Count-Total-Items"/>
        <Skill category="Percents" occurrences="4" name="Enter-As-Fraction-Out-100"/>
      </Skills>
    </Problem>
    <Problem selection_features="" problem_file="Problem4.brd" description="The girl's basketball team at Amberson High School has a sell-out crowd for the playoff game." student_interface="7.16_interface.swf" label="The girl's basketball team at Amberson High School has a sell-out crowd for the playoff game." name="Gym" student_interface_class="" tutor_flag="tutor" team_role="0">
      <Skills>
        <Skill category="Percents" occurrences="4" name="Enter-As-Percent"/>
        <Skill category="Percents" occurrences="4" name="Enter-As-Decimal"/>
        <Skill category="Percents" occurrences="1" name="Done"/>
        <Skill category="Percents" occurrences="4" name="Enter-Unreduced-Ratio"/>
        <Skill category="Percents" occurrences="4" name="Enter-Reduced-Fraction"/>
        <Skill category="Percents" occurrences="4" name="Count-Target-Items"/>
        <Skill category="Percents" occurrences="4" name="Count-Total-Items"/>
        <Skill category="Percents" occurrences="4" name="Enter-As-Fraction-Out-100"/>
      </Skills>
    </Problem>
    <Problem selection_features="" problem_file="Problem5.brd" description="Miss Gogoi is shopping for a new car." student_interface="7.16_interface.swf" label="Miss Gogoi is shopping for a new car." name="Cars" student_interface_class="" tutor_flag="tutor" team_role="0">
      <Skills>
        <Skill category="Percents" occurrences="4" name="Enter-As-Percent"/>
        <Skill category="Percents" occurrences="4" name="Enter-As-Decimal"/>
        <Skill category="Percents" occurrences="1" name="Done"/>
        <Skill category="Percents" occurrences="4" name="Enter-Unreduced-Ratio"/>
        <Skill category="Percents" occurrences="4" name="Enter-Reduced-Fraction"/>
        <Skill category="Percents" occurrences="4" name="Count-Target-Items"/>
        <Skill category="Percents" occurrences="4" name="Count-Total-Items"/>
        <Skill category="Percents" occurrences="4" name="Enter-As-Fraction-Out-100"/>
      </Skills>
    </Problem>
  </Problems>
  <Categories>
    <Collection category="" description="Released Problem Sets" parent_category="" label="Released Problem Sets" parent_name="" name="general"/>
    <Standard category="standard" description="PA Assessment Anchors" parent_category="" label="PA Assessment Anchors" parent_name="" name="PA"/>
    <Standard category="standard" description="NCTM Curriculum Focal Points" parent_category="" label="NCTM Curriculum Focal Points" parent_name="" name="NCTM"/>
    <Standard category="standard" description="Common Core Standards" parent_category="" label="Common Core Standards" parent_name="" name="CommonCore"/>
    <Standard category="standard" description="Student Standards" parent_category="" label="Problem Set Categories" parent_name="" name="Student"/>
    <Grade category="" description="7th Grade" parent_category="" label="7th Grade" parent_name="" name="7"/>
    <Standard category="reporting_category" description="A. Numbers and Operations" parent_category="standard" label="A. Numbers and Operations" parent_name="PA" name="PA.A"/>
    <Standard category="assessment_anchor" description="A.1. Demonstrate an understanding of numbers, ways of representing numbers, relationships among numbers, and number systems." parent_category="reporting_category" label="A.1. Numbers: Representations, Relationships and Systems" parent_name="PA.A" name="PA.A.1"/>
    <Standard category="strand" description="A. Numbers and Operations" parent_category="standard" label="A. Numbers and Operations" parent_name="NCTM" name="NCTM.A"/>
    <Standard category="grade_level" description="7th Grade" parent_category="standard" label="7th Grade" parent_name="CommonCore" name="CommonCore.7"/>
    <Standard category="strand" description="7.NS. The Number System" parent_category="grade_level" label="7.NS. The Number System" parent_name="CommonCore.7" name="CommonCore.7.NS"/>
    <Standard category="strand" description="Student.Fdpp" parent_category="standard" label="Student.Fdpp" parent_name="Student" name="Student.FDPP"/>
  </Categories>
  <Skills>
    <Skill category="Percents" pKnown="0.25" description="Count Target Items" pLearn="0.2" label="Count Target Items" name="Count-Target-Items" pGuess="0.2" pSlip="0.1"/>
    <Skill category="Percents" pKnown="0.25" description="Count Total Items" pLearn="0.2" label="Count Total Items" name="Count-Total-Items" pGuess="0.2" pSlip="0.1"/>
    <Skill category="Percents" pKnown="0.25" description="Done" pLearn="0.2" label="Done" name="Done" pGuess="0.2" pSlip="0.1"/>
    <Skill category="Percents" pKnown="0.25" description="Enter As Decimal" pLearn="0.2" label="Enter As Decimal" name="Enter-As-Decimal" pGuess="0.2" pSlip="0.1"/>
    <Skill category="Percents" pKnown="0.25" description="Enter As Fraction Out 100" pLearn="0.2" label="Enter As Fraction Out 100" name="Enter-As-Fraction-Out-100" pGuess="0.2" pSlip="0.1"/>
    <Skill category="Percents" pKnown="0.25" description="Enter As Percent" pLearn="0.2" label="Enter As Percent" name="Enter-As-Percent" pGuess="0.2" pSlip="0.1"/>
    <Skill category="Percents" pKnown="0.25" description="Enter Reduced Fraction" pLearn="0.2" label="Enter Reduced Fraction" name="Enter-Reduced-Fraction" pGuess="0.2" pSlip="0.1"/>
    <Skill category="Percents" pKnown="0.25" description="Enter Unreduced Ratio" pLearn="0.2" label="Enter Unreduced Ratio" name="Enter-Unreduced-Ratio" pGuess="0.2" pSlip="0.1"/>
  </Skills>
  <Assets>
  </Assets>
</ProblemSet>
