<?xml version="1.0" encoding="UTF-8"?>
<ProblemSet initial_sequence="0" selection_algorithm="sequential" max_count="1000" description="Gives student a variable and an expression, and then asks student to apply that information to solve for different scenarios and values of the variable." max_repeat="1" label="6.02 Variables, Expressions, and Values" team_size="1" name="6.02" picture="">
  <Problems>
    <Problem selection_features="" problem_file="Problem1.brd" description="The website CDs-R-Us sells music CDs. You can buy as many CDs as you want each time you order." student_interface="6.02_interface.swf" label="The website CDs-R-Us sells music CDs. You can buy as many CDs as you want each time you order." name="CDs-R-Us" student_interface_class="" tutor_flag="tutor" team_role="0">
      <Skills>
        <Skill category="6.02_VariablesExpressionsandValues" occurrences="4" name="x-value"/>
        <Skill category="6.02_VariablesExpressionsandValues" occurrences="4" name="y-value"/>
      </Skills>
    </Problem>
    <Problem selection_features="" problem_file="Problem2.brd" description="Andy borrowed money from his parents to buy the new Space Rider video game. To pay them back, Andy decides to walk dogs for his neighbors during the summer. He hopes the summer job will also give him some extra spending money." student_interface="6.02_interface.swf" label="Andy borrowed money from his parents to buy the new Space Rider video game. To pay them back, Andy decides to walk dogs for his neighbors during the summer. He hopes the summer job will also give him some extra spending money." name="Andy's Summer Job" student_interface_class="" tutor_flag="tutor" team_role="0">
      <Skills>
        <Skill category="6.02_VariablesExpressionsandValues" occurrences="4" name="x-value"/>
        <Skill category="6.02_VariablesExpressionsandValues" occurrences="4" name="y-value"/>
      </Skills>
    </Problem>
    <Problem selection_features="" problem_file="Problem3.brd" description="The class Halloween part is coming up and Alice wants to bring in pumpkin cookies as gits for her classmates and her teacher, Miss Bird." student_interface="6.02_interface.swf" label="The class Halloween part is coming up and Alice wants to bring in pumpkin cookies as gits for her classmates and her teacher, Miss Bird." name="Halloween Cookies" student_interface_class="" tutor_flag="tutor" team_role="0">
      <Skills>
        <Skill category="6.02_VariablesExpressionsandValues" occurrences="4" name="x-value"/>
        <Skill category="6.02_VariablesExpressionsandValues" occurrences="4" name="y-value"/>
      </Skills>
    </Problem>
    <Problem selection_features="" problem_file="Problem4.brd" description="Danny wants to buy his mom a bottle of her favorite perfume for her birthday, but doesn't have quite enough money in his piggy bank for the gift." student_interface="6.02_interface.swf" label="Danny wants to buy his mom a bottle of her favorite perfume for her birthday, but doesn't have quite enough money in his piggy bank for the gift." name="Danny Perfume" student_interface_class="" tutor_flag="tutor" team_role="0">
      <Skills>
        <Skill category="6.02_VariablesExpressionsandValues" occurrences="4" name="x-value"/>
        <Skill category="6.02_VariablesExpressionsandValues" occurrences="4" name="y-value"/>
      </Skills>
    </Problem>
    <Problem selection_features="" problem_file="Problem5.brd" description="Wonder World, a local amusement park, just opened for the season and Emily's class is taking an all-day field trip there. Emily's parents buy her enough tickets in advance to get into the park and go on as many rides as she wants." student_interface="6.02_interface.swf" label="Wonder World, a local amusement park, just opened for the season and Emily's class is taking an all-day field trip there. Emily's parents buy her enough tickets in advance to get into the park and go on as many rides as she wants." name="Emily in Wonder World" student_interface_class="" tutor_flag="tutor" team_role="0">
      <Skills>
        <Skill category="6.02_VariablesExpressionsandValues" occurrences="4" name="x-value"/>
        <Skill category="6.02_VariablesExpressionsandValues" occurrences="4" name="y-value"/>
      </Skills>
    </Problem>
    <Problem selection_features="" problem_file="Problem6.brd" description="The students in Mr. Whistler's art class want to enter the city-wide art competition. Not only will it be fun to work together on a big project, but a big check goes to the winning group. Mr. Whistler borrows from the class funds to pay for the brushes, p" student_interface="6.02_interface.swf" label="The students in Mr. Whistler's art class want to enter the city-wide art competition. Not only will it be fun to work together on a big project, but a big check goes to the winning group. Mr. Whistler borrows from the class funds to pay for the brushes, p" name="Art Competition" student_interface_class="" tutor_flag="tutor" team_role="0">
      <Skills>
        <Skill category="6.02_VariablesExpressionsandValues" occurrences="4" name="x-value"/>
        <Skill category="6.02_VariablesExpressionsandValues" occurrences="4" name="y-value"/>
      </Skills>
    </Problem>
    <Problem selection_features="" problem_file="Problem7.brd" description="Susie has a bad habit of spending all of the money her parents give her for her allowance, and now she wants to try to save some of it. She gathers up all of the money she has and puts it in a piggy bank. She decides to put a portion of her allowance into" student_interface="6.02_interface.swf" label="Susie has a bad habit of spending all of the money her parents give her for her allowance, and now she wants to try to save some of it. She gathers up all of the money she has and puts it in a piggy bank. She decides to put a portion of her allowance into" name="Susie's Spending" student_interface_class="" tutor_flag="tutor" team_role="0">
      <Skills>
        <Skill category="6.02_VariablesExpressionsandValues" occurrences="4" name="x-value"/>
        <Skill category="6.02_VariablesExpressionsandValues" occurrences="4" name="y-value"/>
      </Skills>
    </Problem>
    <Problem selection_features="" problem_file="Problem8.brd" description="A raffle is being held at Mark's school, with the grand prize being a very large amount of money. Mark borrows money from his brother to purchase a book of tickets for the raffle and, being the good friend that he is, offers to share his winnings with his" student_interface="6.02_interface.swf" label="A raffle is being held at Mark's school, with the grand prize being a very large amount of money. Mark borrows money from his brother to purchase a book of tickets for the raffle and, being the good friend that he is, offers to share his winnings with his" name="Raffle" student_interface_class="" tutor_flag="tutor" team_role="0">
      <Skills>
        <Skill category="6.02_VariablesExpressionsandValues" occurrences="4" name="x-value"/>
        <Skill category="6.02_VariablesExpressionsandValues" occurrences="4" name="y-value"/>
      </Skills>
    </Problem>
    <Problem selection_features="" problem_file="Problem9.brd" description="Beth's Sunshine Cadet troop is selling boxes of chocolate. The money raised from the sale will go into the troop's charity fund, to be given to the local children's hospital." student_interface="6.02_interface.swf" label="Beth's Sunshine Cadet troop is selling boxes of chocolate. The money raised from the sale will go into the troop's charity fund, to be given to the local children's hospital." name="Sunshine Cadets" student_interface_class="" tutor_flag="tutor" team_role="0">
      <Skills>
        <Skill category="6.02_VariablesExpressionsandValues" occurrences="4" name="x-value"/>
        <Skill category="6.02_VariablesExpressionsandValues" occurrences="4" name="y-value"/>
      </Skills>
    </Problem>
    <Problem selection_features="" problem_file="Problem10.brd" description="Bobby has been collecting baseball cards for as long as he can remember, and now he has more cards than anyone he knows. Because his collection is so large, Bobby decides to share any cards he gets for his birthday with his brothers." student_interface="6.02_interface.swf" label="Bobby has been collecting baseball cards for as long as he can remember, and now he has more cards than anyone he knows. Because his collection is so large, Bobby decides to share any cards he gets for his birthday with his brothers." name="Baseball Cards" student_interface_class="" tutor_flag="tutor" team_role="0">
      <Skills>
        <Skill category="6.02_VariablesExpressionsandValues" occurrences="4" name="x-value"/>
        <Skill category="6.02_VariablesExpressionsandValues" occurrences="4" name="y-value"/>
      </Skills>
    </Problem>
  </Problems>
  <Categories>
    <Collection category="" description="Released Problem Sets" parent_category="" label="Released Problem Sets" parent_name="" name="general"/>
    <Standard category="standard" description="PA Assessment Anchors" parent_category="" label="PA Assessment Anchors" parent_name="" name="PA"/>
    <Standard category="standard" description="NCTM Curriculum Focal Points" parent_category="" label="NCTM Curriculum Focal Points" parent_name="" name="NCTM"/>
    <Standard category="standard" description="Common Core Standards" parent_category="" label="Common Core Standards" parent_name="" name="CommonCore"/>
    <Standard category="standard" description="Student Standards" parent_category="" label="Problem Set Categories" parent_name="" name="Student"/>
    <Grade category="" description="6th Grade" parent_category="" label="6th Grade" parent_name="" name="6"/>
    <Grade category="" description="7th Grade" parent_category="" label="7th Grade" parent_name="" name="7"/>
    <Standard category="reporting_category" description="D. Algebraic Concepts" parent_category="standard" label="D. Algebraic Concepts" parent_name="PA" name="PA.D"/>
    <Standard category="assessment_anchor" description="D.2. Represent and/or analyze mathematical situations and structures using algebraic symbols, words, tables, and graphs." parent_category="reporting_category" label="D.2. Represent Situations and Structures" parent_name="PA.D" name="PA.D.2"/>
    <Standard category="strand" description="A. Numbers and Operations" parent_category="standard" label="A. Numbers and Operations" parent_name="NCTM" name="NCTM.A"/>
    <Standard category="grade_level" description="6th Grade" parent_category="standard" label="6th Grade" parent_name="CommonCore" name="CommonCore.6"/>
    <Standard category="strand" description="6.EE. Expressions and Equations" parent_category="grade_level" label="6.EE. Expressions and Equations" parent_name="CommonCore.6" name="CommonCore.6.EE"/>
    <Standard category="strand" description="Patterns and Expressions in Tables" parent_category="standard" label="Patterns and Expressions in Tables" parent_name="Student" name="Student.PET"/>
  </Categories>
  <Skills>
    <Skill category="6.02_VariablesExpressionsandValues" pKnown="0.25" description="Calculate a Y value from an X value" pLearn="0.2" label="Calculate a Y value from an X value" name="y-value" pGuess="0.2" pSlip="0.1"/>
    <Skill category="6.02_VariablesExpressionsandValues" pKnown="0.25" description="Enter a given X value" pLearn="0.2" label="Enter a given X value" name="x-value" pGuess="0.2" pSlip="0.1"/>
  </Skills>
  <Assets>
  </Assets>
</ProblemSet>
