<?xml version="1.0" encoding="UTF-8"?>
<ProblemSet initial_sequence="0" selection_algorithm="sequential" max_count="1000" description="Requires student to solve a division problem in context and write a variable expression to represent the problem." max_repeat="1" label="6.14 Decimal Division" team_size="1" name="6.14" picture="">
  <Problems>
    <Problem selection_features="" problem_file="s2p1.brd" description="Problem description" student_interface="6_14.swf" label="Problem description" name="cookies" student_interface_class="" tutor_flag="tutor" team_role="0">
      <Skills>
        <Skill category="Decimal-Division" occurrences="1" name="Enter-Expression"/>
        <Skill category="Decimal-Division" occurrences="2" name="Show-Your-Work"/>
        <Skill category="Decimal-Division" occurrences="2" name="Calculate-New-Value"/>
        <Skill category="Decimal-Division" occurrences="1" name="Enter-Variable"/>
        <Skill category="Decimal-Division" occurrences="2" name="Enter-Given-Value"/>
      </Skills>
    </Problem>
    <Problem selection_features="" problem_file="s2p2.brd" description="Problem description" student_interface="6_14.swf" label="Problem description" name="swimming" student_interface_class="" tutor_flag="tutor" team_role="0">
      <Skills>
        <Skill category="Decimal-Division" occurrences="1" name="Enter-Expression"/>
        <Skill category="Decimal-Division" occurrences="2" name="Show-Your-Work"/>
        <Skill category="Decimal-Division" occurrences="2" name="Calculate-New-Value"/>
        <Skill category="Decimal-Division" occurrences="1" name="Enter-Variable"/>
        <Skill category="Decimal-Division" occurrences="2" name="Enter-Given-Value"/>
      </Skills>
    </Problem>
    <Problem selection_features="" problem_file="s2p3.brd" description="Problem description" student_interface="6_14.swf" label="Problem description" name="halloween" student_interface_class="" tutor_flag="tutor" team_role="0">
      <Skills>
        <Skill category="Decimal-Division" occurrences="1" name="Enter-Expression"/>
        <Skill category="Decimal-Division" occurrences="2" name="Show-Your-Work"/>
        <Skill category="Decimal-Division" occurrences="2" name="Calculate-New-Value"/>
        <Skill category="Decimal-Division" occurrences="1" name="Enter-Variable"/>
        <Skill category="Decimal-Division" occurrences="2" name="Enter-Given-Value"/>
      </Skills>
    </Problem>
    <Problem selection_features="" problem_file="s2p4.brd" description="Problem description" student_interface="6_14.swf" label="Problem description" name="milk" student_interface_class="" tutor_flag="tutor" team_role="0">
      <Skills>
        <Skill category="Decimal-Division" occurrences="1" name="Enter-Expression"/>
        <Skill category="Decimal-Division" occurrences="2" name="Show-Your-Work"/>
        <Skill category="Decimal-Division" occurrences="2" name="Calculate-New-Value"/>
        <Skill category="Decimal-Division" occurrences="1" name="Enter-Variable"/>
        <Skill category="Decimal-Division" occurrences="2" name="Enter-Given-Value"/>
      </Skills>
    </Problem>
  </Problems>
  <Categories>
    <Collection category="" description="Released Problem Sets" parent_category="" label="Released Problem Sets" parent_name="" name="general"/>
    <Standard category="standard" description="PA Assessment Anchors" parent_category="" label="PA Assessment Anchors" parent_name="" name="PA"/>
    <Standard category="standard" description="NCTM Curriculum Focal Points" parent_category="" label="NCTM Curriculum Focal Points" parent_name="" name="NCTM"/>
    <Standard category="standard" description="Common Core Standards" parent_category="" label="Common Core Standards" parent_name="" name="CommonCore"/>
    <Standard category="standard" description="Student Standards" parent_category="" label="Problem Set Categories" parent_name="" name="Student"/>
    <Grade category="" description="5th Grade" parent_category="" label="5th Grade" parent_name="" name="5"/>
    <Grade category="" description="6th Grade" parent_category="" label="6th Grade" parent_name="" name="6"/>
    <Standard category="reporting_category" description="A. Numbers and Operations" parent_category="standard" label="A. Numbers and Operations" parent_name="PA" name="PA.A"/>
    <Standard category="assessment_anchor" description="A.3. Compute accurately and fluently and make reasonable estimates." parent_category="reporting_category" label="A.3. Computation and Estimation" parent_name="PA.A" name="PA.A.3"/>
    <Standard category="strand" description="A. Numbers and Operations" parent_category="standard" label="A. Numbers and Operations" parent_name="NCTM" name="NCTM.A"/>
    <Standard category="grade_level" description="5th grade" parent_category="standard" label="5th Grade" parent_name="CommonCore" name="CommonCore.5"/>
    <Standard category="strand" description="5.NBT. Numbers and Operations in Base Ten" parent_category="grade_level" label="5.NBT. Numbers and Operations in Base Ten" parent_name="CommonCore.5" name="CommonCore.5.NBT"/>
    <Standard category="strand" description="Working with Decimals" parent_category="standard" label="Working with Decimals" parent_name="Student" name="Student.WD"/>
  </Categories>
  <Skills>
    <Skill category="Decimal-Division" pKnown="0.25" description="Calculate New Value" pLearn="0.2" label="Calculate New Value" name="Calculate-New-Value" pGuess="0.2" pSlip="0.1"/>
    <Skill category="Decimal-Division" pKnown="0.25" description="Enter Expression" pLearn="0.2" label="Enter Expression" name="Enter-Expression" pGuess="0.2" pSlip="0.1"/>
    <Skill category="Decimal-Division" pKnown="0.25" description="Enter Given Value" pLearn="0.2" label="Enter Given Value" name="Enter-Given-Value" pGuess="0.2" pSlip="0.1"/>
    <Skill category="Decimal-Division" pKnown="0.25" description="Enter Variable" pLearn="0.2" label="Enter Variable" name="Enter-Variable" pGuess="0.2" pSlip="0.1"/>
    <Skill category="Decimal-Division" pKnown="0.25" description="Show Your Work" pLearn="0.2" label="Show Your Work" name="Show-Your-Work" pGuess="0.2" pSlip="0.1"/>
  </Skills>
  <Assets>
  </Assets>
</ProblemSet>
