<?xml version="1.0" encoding="UTF-8"?>
<ProblemSet initial_sequence="0" selection_algorithm="sequential" max_count="1000" description="Asks student to sort shapes to analyze characteristics of angles and triangles." max_repeat="1" label="6.31 Geometric Objects" team_size="1" name="6.31" picture="">
  <Problems>
    <Problem selection_features="" problem_file="01triangle1.brd" description="What Shapes are Triangles I" student_interface="6_31.swf" label="What Shapes are Triangles I" name="01" student_interface_class="" tutor_flag="tutor" team_role="0">
      <Skills>
        <Skill category="geometric_objects" occurrences="6" name="id_triangles"/>
        <Skill category="geometric_objects" occurrences="6" name="prop_triangles"/>
      </Skills>
    </Problem>
    <Problem selection_features="" problem_file="02triangle2.brd" description="What Shapes are Triangles II" student_interface="6_31.swf" label="What Shapes are Triangles II" name="02" student_interface_class="" tutor_flag="tutor" team_role="0">
      <Skills>
        <Skill category="geometric_objects" occurrences="6" name="id_triangles"/>
        <Skill category="geometric_objects" occurrences="6" name="prop_triangles"/>
      </Skills>
    </Problem>
    <Problem selection_features="" problem_file="03isosceles.brd" description="What Shapes are Isosceles Triangles I" student_interface="6_31.swf" label="What Shapes are Isosceles Triangles I" name="03" student_interface_class="" tutor_flag="tutor" team_role="0">
      <Skills>
        <Skill category="geometric_objects" occurrences="6" name="id_isosceles"/>
        <Skill category="geometric_objects" occurrences="6" name="prop_isosceles"/>
      </Skills>
    </Problem>
    <Problem selection_features="" problem_file="04isosceles.brd" description="What Shapes are Isosceles Triangles II" student_interface="6_31.swf" label="What Shapes are Isosceles Triangles II" name="04" student_interface_class="" tutor_flag="tutor" team_role="0">
      <Skills>
        <Skill category="geometric_objects" occurrences="6" name="id_isosceles"/>
        <Skill category="geometric_objects" occurrences="6" name="prop_isosceles"/>
      </Skills>
    </Problem>
    <Problem selection_features="" problem_file="05isosceles.brd" description="What Shapes are Isosceles Triangles III" student_interface="6_31.swf" label="What Shapes are Isosceles Triangles III" name="05" student_interface_class="" tutor_flag="tutor" team_role="0">
      <Skills>
        <Skill category="geometric_objects" occurrences="6" name="id_isosceles"/>
        <Skill category="geometric_objects" occurrences="6" name="prop_isosceles"/>
      </Skills>
    </Problem>
    <Problem selection_features="" problem_file="06right.brd" description="What Angles are Right Angles I" student_interface="6_31.swf" label="What Angles are Right Angles I" name="06" student_interface_class="" tutor_flag="tutor" team_role="0">
      <Skills>
        <Skill category="geometric_objects" occurrences="6" name="id_right"/>
        <Skill category="geometric_objects" occurrences="6" name="prop_right"/>
      </Skills>
    </Problem>
    <Problem selection_features="" problem_file="07right.brd" description="What Angles are Right Angles II" student_interface="6_31.swf" label="What Angles are Right Angles II" name="07" student_interface_class="" tutor_flag="tutor" team_role="0">
      <Skills>
        <Skill category="geometric_objects" occurrences="6" name="id_right"/>
        <Skill category="geometric_objects" occurrences="6" name="prop_right"/>
      </Skills>
    </Problem>
    <Problem selection_features="" problem_file="08obtuse.brd" description="What Angles are Obtuse Angles I" student_interface="6_31.swf" label="What Angles are Obtuse Angles I" name="08" student_interface_class="" tutor_flag="tutor" team_role="0">
      <Skills>
        <Skill category="geometric_objects" occurrences="6" name="id_obtuse"/>
        <Skill category="geometric_objects" occurrences="6" name="prop_obtuse"/>
      </Skills>
    </Problem>
    <Problem selection_features="" problem_file="09obtuse.brd" description="What Angles are Obtuse Angles II" student_interface="6_31.swf" label="What Angles are Obtuse Angles II" name="09" student_interface_class="" tutor_flag="tutor" team_role="0">
      <Skills>
        <Skill category="geometric_objects" occurrences="6" name="id_obtuse"/>
        <Skill category="geometric_objects" occurrences="6" name="prop_obtuse"/>
      </Skills>
    </Problem>
    <Problem selection_features="" problem_file="10triangle3.brd" description="What Shapes are Triangles III" student_interface="6_31.swf" label="What Shapes are Triangles III" name="10" student_interface_class="" tutor_flag="tutor" team_role="0">
      <Skills>
        <Skill category="geometric_objects" occurrences="6" name="id_triangles"/>
        <Skill category="geometric_objects" occurrences="6" name="prop_triangles"/>
      </Skills>
    </Problem>
    <Problem selection_features="" problem_file="11isosceles.brd" description="What Shapes are Isosceles Triangles III" student_interface="6_31.swf" label="What Shapes are Isosceles Triangles III" name="11" student_interface_class="" tutor_flag="tutor" team_role="0">
      <Skills>
        <Skill category="geometric_objects" occurrences="6" name="id_isosceles"/>
        <Skill category="geometric_objects" occurrences="6" name="prop_isosceles"/>
      </Skills>
    </Problem>
    <Problem selection_features="" problem_file="12acute.brd" description="What Angles are Acute Angles I" student_interface="6_31.swf" label="What Angles are Acute Angles I" name="12" student_interface_class="" tutor_flag="tutor" team_role="0">
      <Skills>
        <Skill category="geometric_objects" occurrences="6" name="id_acute"/>
        <Skill category="geometric_objects" occurrences="6" name="prop_acute"/>
      </Skills>
    </Problem>
    <Problem selection_features="" problem_file="13acute.brd" description="What Angles are Acute Angles II" student_interface="6_31.swf" label="What Angles are Acute Angles II" name="13" student_interface_class="" tutor_flag="tutor" team_role="0">
      <Skills>
        <Skill category="geometric_objects" occurrences="6" name="id_acute"/>
        <Skill category="geometric_objects" occurrences="6" name="prop_acute"/>
      </Skills>
    </Problem>
    <Problem selection_features="" problem_file="14right.brd" description="What Shapes are Right Triangles I" student_interface="6_31.swf" label="What Shapes are Right Triangles I" name="14" student_interface_class="" tutor_flag="tutor" team_role="0">
      <Skills>
        <Skill category="geometric_objects" occurrences="6" name="id_right"/>
        <Skill category="geometric_objects" occurrences="6" name="prop_right"/>
      </Skills>
    </Problem>
    <Problem selection_features="" problem_file="15obtuse.brd" description="What Shapes are Obtuse Triangles I" student_interface="6_31.swf" label="What Shapes are Obtuse Triangles I" name="15" student_interface_class="" tutor_flag="tutor" team_role="0">
      <Skills>
        <Skill category="geometric_objects" occurrences="6" name="id_obtuse"/>
        <Skill category="geometric_objects" occurrences="6" name="prop_obtuse"/>
      </Skills>
    </Problem>
    <Problem selection_features="" problem_file="16acute.brd" description="What Shapes are Acute Triangles I" student_interface="6_31.swf" label="What Shapes are Acute Triangles I" name="16" student_interface_class="" tutor_flag="tutor" team_role="0">
      <Skills>
        <Skill category="geometric_objects" occurrences="6" name="id_acute"/>
        <Skill category="geometric_objects" occurrences="6" name="prop_acute"/>
      </Skills>
    </Problem>
  </Problems>
  <Categories>
    <Collection category="" description="Released Problem Sets" parent_category="" label="Released Problem Sets" parent_name="" name="general"/>
    <Standard category="standard" description="PA Assessment Anchors" parent_category="" label="PA Assessment Anchors" parent_name="" name="PA"/>
    <Standard category="standard" description="NCTM Curriculum Focal Points" parent_category="" label="NCTM Curriculum Focal Points" parent_name="" name="NCTM"/>
    <Standard category="standard" description="Common Core Standards" parent_category="" label="Common Core Standards" parent_name="" name="CommonCore"/>
    <Standard category="standard" description="Student Standards" parent_category="" label="Problem Set Categories" parent_name="" name="Student"/>
    <Grade category="" description="6th Grade" parent_category="" label="6th Grade" parent_name="" name="6"/>
    <Standard category="reporting_category" description="B. Measurement" parent_category="standard" label="B. Measurement" parent_name="PA" name="PA.B"/>
    <Standard category="assessment_anchor" description="B.2. Apply appropriate techniques, tools and formulas to determine measurements." parent_category="reporting_category" label="B.2. Techniques, Tools and Formulas" parent_name="PA.B" name="PA.B.2"/>
    <Standard category="reporting_category" description="C. Geometry" parent_category="standard" label="C. Geometry" parent_name="PA" name="PA.C"/>
    <Standard category="assessment_anchor" description="C.1. Analyze characteristics and properties of two- and three- dimensional geometric shapes and demonstrate understanding of geometric relationships." parent_category="reporting_category" label="C.1. Shapes and Relationships" parent_name="PA.C" name="PA.C.1"/>
    <Standard category="strand" description="C. Geometry" parent_category="standard" label="C. Geometry" parent_name="NCTM" name="NCTM.C"/>
    <Standard category="grade_level" description="6th Grade" parent_category="standard" label="6th Grade" parent_name="CommonCore" name="CommonCore.6"/>
    <Standard category="strand" description="6.G. Geometry" parent_category="grade_level" label="6.G. Geometry" parent_name="CommonCore.6" name="CommonCore.6.G"/>
    <Standard category="strand" description="Geometry Vocabulary and Angles" parent_category="standard" label="Geometry Vocabulary and Angles" parent_name="Student" name="Student.GVA"/>
  </Categories>
  <Skills>
    <Skill category="geometric_objects" pKnown="0.1" description="The student is able to categorize acute angles and non-acute angles" pLearn="0.1" label="Identify Acute Angles" name="id_acute" pGuess="0.5" pSlip="0.1"/>
    <Skill category="geometric_objects" pKnown="0.1" description="The student is able to categorize isosceles triangles and non-isosceles triangles" pLearn="0.075" label="Identify Isosceles Triangles" name="id_isosceles" pGuess="0.5" pSlip="0.1"/>
    <Skill category="geometric_objects" pKnown="0.1" description="The student is able to categorize obtuse angles and non-obtuse angles" pLearn="0.1" label="Identify Obtuse Angles" name="id_obtuse" pGuess="0.5" pSlip="0.1"/>
    <Skill category="geometric_objects" pKnown="0.1" description="The student is able to categorize right angles and non-right angles" pLearn="0.1" label="Identify Right Angles" name="id_right" pGuess="0.5" pSlip="0.1"/>
    <Skill category="geometric_objects" pKnown="0.1" description="The student is able to categorize triangles and non-triangles" pLearn="0.1" label="Identify Triangles" name="id_triangles" pGuess="0.5" pSlip="0.1"/>
    <Skill category="geometric_objects" pKnown="0.1" description="The students knows what the characteristics of acute angles are" pLearn="0.125" label="Properties of Acute Angles" name="prop_acute" pGuess="0.5" pSlip="0.1"/>
    <Skill category="geometric_objects" pKnown="0.1" description="The students knows what the characteristics of isosceles triangles are" pLearn="0.1" label="Properties of Isosceles Triangles" name="prop_isosceles" pGuess="0.5" pSlip="0.1"/>
    <Skill category="geometric_objects" pKnown="0.1" description="The students knows what the characteristics of obtuse angles are" pLearn="0.125" label="Properties of Obtuse Angles" name="prop_obtuse" pGuess="0.5" pSlip="0.1"/>
    <Skill category="geometric_objects" pKnown="0.1" description="The students knows what the characteristics of right angles are" pLearn="0.125" label="Properties of Right Angles" name="prop_right" pGuess="0.5" pSlip="0.1"/>
    <Skill category="geometric_objects" pKnown="0.1" description="The students knows what the characteristics of triangles are" pLearn="0.125" label="Properties of Triangles" name="prop_triangles" pGuess="0.5" pSlip="0.1"/>
  </Skills>
  <Assets>
  </Assets>
</ProblemSet>
